{"v":"5.12.2","fr":30,"ip":0,"op":90,"w":750,"h":424,"nm":"F_box_loop_output","ddd":0,"assets":[{"id":"image_0","w":314,"h":74,"u":"https://lf16-gecko-source.tiktokcdn.com/obj/byte-gurd-source-sg/musically/fe/live/tiktok_live_revenue_treasure_box/resource/lotties/images/","p":"side_tic.db439e39.png","e":0},{"id":"image_1","w":42,"h":42,"u":"https://lf16-gecko-source.tiktokcdn.com/obj/byte-gurd-source-sg/musically/fe/live/tiktok_live_revenue_treasure_box/resource/lotties/images/","p":"star.fa0a70ee.png","e":0},{"id":"image_2","w":65,"h":90,"u":"https://lf16-gecko-source.tiktokcdn.com/obj/byte-gurd-source-sg/musically/fe/live/tiktok_live_revenue_treasure_box/resource/lotties/images/","p":"box_icon_W.7ca6be60.png","e":0},{"id":"image_3","w":191,"h":88,"u":"https://lf16-gecko-source.tiktokcdn.com/obj/byte-gurd-source-sg/musically/fe/live/tiktok_live_revenue_treasure_box/resource/lotties/images/","p":"box_cover_W.da0fb096.png","e":0},{"id":"image_4","w":196,"h":84,"u":"https://lf16-gecko-source.tiktokcdn.com/obj/byte-gurd-source-sg/musically/fe/live/tiktok_live_revenue_treasure_box/resource/lotties/images/","p":"box_bottom_W.b63b20fe.png","e":0},{"id":"image_5","w":176,"h":84,"u":"https://lf16-gecko-source.tiktokcdn.com/obj/byte-gurd-source-sg/musically/fe/live/tiktok_live_revenue_treasure_box/resource/lotties/images/","p":"cover_bottom_W.9f74010f.png","e":0},{"id":"image_6","w":311,"h":31,"u":"https://lf16-gecko-source.tiktokcdn.com/obj/byte-gurd-source-sg/musically/fe/live/tiktok_live_revenue_treasure_box/resource/lotties/images/","p":"box_shadow.5b8dc1de.png","e":0},{"id":"image_7","w":60,"h":30,"u":"https://lf16-gecko-source.tiktokcdn.com/obj/byte-gurd-source-sg/musically/fe/live/tiktok_live_revenue_treasure_box/resource/lotties/images/","p":"back_tic.b6a7686c.png","e":0},{"id":"comp_0","nm":"treasure_box_loop_W","fr":30,"layers":[{"ddd":0,"ind":1,"ty":2,"nm":"side_tic.png","cl":"png","refId":"image_0","sr":1,"ks":{"o":{"a":0,"k":100,"ix":11},"r":{"a":0,"k":0,"ix":10},"p":{"a":0,"k":[377,1173,0],"ix":2,"l":2},"a":{"a":0,"k":[157,37,0],"ix":1,"l":2},"s":{"a":0,"k":[100,100,100],"ix":6,"l":2}},"ao":0,"ip":0,"op":90,"st":0,"bm":0},{"ddd":0,"ind":2,"ty":2,"nm":"star.png","cl":"png","refId":"image_1","sr":1,"ks":{"o":{"a":1,"k":[{"i":{"x":[0.511],"y":[1]},"o":{"x":[0.217],"y":[0]},"t":50,"s":[0],"e":[100]},{"i":{"x":[0.833],"y":[1]},"o":{"x":[0.439],"y":[0]},"t":63.714,"s":[100],"e":[0]},{"t":82}],"ix":11},"r":{"a":0,"k":0,"ix":10},"p":{"a":0,"k":[262.25,1159.5,0],"ix":2,"l":2},"a":{"a":0,"k":[21,21,0],"ix":1,"l":2},"s":{"a":1,"k":[{"i":{"x":[0.511,0.511,0.667],"y":[1,1,1]},"o":{"x":[0.167,0.167,0.167],"y":[0,0,0]},"t":50,"s":[30,30,100],"e":[40,40,100]},{"i":{"x":[0.636,0.636,0.578],"y":[0.685,0.685,11.468]},"o":{"x":[0.282,0.282,0.182],"y":[0,0,0]},"t":63.286,"s":[40,40,100],"e":[25,25,100]},{"i":{"x":[0.667,0.667,0.667],"y":[1,1,1]},"o":{"x":[0.336,0.336,0.344],"y":[-0.871,-0.871,-8.547]},"t":72.143,"s":[25,25,100],"e":[30,30,100]},{"t":81}],"ix":6,"l":2}},"ao":0,"ip":0,"op":133,"st":43,"bm":0},{"ddd":0,"ind":3,"ty":2,"nm":"star.png","cl":"png","refId":"image_1","sr":1,"ks":{"o":{"a":1,"k":[{"i":{"x":[0.511],"y":[1]},"o":{"x":[0.217],"y":[0]},"t":26,"s":[0],"e":[100]},{"i":{"x":[0.833],"y":[1]},"o":{"x":[0.439],"y":[0]},"t":39.714,"s":[100],"e":[0]},{"t":58}],"ix":11},"r":{"a":0,"k":0,"ix":10},"p":{"a":0,"k":[450.25,1142.5,0],"ix":2,"l":2},"a":{"a":0,"k":[21,21,0],"ix":1,"l":2},"s":{"a":1,"k":[{"i":{"x":[0.511,0.511,0.667],"y":[1,1,1]},"o":{"x":[0.167,0.167,0.167],"y":[0,0,0]},"t":26,"s":[80,80,100],"e":[100,100,100]},{"i":{"x":[0.636,0.636,0.578],"y":[0.843,0.843,11.468]},"o":{"x":[0.282,0.282,0.182],"y":[0,0,0]},"t":39.286,"s":[100,100,100],"e":[70,70,100]},{"i":{"x":[0.681,0.681,0.703],"y":[1,1,1]},"o":{"x":[0.336,0.336,0.344],"y":[-0.436,-0.436,-8.547]},"t":48.143,"s":[70,70,100],"e":[80,80,100]},{"t":57}],"ix":6,"l":2}},"ao":0,"ip":0,"op":108,"st":18,"bm":0},{"ddd":0,"ind":4,"ty":2,"nm":"star.png","cl":"png","refId":"image_1","sr":1,"ks":{"o":{"a":1,"k":[{"i":{"x":[0.511],"y":[1]},"o":{"x":[0.217],"y":[0]},"t":5,"s":[0],"e":[100]},{"i":{"x":[0.833],"y":[1]},"o":{"x":[0.439],"y":[0]},"t":18.714,"s":[100],"e":[0]},{"t":37}],"ix":11},"r":{"a":0,"k":0,"ix":10},"p":{"a":0,"k":[344.75,1068.5,0],"ix":2,"l":2},"a":{"a":0,"k":[21,21,0],"ix":1,"l":2},"s":{"a":1,"k":[{"i":{"x":[0.511,0.511,0.667],"y":[1,1,1]},"o":{"x":[0.167,0.167,0.167],"y":[0,0,0]},"t":5,"s":[80,80,100],"e":[100,100,100]},{"i":{"x":[0.636,0.636,0.578],"y":[0.843,0.843,11.469]},"o":{"x":[0.282,0.282,0.182],"y":[0,0,0]},"t":18.714,"s":[100,100,100],"e":[70,70,100]},{"i":{"x":[0.681,0.681,0.703],"y":[1,1,1]},"o":{"x":[0.336,0.336,0.344],"y":[-0.436,-0.436,-8.546]},"t":27.857,"s":[70,70,100],"e":[80,80,100]},{"t":37}],"ix":6,"l":2}},"ao":0,"ip":0,"op":90,"st":0,"bm":0},{"ddd":0,"ind":5,"ty":2,"nm":"box_icon_W.png","cl":"png","parent":7,"refId":"image_2","sr":1,"ks":{"o":{"a":0,"k":100,"ix":11},"r":{"a":0,"k":0,"ix":10},"p":{"a":1,"k":[{"i":{"x":0.667,"y":1},"o":{"x":0.333,"y":0},"t":40,"s":[95.625,12.5,0],"e":[95.625,1.052,0],"to":[0,0,0],"ti":[0,0,0]},{"i":{"x":0.667,"y":1},"o":{"x":0.333,"y":0},"t":44,"s":[95.625,1.052,0],"e":[95.625,12.5,0],"to":[0,0,0],"ti":[0,0,0]},{"t":47}],"ix":2,"l":2},"a":{"a":0,"k":[32.5,45,0],"ix":1,"l":2},"s":{"a":1,"k":[{"i":{"x":[0.667,0.667,0.667],"y":[1,1,1]},"o":{"x":[0.333,0.333,0.333],"y":[0,0,0]},"t":40,"s":[100,100,100],"e":[100,95,100]},{"i":{"x":[0.667,0.667,0.667],"y":[1,1,1]},"o":{"x":[0.333,0.333,0.333],"y":[0,0,0]},"t":44,"s":[100,95,100],"e":[100,100,100]},{"t":47}],"ix":6,"l":2}},"ao":0,"ip":0,"op":90,"st":0,"bm":0},{"ddd":0,"ind":6,"ty":2,"nm":"box_cover_W.png","cl":"png","parent":7,"refId":"image_3","sr":1,"ks":{"o":{"a":0,"k":100,"ix":11},"r":{"a":0,"k":0,"ix":10},"p":{"a":0,"k":[97,-83.75,0],"ix":2,"l":2},"a":{"a":0,"k":[95.5,0.25,0],"ix":1,"l":2},"s":{"a":1,"k":[{"i":{"x":[0.667,0.667,0.667],"y":[1,1,1]},"o":{"x":[0.333,0.333,0.333],"y":[0,0,0]},"t":40,"s":[100,100,100],"e":[100,90,100]},{"i":{"x":[0.833,0.833,0.833],"y":[1,1,1]},"o":{"x":[0.333,0.333,0.333],"y":[0,0,0]},"t":44,"s":[100,90,100],"e":[100,100,100]},{"t":47}],"ix":6,"l":2}},"ao":0,"ip":0,"op":90,"st":0,"bm":0},{"ddd":0,"ind":7,"ty":2,"nm":"box_bottom_W.png","cl":"png","refId":"image_4","sr":1,"ks":{"o":{"a":0,"k":100,"ix":11},"r":{"a":0,"k":0,"ix":10},"p":{"a":0,"k":[373.5,1183.5,0],"ix":2,"l":2},"a":{"a":0,"k":[98,84.424,0],"ix":1,"l":2},"s":{"a":1,"k":[{"i":{"x":[0.667,0.667,0.667],"y":[1,1,1]},"o":{"x":[0.333,0.333,0.333],"y":[0,0,0]},"t":15,"s":[100,100,100],"e":[100,103,100]},{"i":{"x":[0.667,0.667,0.667],"y":[1,0.712,1]},"o":{"x":[0.333,0.333,0.333],"y":[0,0,0]},"t":18,"s":[100,103,100],"e":[100,98,100]},{"i":{"x":[0.667,0.667,0.667],"y":[1,1,1]},"o":{"x":[0.333,0.333,0.333],"y":[0,-0.48,0]},"t":21,"s":[100,98,100],"e":[100,100,100]},{"i":{"x":[0.667,0.667,0.667],"y":[1,1,1]},"o":{"x":[0.333,0.333,0.333],"y":[0,0,0]},"t":23,"s":[100,100,100],"e":[100,100,100]},{"i":{"x":[0.667,0.667,0.667],"y":[1,1,1]},"o":{"x":[0.333,0.333,0.333],"y":[0,0,0]},"t":27,"s":[100,100,100],"e":[100,105,100]},{"i":{"x":[0.667,0.667,0.667],"y":[1,0.794,1]},"o":{"x":[0.333,0.333,0.333],"y":[0,0,0]},"t":30,"s":[100,105,100],"e":[100,98,100]},{"i":{"x":[0.667,0.667,0.667],"y":[1,1,1]},"o":{"x":[0.333,0.333,0.333],"y":[0,-0.48,0]},"t":33,"s":[100,98,100],"e":[100,100,100]},{"i":{"x":[0.667,0.667,0.667],"y":[1,1,1]},"o":{"x":[0.333,0.333,0.333],"y":[0,0,0]},"t":35,"s":[100,100,100],"e":[100,100,100]},{"i":{"x":[0.667,0.667,0.667],"y":[1,1,1]},"o":{"x":[0.333,0.333,0.333],"y":[0,0,0]},"t":39,"s":[100,100,100],"e":[100,106,100]},{"i":{"x":[0.667,0.667,0.667],"y":[1,0.82,1]},"o":{"x":[0.333,0.333,0.333],"y":[0,0,0]},"t":42,"s":[100,106,100],"e":[100,98,100]},{"i":{"x":[0.667,0.667,0.667],"y":[1,1,1]},"o":{"x":[0.333,0.333,0.333],"y":[0,-0.48,0]},"t":45,"s":[100,98,100],"e":[100,100,100]},{"t":47}],"ix":6,"l":2}},"ao":0,"ip":0,"op":90,"st":0,"bm":0},{"ddd":0,"ind":8,"ty":2,"nm":"cover_bottom_W.png","cl":"png","refId":"image_5","sr":1,"ks":{"o":{"a":0,"k":100,"ix":11},"r":{"a":0,"k":0,"ix":10},"p":{"a":0,"k":[372,1103,0],"ix":2,"l":2},"a":{"a":0,"k":[88,84,0],"ix":1,"l":2},"s":{"a":0,"k":[100,20,100],"ix":6,"l":2}},"ao":0,"ip":15,"op":105,"st":15,"bm":0},{"ddd":0,"ind":9,"ty":2,"nm":"box_shadow.png","cl":"png","refId":"image_6","sr":1,"ks":{"o":{"a":0,"k":100,"ix":11},"r":{"a":0,"k":0,"ix":10},"p":{"a":0,"k":[375,1176,0],"ix":2,"l":2},"a":{"a":0,"k":[155.5,12.056,0],"ix":1,"l":2},"s":{"a":1,"k":[{"i":{"x":[0.667,0.667,0.667],"y":[1,1,1]},"o":{"x":[0.333,0.333,0.333],"y":[0,0,0]},"t":15,"s":[100,100,100],"e":[102,102,100]},{"i":{"x":[0.667,0.667,0.667],"y":[1,1,1]},"o":{"x":[0.333,0.333,0.333],"y":[0,0,0]},"t":18,"s":[102,102,100],"e":[98,98,100]},{"i":{"x":[0.667,0.667,0.667],"y":[1,1,1]},"o":{"x":[0.333,0.333,0.333],"y":[0,0,0]},"t":21,"s":[98,98,100],"e":[100,100,100]},{"i":{"x":[0.667,0.667,0.667],"y":[1,1,1]},"o":{"x":[0.333,0.333,0.333],"y":[0,0,0]},"t":23,"s":[100,100,100],"e":[100,100,100]},{"i":{"x":[0.667,0.667,0.667],"y":[1,1,1]},"o":{"x":[0.333,0.333,0.333],"y":[0,0,0]},"t":27,"s":[100,100,100],"e":[103,103,100]},{"i":{"x":[0.667,0.667,0.667],"y":[1,1,1]},"o":{"x":[0.333,0.333,0.333],"y":[0,0,0]},"t":30,"s":[103,103,100],"e":[98,98,100]},{"i":{"x":[0.667,0.667,0.667],"y":[1,1,1]},"o":{"x":[0.333,0.333,0.333],"y":[0,0,0]},"t":33,"s":[98,98,100],"e":[100,100,100]},{"i":{"x":[0.667,0.667,0.667],"y":[1,1,1]},"o":{"x":[0.333,0.333,0.333],"y":[0,0,0]},"t":35,"s":[100,100,100],"e":[100,100,100]},{"i":{"x":[0.667,0.667,0.667],"y":[1,1,1]},"o":{"x":[0.333,0.333,0.333],"y":[0,0,0]},"t":39,"s":[100,100,100],"e":[103,103,100]},{"i":{"x":[0.667,0.667,0.667],"y":[1,1,1]},"o":{"x":[0.333,0.333,0.333],"y":[0,0,0]},"t":42,"s":[103,103,100],"e":[98,98,100]},{"i":{"x":[0.667,0.667,0.667],"y":[1,1,1]},"o":{"x":[0.333,0.333,0.333],"y":[0,0,0]},"t":45,"s":[98,98,100],"e":[100,100,100]},{"t":47}],"ix":6,"l":2}},"ao":0,"ip":0,"op":90,"st":0,"bm":0},{"ddd":0,"ind":10,"ty":2,"nm":"back_tic.png","cl":"png","refId":"image_7","sr":1,"ks":{"o":{"a":0,"k":100,"ix":11},"r":{"a":0,"k":0,"ix":10},"p":{"a":0,"k":[273,1162.5,0],"ix":2,"l":2},"a":{"a":0,"k":[30,15,0],"ix":1,"l":2},"s":{"a":0,"k":[100,100,100],"ix":6,"l":2}},"ao":0,"ip":0,"op":90,"st":0,"bm":0}]}],"layers":[{"ddd":0,"ind":1,"ty":0,"nm":"treasure_box_loop_W","refId":"comp_0","sr":1,"ks":{"o":{"a":0,"k":100,"ix":11},"r":{"a":0,"k":0,"ix":10},"p":{"a":0,"k":[375,18,0],"ix":2,"l":2},"a":{"a":0,"k":[375.5,812,0],"ix":1,"l":2},"s":{"a":0,"k":[100,100,100],"ix":6,"l":2}},"ao":0,"w":751,"h":1624,"ip":0,"op":90,"st":0,"bm":0}],"markers":[],"props":{}}