{"v":"5.12.2","fr":30,"ip":0,"op":60,"w":750,"h":424,"nm":"light_open_with_coins_output","ddd":0,"assets":[{"id":"image_0","w":56,"h":58,"u":"https://lf16-gecko-source.tiktokcdn.com/obj/byte-gurd-source-sg/musically/fe/live/tiktok_live_revenue_treasure_box/resource/lotties/images/","p":"stand_coin.7d003bc7.png","e":0},{"id":"image_1","w":28,"h":16,"u":"https://lf16-gecko-source.tiktokcdn.com/obj/byte-gurd-source-sg/musically/fe/live/tiktok_live_revenue_treasure_box/resource/lotties/images/","p":"left_coin2.80ccf52b.png","e":0},{"id":"image_2","w":53,"h":35,"u":"https://lf16-gecko-source.tiktokcdn.com/obj/byte-gurd-source-sg/musically/fe/live/tiktok_live_revenue_treasure_box/resource/lotties/images/","p":"right_coin.1d44eda3.png","e":0},{"id":"image_3","w":53,"h":53,"u":"https://lf16-gecko-source.tiktokcdn.com/obj/byte-gurd-source-sg/musically/fe/live/tiktok_live_revenue_treasure_box/resource/lotties/images/","p":"star.f17a0ecc.png","e":0},{"id":"image_4","w":66,"h":56,"u":"https://lf16-gecko-source.tiktokcdn.com/obj/byte-gurd-source-sg/musically/fe/live/tiktok_live_revenue_treasure_box/resource/lotties/images/","p":"icon2.11ec6fd3.png","e":0},{"id":"image_5","w":77,"h":68,"u":"https://lf16-gecko-source.tiktokcdn.com/obj/byte-gurd-source-sg/musically/fe/live/tiktok_live_revenue_treasure_box/resource/lotties/images/","p":"icon.78348f11.png","e":0},{"id":"image_6","w":190,"h":88,"u":"https://lf16-gecko-source.tiktokcdn.com/obj/byte-gurd-source-sg/musically/fe/live/tiktok_live_revenue_treasure_box/resource/lotties/images/","p":"cover.886c9e8e.png","e":0},{"id":"image_7","w":195,"h":84,"u":"https://lf16-gecko-source.tiktokcdn.com/obj/byte-gurd-source-sg/musically/fe/live/tiktok_live_revenue_treasure_box/resource/lotties/images/","p":"bottom.d46f4896.png","e":0},{"id":"image_8","w":18,"h":18,"u":"https://lf16-gecko-source.tiktokcdn.com/obj/byte-gurd-source-sg/musically/fe/live/tiktok_live_revenue_treasure_box/resource/lotties/images/","p":"diamond_shine2.8fc7b591.png","e":0},{"id":"image_9","w":9,"h":9,"u":"https://lf16-gecko-source.tiktokcdn.com/obj/byte-gurd-source-sg/musically/fe/live/tiktok_live_revenue_treasure_box/resource/lotties/images/","p":"diamond_shine.3f883b81.png","e":0},{"id":"image_10","w":37,"h":35,"u":"https://lf16-gecko-source.tiktokcdn.com/obj/byte-gurd-source-sg/musically/fe/live/tiktok_live_revenue_treasure_box/resource/lotties/images/","p":"Diamond_pink.35479729.png","e":0},{"id":"image_11","w":48,"h":48,"u":"https://lf16-gecko-source.tiktokcdn.com/obj/byte-gurd-source-sg/musically/fe/live/tiktok_live_revenue_treasure_box/resource/lotties/images/","p":"Diamond_5.98000d2e.png","e":0},{"id":"image_12","w":102,"h":65,"u":"https://lf16-gecko-source.tiktokcdn.com/obj/byte-gurd-source-sg/musically/fe/live/tiktok_live_revenue_treasure_box/resource/lotties/images/","p":"coins_right.e7c26636.png","e":0},{"id":"image_13","w":222,"h":69,"u":"https://lf16-gecko-source.tiktokcdn.com/obj/byte-gurd-source-sg/musically/fe/live/tiktok_live_revenue_treasure_box/resource/lotties/images/","p":"coins_mask.86b5afa8.png","e":0},{"id":"image_14","w":108,"h":73,"u":"https://lf16-gecko-source.tiktokcdn.com/obj/byte-gurd-source-sg/musically/fe/live/tiktok_live_revenue_treasure_box/resource/lotties/images/","p":"coins_left2.8b38ea3d.png","e":0},{"id":"image_15","w":38,"h":39,"u":"https://lf16-gecko-source.tiktokcdn.com/obj/byte-gurd-source-sg/musically/fe/live/tiktok_live_revenue_treasure_box/resource/lotties/images/","p":"Diamond_4.cad7b11c.png","e":0},{"id":"image_16","w":43,"h":43,"u":"https://lf16-gecko-source.tiktokcdn.com/obj/byte-gurd-source-sg/musically/fe/live/tiktok_live_revenue_treasure_box/resource/lotties/images/","p":"Diamond_3.ad31d2c8.png","e":0},{"id":"image_17","w":75,"h":75,"u":"https://lf16-gecko-source.tiktokcdn.com/obj/byte-gurd-source-sg/musically/fe/live/tiktok_live_revenue_treasure_box/resource/lotties/images/","p":"Diamond_blue.ebcfcfc9.png","e":0},{"id":"image_18","w":90,"h":90,"u":"https://lf16-gecko-source.tiktokcdn.com/obj/byte-gurd-source-sg/musically/fe/live/tiktok_live_revenue_treasure_box/resource/lotties/images/","p":"coins_left3.1227f040.png","e":0},{"id":"image_19","w":134,"h":132,"u":"https://lf16-gecko-source.tiktokcdn.com/obj/byte-gurd-source-sg/musically/fe/live/tiktok_live_revenue_treasure_box/resource/lotties/images/","p":"light1.6d340631.png","e":0},{"id":"image_20","w":157,"h":162,"u":"https://lf16-gecko-source.tiktokcdn.com/obj/byte-gurd-source-sg/musically/fe/live/tiktok_live_revenue_treasure_box/resource/lotties/images/","p":"light2.48cafbbd.png","e":0},{"id":"image_21","w":176,"h":84,"u":"https://lf16-gecko-source.tiktokcdn.com/obj/byte-gurd-source-sg/musically/fe/live/tiktok_live_revenue_treasure_box/resource/lotties/images/","p":"cover_bottom.fbbd9e7a.png","e":0},{"id":"image_22","w":181,"h":42,"u":"https://lf16-gecko-source.tiktokcdn.com/obj/byte-gurd-source-sg/musically/fe/live/tiktok_live_revenue_treasure_box/resource/lotties/images/","p":"cover_top.8a8f5f10.png","e":0},{"id":"image_23","w":45,"h":26,"u":"https://lf16-gecko-source.tiktokcdn.com/obj/byte-gurd-source-sg/musically/fe/live/tiktok_live_revenue_treasure_box/resource/lotties/images/","p":"coin_left.c8efd805.png","e":0},{"id":"image_24","w":311,"h":31,"u":"https://lf16-gecko-source.tiktokcdn.com/obj/byte-gurd-source-sg/musically/fe/live/tiktok_live_revenue_treasure_box/resource/lotties/images/","p":"shadow.35912218.png","e":0},{"id":"image_25","w":520,"h":496,"u":"https://lf16-gecko-source.tiktokcdn.com/obj/byte-gurd-source-sg/musically/fe/live/tiktok_live_revenue_treasure_box/resource/lotties/images/","p":"circle_light.3658bdb2.png","e":0},{"id":"comp_0","nm":"light_Open_with_coins 2","fr":30,"layers":[{"ddd":0,"ind":1,"ty":2,"nm":"stand_coin.png","cl":"png","refId":"image_0","sr":1,"ks":{"o":{"a":0,"k":100,"ix":11},"r":{"a":0,"k":0,"ix":10},"p":{"a":1,"k":[{"i":{"x":0.225,"y":0.989},"o":{"x":0.333,"y":0},"t":12,"s":[484.5,1159.125,0],"e":[484.5,1150.125,0],"to":[0,0,0],"ti":[0,0,0]},{"i":{"x":0.667,"y":1},"o":{"x":0.702,"y":0},"t":16,"s":[484.5,1150.125,0],"e":[484.5,1159.125,0],"to":[0,0,0],"ti":[0,0,0]},{"t":20}],"ix":2,"l":2},"a":{"a":0,"k":[28,29,0],"ix":1,"l":2},"s":{"a":0,"k":[100,100,100],"ix":6,"l":2}},"ao":0,"ip":0,"op":60,"st":0,"bm":0},{"ddd":0,"ind":2,"ty":2,"nm":"left_coin2.png","cl":"png","refId":"image_1","sr":1,"ks":{"o":{"a":0,"k":100,"ix":11},"r":{"a":1,"k":[{"i":{"x":[0.667],"y":[1]},"o":{"x":[0.333],"y":[0]},"t":15,"s":[0],"e":[17]},{"i":{"x":[0.667],"y":[1]},"o":{"x":[0.333],"y":[0]},"t":20,"s":[17],"e":[-2]},{"i":{"x":[0.833],"y":[1]},"o":{"x":[0.167],"y":[0]},"t":23,"s":[-2],"e":[9]},{"i":{"x":[0.833],"y":[1]},"o":{"x":[0.167],"y":[0]},"t":25,"s":[9],"e":[0]},{"t":28}],"ix":10},"p":{"a":1,"k":[{"i":{"x":0.667,"y":1},"o":{"x":0.333,"y":0},"t":13,"s":[232.5,1171.875,0],"e":[232.5,1156.875,0],"to":[0,0,0],"ti":[0,0,0]},{"i":{"x":0.667,"y":1},"o":{"x":0.333,"y":0},"t":19,"s":[232.5,1156.875,0],"e":[232.5,1171.875,0],"to":[0,0,0],"ti":[0,0,0]},{"i":{"x":0.667,"y":1},"o":{"x":0.333,"y":0},"t":24,"s":[232.5,1171.875,0],"e":[232.5,1169.375,0],"to":[0,0,0],"ti":[0,0,0]},{"i":{"x":0.667,"y":1},"o":{"x":0.333,"y":0},"t":26,"s":[232.5,1169.375,0],"e":[232.5,1171.875,0],"to":[0,0,0],"ti":[0,0,0]},{"t":28}],"ix":2,"l":2},"a":{"a":0,"k":[14,8,0],"ix":1,"l":2},"s":{"a":0,"k":[100,100,100],"ix":6,"l":2}},"ao":0,"ip":0,"op":60,"st":0,"bm":0},{"ddd":0,"ind":3,"ty":2,"nm":"right_coin.png","cl":"png","refId":"image_2","sr":1,"ks":{"o":{"a":0,"k":100,"ix":11},"r":{"a":1,"k":[{"i":{"x":[0.667],"y":[1]},"o":{"x":[0.333],"y":[0]},"t":14,"s":[0],"e":[17]},{"i":{"x":[0.667],"y":[1]},"o":{"x":[0.333],"y":[0]},"t":17,"s":[17],"e":[-2]},{"i":{"x":[0.833],"y":[1]},"o":{"x":[0.167],"y":[0]},"t":20,"s":[-2],"e":[-4]},{"i":{"x":[0.833],"y":[1]},"o":{"x":[0.167],"y":[0]},"t":22,"s":[-4],"e":[0]},{"t":24}],"ix":10},"p":{"a":1,"k":[{"i":{"x":0.667,"y":1},"o":{"x":0.333,"y":0},"t":12,"s":[513,1167.5,0],"e":[513,1157.5,0],"to":[0,0,0],"ti":[0,0,0]},{"i":{"x":0.667,"y":1},"o":{"x":0.333,"y":0},"t":16,"s":[513,1157.5,0],"e":[513,1167.5,0],"to":[0,0,0],"ti":[0,0,0]},{"i":{"x":0.667,"y":1},"o":{"x":0.333,"y":0},"t":20,"s":[513,1167.5,0],"e":[513,1165,0],"to":[0,0,0],"ti":[0,0,0]},{"i":{"x":0.667,"y":1},"o":{"x":0.333,"y":0},"t":22,"s":[513,1165,0],"e":[513,1167.5,0],"to":[0,0,0],"ti":[0,0,0]},{"t":24}],"ix":2,"l":2},"a":{"a":0,"k":[26.5,17.5,0],"ix":1,"l":2},"s":{"a":0,"k":[100,100,100],"ix":6,"l":2}},"ao":0,"ip":0,"op":60,"st":0,"bm":0},{"ddd":0,"ind":4,"ty":2,"nm":"star.png","cl":"png","refId":"image_3","sr":1,"ks":{"o":{"a":0,"k":100,"ix":11},"r":{"a":1,"k":[{"i":{"x":[0.833],"y":[0.833]},"o":{"x":[0.167],"y":[0.167]},"t":17,"s":[-42],"e":[77]},{"t":38}],"ix":10},"p":{"a":0,"k":[251.75,1157.75,0],"ix":2,"l":2},"a":{"a":0,"k":[26.5,26.5,0],"ix":1,"l":2},"s":{"a":1,"k":[{"i":{"x":[0.511,0.511,0.667],"y":[1,1,1]},"o":{"x":[0.167,0.167,0.167],"y":[0,0,0]},"t":18,"s":[0,0,100],"e":[30,30,100]},{"i":{"x":[0.833,0.833,0.833],"y":[1,1,1]},"o":{"x":[0.282,0.282,0.182],"y":[0,0,0]},"t":27,"s":[30,30,100],"e":[0,0,100]},{"t":37}],"ix":6,"l":2}},"ao":0,"ip":16,"op":60,"st":5,"bm":0},{"ddd":0,"ind":5,"ty":2,"nm":"star.png","cl":"png","refId":"image_3","sr":1,"ks":{"o":{"a":0,"k":100,"ix":11},"r":{"a":0,"k":0,"ix":10},"p":{"a":0,"k":[441.5,1129.25,0],"ix":2,"l":2},"a":{"a":0,"k":[26.5,26.5,0],"ix":1,"l":2},"s":{"a":1,"k":[{"i":{"x":[0.511,0.511,0.667],"y":[1,1,1]},"o":{"x":[0.167,0.167,0.167],"y":[0,0,0]},"t":18,"s":[0,0,100],"e":[32,32,100]},{"i":{"x":[0.833,0.833,0.833],"y":[1,1,1]},"o":{"x":[0.282,0.282,0.182],"y":[0,0,0]},"t":31,"s":[32,32,100],"e":[0,0,100]},{"t":45}],"ix":6,"l":2}},"ao":0,"ip":17,"op":60,"st":12,"bm":0},{"ddd":0,"ind":6,"ty":2,"nm":"star.png","cl":"png","refId":"image_3","sr":1,"ks":{"o":{"a":0,"k":100,"ix":11},"r":{"a":0,"k":0,"ix":10},"p":{"a":0,"k":[452,1145,0],"ix":2,"l":2},"a":{"a":0,"k":[26.5,26.5,0],"ix":1,"l":2},"s":{"a":1,"k":[{"i":{"x":[0.511,0.511,0.667],"y":[1,1,1]},"o":{"x":[0.167,0.167,0.167],"y":[0,0,0]},"t":28,"s":[0,0,100],"e":[85,85,100]},{"i":{"x":[0.833,0.833,0.833],"y":[1,1,1]},"o":{"x":[0.282,0.282,0.182],"y":[0,0,0]},"t":41,"s":[85,85,100],"e":[0,0,100]},{"t":55}],"ix":6,"l":2}},"ao":0,"ip":28,"op":60,"st":22,"bm":0},{"ddd":0,"ind":7,"ty":2,"nm":"star.png","cl":"png","refId":"image_3","sr":1,"ks":{"o":{"a":0,"k":100,"ix":11},"r":{"a":1,"k":[{"i":{"x":[0.833],"y":[0.833]},"o":{"x":[0.167],"y":[0.167]},"t":23,"s":[-42],"e":[-1]},{"i":{"x":[0.833],"y":[0.833]},"o":{"x":[0.167],"y":[0.167]},"t":36,"s":[-1],"e":[77]},{"t":50}],"ix":10},"p":{"a":0,"k":[340,1060,0],"ix":2,"l":2},"a":{"a":0,"k":[26.5,26.5,0],"ix":1,"l":2},"s":{"a":1,"k":[{"i":{"x":[0.511,0.511,0.667],"y":[1,1,1]},"o":{"x":[0.167,0.167,0.167],"y":[0,0,0]},"t":23,"s":[0,0,100],"e":[120,120,100]},{"i":{"x":[0.833,0.833,0.833],"y":[1,1,1]},"o":{"x":[0.282,0.282,0.182],"y":[0,0,0]},"t":36,"s":[120,120,100],"e":[0,0,100]},{"t":50}],"ix":6,"l":2}},"ao":0,"ip":22,"op":60,"st":9,"bm":0},{"ddd":0,"ind":8,"ty":2,"nm":"star.png","cl":"png","refId":"image_3","sr":1,"ks":{"o":{"a":0,"k":100,"ix":11},"r":{"a":1,"k":[{"i":{"x":[0.833],"y":[0.833]},"o":{"x":[0.167],"y":[0.167]},"t":17,"s":[-42],"e":[77]},{"t":38}],"ix":10},"p":{"a":0,"k":[318.75,1039.25,0],"ix":2,"l":2},"a":{"a":0,"k":[26.5,26.5,0],"ix":1,"l":2},"s":{"a":1,"k":[{"i":{"x":[0.511,0.511,0.667],"y":[1,1,1]},"o":{"x":[0.167,0.167,0.167],"y":[0,0,0]},"t":18,"s":[0,0,100],"e":[30,30,100]},{"i":{"x":[0.833,0.833,0.833],"y":[1,1,1]},"o":{"x":[0.282,0.282,0.182],"y":[0,0,0]},"t":27,"s":[30,30,100],"e":[0,0,100]},{"t":37}],"ix":6,"l":2}},"ao":0,"ip":16,"op":60,"st":5,"bm":0},{"ddd":0,"ind":9,"ty":2,"nm":"star.png","cl":"png","refId":"image_3","sr":1,"ks":{"o":{"a":0,"k":100,"ix":11},"r":{"a":1,"k":[{"i":{"x":[0.833],"y":[0.833]},"o":{"x":[0.167],"y":[0.167]},"t":10,"s":[-42],"e":[21]},{"i":{"x":[0.833],"y":[0.833]},"o":{"x":[0.167],"y":[0.167]},"t":23,"s":[21],"e":[77]},{"t":37}],"ix":10},"p":{"a":0,"k":[415.5,1047.5,0],"ix":2,"l":2},"a":{"a":0,"k":[26.5,26.5,0],"ix":1,"l":2},"s":{"a":1,"k":[{"i":{"x":[0.511,0.511,0.667],"y":[1,1,1]},"o":{"x":[0.167,0.167,0.167],"y":[0,0,0]},"t":10,"s":[0,0,100],"e":[60,60,100]},{"i":{"x":[0.833,0.833,0.833],"y":[1,1,1]},"o":{"x":[0.282,0.282,0.182],"y":[0,0,0]},"t":23,"s":[60,60,100],"e":[0,0,100]},{"t":37}],"ix":6,"l":2}},"ao":0,"ip":10,"op":60,"st":4,"bm":0},{"ddd":0,"ind":10,"ty":2,"nm":"icon2.png","cl":"png","refId":"image_4","sr":1,"ks":{"o":{"a":0,"k":100,"ix":11},"r":{"a":0,"k":0,"ix":10},"p":{"a":1,"k":[{"i":{"x":0.833,"y":0.833},"o":{"x":0.167,"y":0.167},"t":13,"s":[372.338,999.526,0],"e":[372.338,1018.035,0],"to":[0,0,0],"ti":[0,0,0]},{"i":{"x":0.833,"y":0.833},"o":{"x":0.167,"y":0.167},"t":14,"s":[372.338,1018.035,0],"e":[372.338,1018.032,0],"to":[0,0,0],"ti":[0,0,0]},{"i":{"x":0.833,"y":0.833},"o":{"x":0.167,"y":0.167},"t":15,"s":[372.338,1018.032,0],"e":[372.338,1014.026,0],"to":[0,0,0],"ti":[0,0,0]},{"t":16}],"ix":2,"l":2},"a":{"a":0,"k":[33,28,0],"ix":1,"l":2},"s":{"a":1,"k":[{"i":{"x":[0.833,0.833,0.833],"y":[0.833,0.833,0.833]},"o":{"x":[0.167,0.167,0.167],"y":[0.167,0.167,0.167]},"t":13,"s":[100,90,100],"e":[100,100,100]},{"t":16}],"ix":6,"l":2}},"ao":0,"ip":13,"op":60,"st":0,"bm":0},{"ddd":0,"ind":11,"ty":2,"nm":"icon.png","cl":"png","parent":12,"refId":"image_5","sr":1,"ks":{"o":{"a":0,"k":100,"ix":11},"r":{"a":0,"k":0,"ix":10},"p":{"a":1,"k":[{"i":{"x":0.833,"y":0.833},"o":{"x":0.167,"y":0.167},"t":9,"s":[93.625,86.5,0],"e":[93.625,68.905,0],"to":[0,0,0],"ti":[0,0,0]},{"t":12}],"ix":2,"l":2},"a":{"a":0,"k":[38.5,34,0],"ix":1,"l":2},"s":{"a":0,"k":[100,100,100],"ix":6,"l":2}},"ao":0,"ip":0,"op":13,"st":0,"bm":0},{"ddd":0,"ind":12,"ty":2,"nm":"cover.png","cl":"png","parent":13,"refId":"image_6","sr":1,"ks":{"o":{"a":0,"k":100,"ix":11},"r":{"a":0,"k":0,"ix":10},"p":{"a":0,"k":[97,-85.75,0],"ix":2,"l":2},"a":{"a":0,"k":[95,0.25,0],"ix":1,"l":2},"s":{"a":1,"k":[{"i":{"x":[0.833,0.833,0.833],"y":[0.833,0.833,0.833]},"o":{"x":[0.167,0.167,0.167],"y":[0.167,0.167,0.167]},"t":10,"s":[100,100,100],"e":[100,43,100]},{"t":13}],"ix":6,"l":2}},"ao":0,"ip":0,"op":13,"st":0,"bm":0},{"ddd":0,"ind":13,"ty":2,"nm":"bottom.png","cl":"png","refId":"image_7","sr":1,"ks":{"o":{"a":0,"k":100,"ix":11},"r":{"a":0,"k":0,"ix":10},"p":{"a":0,"k":[373,1183.5,0],"ix":2,"l":2},"a":{"a":0,"k":[97.5,84.424,0],"ix":1,"l":2},"s":{"a":1,"k":[{"i":{"x":[0.667,0.667,0.667],"y":[1,1,1]},"o":{"x":[0.333,0.333,0.333],"y":[0,0,0]},"t":6,"s":[100,100,100],"e":[100,85,100]},{"i":{"x":[0.667,0.667,0.667],"y":[1,1,1]},"o":{"x":[0.333,0.333,0.333],"y":[0,0,0]},"t":9,"s":[100,85,100],"e":[100,115,100]},{"i":{"x":[0.667,0.667,0.667],"y":[1,0.779,1]},"o":{"x":[0.333,0.333,0.333],"y":[0,0,0]},"t":12,"s":[100,115,100],"e":[100,98,100]},{"i":{"x":[0.667,0.667,0.667],"y":[1,1,1]},"o":{"x":[0.333,0.333,0.333],"y":[0,-1.875,0]},"t":14,"s":[100,98,100],"e":[100,100,100]},{"t":16}],"ix":6,"l":2}},"ao":0,"ip":0,"op":60,"st":0,"bm":0},{"ddd":0,"ind":14,"ty":2,"nm":"diamond_shine2.png","cl":"png","parent":15,"refId":"image_8","sr":1,"ks":{"o":{"a":0,"k":100,"ix":11},"r":{"a":1,"k":[{"i":{"x":[0.833],"y":[0.833]},"o":{"x":[0.167],"y":[0.167]},"t":24,"s":[-42],"e":[-1]},{"i":{"x":[0.833],"y":[0.833]},"o":{"x":[0.167],"y":[0.167]},"t":37,"s":[-1],"e":[77]},{"t":51}],"ix":10},"p":{"a":0,"k":[375,1086.5,0],"ix":2,"l":2},"a":{"a":0,"k":[9,9,0],"ix":1,"l":2},"s":{"a":1,"k":[{"i":{"x":[0.511,0.511,0.667],"y":[1,1,1]},"o":{"x":[0.167,0.167,0.167],"y":[0,0,0]},"t":24,"s":[0,0,100],"e":[100,100,100]},{"i":{"x":[0.833,0.833,0.833],"y":[1,1,1]},"o":{"x":[0.282,0.282,0.182],"y":[0,0,0]},"t":37,"s":[100,100,100],"e":[0,0,100]},{"t":51}],"ix":6,"l":2}},"ao":0,"ip":24,"op":51,"st":1,"bm":0},{"ddd":0,"ind":15,"ty":2,"nm":"diamond_shine.png","cl":"png","refId":"image_9","sr":1,"ks":{"o":{"a":0,"k":100,"ix":11},"r":{"a":1,"k":[{"i":{"x":[0.833],"y":[0.833]},"o":{"x":[0.167],"y":[0.167]},"t":24,"s":[-42],"e":[-1]},{"i":{"x":[0.833],"y":[0.833]},"o":{"x":[0.167],"y":[0.167]},"t":37,"s":[-1],"e":[77]},{"t":51}],"ix":10},"p":{"a":0,"k":[431.75,1064.25,0],"ix":2,"l":2},"a":{"a":0,"k":[4.5,4.5,0],"ix":1,"l":2},"s":{"a":1,"k":[{"i":{"x":[0.511,0.511,0.667],"y":[1,1,1]},"o":{"x":[0.167,0.167,0.167],"y":[0,0,0]},"t":24,"s":[0,0,100],"e":[130,130,100]},{"i":{"x":[0.833,0.833,0.833],"y":[1,1,1]},"o":{"x":[0.282,0.282,0.182],"y":[0,0,0]},"t":37,"s":[130,130,100],"e":[0,0,100]},{"t":51}],"ix":6,"l":2}},"ao":0,"ip":24,"op":51,"st":1,"bm":0},{"ddd":0,"ind":16,"ty":2,"nm":"diamond_shine2.png","cl":"png","parent":17,"refId":"image_8","sr":1,"ks":{"o":{"a":0,"k":100,"ix":11},"r":{"a":1,"k":[{"i":{"x":[0.833],"y":[0.833]},"o":{"x":[0.167],"y":[0.167]},"t":20,"s":[-42],"e":[-1]},{"i":{"x":[0.833],"y":[0.833]},"o":{"x":[0.167],"y":[0.167]},"t":33,"s":[-1],"e":[77]},{"t":47}],"ix":10},"p":{"a":0,"k":[375,1086.5,0],"ix":2,"l":2},"a":{"a":0,"k":[9,9,0],"ix":1,"l":2},"s":{"a":1,"k":[{"i":{"x":[0.511,0.511,0.667],"y":[1,1,1]},"o":{"x":[0.167,0.167,0.167],"y":[0,0,0]},"t":20,"s":[0,0,100],"e":[100,100,100]},{"i":{"x":[0.833,0.833,0.833],"y":[1,1,1]},"o":{"x":[0.282,0.282,0.182],"y":[0,0,0]},"t":33,"s":[100,100,100],"e":[0,0,100]},{"t":47}],"ix":6,"l":2}},"ao":0,"ip":20,"op":47,"st":-3,"bm":0},{"ddd":0,"ind":17,"ty":2,"nm":"diamond_shine.png","cl":"png","refId":"image_9","sr":1,"ks":{"o":{"a":0,"k":100,"ix":11},"r":{"a":1,"k":[{"i":{"x":[0.833],"y":[0.833]},"o":{"x":[0.167],"y":[0.167]},"t":20,"s":[-42],"e":[-1]},{"i":{"x":[0.833],"y":[0.833]},"o":{"x":[0.167],"y":[0.167]},"t":33,"s":[-1],"e":[77]},{"t":47}],"ix":10},"p":{"a":0,"k":[327.5,1066.25,0],"ix":2,"l":2},"a":{"a":0,"k":[4.5,4.5,0],"ix":1,"l":2},"s":{"a":1,"k":[{"i":{"x":[0.511,0.511,0.667],"y":[1,1,1]},"o":{"x":[0.167,0.167,0.167],"y":[0,0,0]},"t":20,"s":[0,0,100],"e":[100,100,100]},{"i":{"x":[0.833,0.833,0.833],"y":[1,1,1]},"o":{"x":[0.282,0.282,0.182],"y":[0,0,0]},"t":33,"s":[100,100,100],"e":[0,0,100]},{"t":47}],"ix":6,"l":2}},"ao":0,"ip":20,"op":47,"st":-3,"bm":0},{"ddd":0,"ind":18,"ty":2,"nm":"diamond_shine2.png","cl":"png","parent":19,"refId":"image_8","sr":1,"ks":{"o":{"a":0,"k":100,"ix":11},"r":{"a":1,"k":[{"i":{"x":[0.833],"y":[0.833]},"o":{"x":[0.167],"y":[0.167]},"t":17,"s":[-42],"e":[-1]},{"i":{"x":[0.833],"y":[0.833]},"o":{"x":[0.167],"y":[0.167]},"t":30,"s":[-1],"e":[77]},{"t":44}],"ix":10},"p":{"a":0,"k":[375,1086.5,0],"ix":2,"l":2},"a":{"a":0,"k":[9,9,0],"ix":1,"l":2},"s":{"a":1,"k":[{"i":{"x":[0.511,0.511,0.667],"y":[1,1,1]},"o":{"x":[0.167,0.167,0.167],"y":[0,0,0]},"t":17,"s":[0,0,100],"e":[100,100,100]},{"i":{"x":[0.833,0.833,0.833],"y":[1,1,1]},"o":{"x":[0.282,0.282,0.182],"y":[0,0,0]},"t":30,"s":[100,100,100],"e":[0,0,100]},{"t":44}],"ix":6,"l":2}},"ao":0,"ip":17,"op":44,"st":-6,"bm":0},{"ddd":0,"ind":19,"ty":2,"nm":"diamond_shine.png","cl":"png","refId":"image_9","sr":1,"ks":{"o":{"a":0,"k":100,"ix":11},"r":{"a":1,"k":[{"i":{"x":[0.833],"y":[0.833]},"o":{"x":[0.167],"y":[0.167]},"t":17,"s":[-42],"e":[-1]},{"i":{"x":[0.833],"y":[0.833]},"o":{"x":[0.167],"y":[0.167]},"t":30,"s":[-1],"e":[77]},{"t":44}],"ix":10},"p":{"a":0,"k":[374.5,1086.5,0],"ix":2,"l":2},"a":{"a":0,"k":[4.5,4.5,0],"ix":1,"l":2},"s":{"a":1,"k":[{"i":{"x":[0.511,0.511,0.667],"y":[1,1,1]},"o":{"x":[0.167,0.167,0.167],"y":[0,0,0]},"t":17,"s":[0,0,100],"e":[100,100,100]},{"i":{"x":[0.833,0.833,0.833],"y":[1,1,1]},"o":{"x":[0.282,0.282,0.182],"y":[0,0,0]},"t":30,"s":[100,100,100],"e":[0,0,100]},{"t":44}],"ix":6,"l":2}},"ao":0,"ip":17,"op":44,"st":-6,"bm":0},{"ddd":0,"ind":20,"ty":2,"nm":"Diamond_pink.png","cl":"png","refId":"image_10","sr":1,"ks":{"o":{"a":0,"k":100,"ix":11},"r":{"a":0,"k":0,"ix":10},"p":{"a":1,"k":[{"i":{"x":0.217,"y":0.907},"o":{"x":0.084,"y":0.001},"t":13,"s":[358,1118.25,0],"e":[369.265,1090.713,0],"to":[0,0,0],"ti":[0,0,0]},{"i":{"x":0.629,"y":1},"o":{"x":0.297,"y":0.213},"t":18,"s":[369.265,1090.713,0],"e":[372.25,1093.25,0],"to":[0,0,0],"ti":[0,0,0]},{"t":22}],"ix":2,"l":2},"a":{"a":0,"k":[18.5,17.5,0],"ix":1,"l":2},"s":{"a":0,"k":[100,100,100],"ix":6,"l":2}},"ao":0,"ip":0,"op":60,"st":0,"bm":0},{"ddd":0,"ind":21,"ty":2,"nm":"Diamond_5.png","cl":"png","refId":"image_11","sr":1,"ks":{"o":{"a":0,"k":100,"ix":11},"r":{"a":0,"k":0,"ix":10},"p":{"a":1,"k":[{"i":{"x":0.217,"y":0.882},"o":{"x":0.084,"y":0.001},"t":10,"s":[367,1118.25,0],"e":[360.154,1090.904,0],"to":[0,0,0],"ti":[0,0,0]},{"i":{"x":0.629,"y":1},"o":{"x":0.297,"y":0.158},"t":16,"s":[360.154,1090.904,0],"e":[357.5,1097,0],"to":[0,0,0],"ti":[0,0,0]},{"t":21}],"ix":2,"l":2},"a":{"a":0,"k":[24,24,0],"ix":1,"l":2},"s":{"a":0,"k":[100,100,100],"ix":6,"l":2}},"ao":0,"ip":0,"op":60,"st":0,"bm":0},{"ddd":0,"ind":22,"ty":2,"nm":"coins_right.png","cl":"png","refId":"image_12","sr":1,"ks":{"o":{"a":0,"k":100,"ix":11},"r":{"a":0,"k":0,"ix":10},"p":{"a":1,"k":[{"i":{"x":0.667,"y":0.726},"o":{"x":0.333,"y":0},"t":9,"s":[398.25,1116,0],"e":[408.119,1090.076,0],"to":[0,0,0],"ti":[0,0,0]},{"i":{"x":0.667,"y":1},"o":{"x":0.333,"y":0.628},"t":15,"s":[408.119,1090.076,0],"e":[412.25,1094.5,0],"to":[0,0,0],"ti":[0,0,0]},{"t":18}],"ix":2,"l":2},"a":{"a":0,"k":[51,32.5,0],"ix":1,"l":2},"s":{"a":1,"k":[{"i":{"x":[0.667,0.667,0.667],"y":[1,1,1]},"o":{"x":[0.333,0.333,0.333],"y":[0,0,0]},"t":9,"s":[80,80,100],"e":[100,100,100]},{"t":15}],"ix":6,"l":2}},"ao":0,"ip":0,"op":60,"st":0,"bm":0},{"ddd":0,"ind":23,"ty":2,"nm":"coins_mask.png","cl":"png","td":1,"refId":"image_13","sr":1,"ks":{"o":{"a":0,"k":100,"ix":11},"r":{"a":0,"k":0,"ix":10},"p":{"a":0,"k":[374.5,1066,0],"ix":2,"l":2},"a":{"a":0,"k":[111,34.5,0],"ix":1,"l":2},"s":{"a":0,"k":[100,100,100],"ix":6,"l":2}},"ao":0,"ip":0,"op":60,"st":0,"bm":0},{"ddd":0,"ind":24,"ty":2,"nm":"coins_left2.png","cl":"png","tt":1,"tp":23,"refId":"image_14","sr":1,"ks":{"o":{"a":0,"k":100,"ix":11},"r":{"a":0,"k":0,"ix":10},"p":{"a":1,"k":[{"i":{"x":0.667,"y":1},"o":{"x":0.333,"y":0},"t":9,"s":[343.25,1118.875,0],"e":[337.251,1088.042,0],"to":[0,0,0],"ti":[0,0,0]},{"i":{"x":0.667,"y":1},"o":{"x":0.333,"y":0},"t":14,"s":[337.251,1088.042,0],"e":[326.75,1097.375,0],"to":[0,0,0],"ti":[0,0,0]},{"t":17}],"ix":2,"l":2},"a":{"a":0,"k":[54,36.5,0],"ix":1,"l":2},"s":{"a":1,"k":[{"i":{"x":[0.833,0.833,0.833],"y":[0.833,0.833,0.833]},"o":{"x":[0.167,0.167,0.167],"y":[0.167,0.167,0.167]},"t":9,"s":[80,80,100],"e":[100,100,100]},{"t":14}],"ix":6,"l":2}},"ao":0,"ip":0,"op":60,"st":0,"bm":0},{"ddd":0,"ind":25,"ty":2,"nm":"Diamond_4.png","cl":"png","refId":"image_15","sr":1,"ks":{"o":{"a":0,"k":100,"ix":11},"r":{"a":0,"k":0,"ix":10},"p":{"a":1,"k":[{"i":{"x":0.667,"y":0.737},"o":{"x":0.333,"y":0},"t":11,"s":[342.5,1108.5,0],"e":[323.545,1071.229,0],"to":[0,0,0],"ti":[0,0,0]},{"i":{"x":0.667,"y":1},"o":{"x":0.333,"y":0.634},"t":16,"s":[323.545,1071.229,0],"e":[315.5,1082.5,0],"to":[0,0,0],"ti":[0,0,0]},{"t":20}],"ix":2,"l":2},"a":{"a":0,"k":[19,19.5,0],"ix":1,"l":2},"s":{"a":0,"k":[100,100,100],"ix":6,"l":2}},"ao":0,"ip":0,"op":60,"st":0,"bm":0},{"ddd":0,"ind":26,"ty":2,"nm":"Diamond_3.png","cl":"png","refId":"image_16","sr":1,"ks":{"o":{"a":0,"k":100,"ix":11},"r":{"a":0,"k":0,"ix":10},"p":{"a":1,"k":[{"i":{"x":0.833,"y":0.875},"o":{"x":0.333,"y":0},"t":12,"s":[350.25,1092.5,0],"e":[337.029,1066.653,0],"to":[0,0,0],"ti":[0,0,0]},{"i":{"x":0.667,"y":1},"o":{"x":0.167,"y":0.286},"t":17,"s":[337.029,1066.653,0],"e":[331.25,1075,0],"to":[0,0,0],"ti":[0,0,0]},{"t":21}],"ix":2,"l":2},"a":{"a":0,"k":[21.5,21.5,0],"ix":1,"l":2},"s":{"a":0,"k":[100,100,100],"ix":6,"l":2}},"ao":0,"ip":0,"op":60,"st":0,"bm":0},{"ddd":0,"ind":27,"ty":2,"nm":"Diamond_blue.png","cl":"png","refId":"image_17","sr":1,"ks":{"o":{"a":0,"k":100,"ix":11},"r":{"a":1,"k":[{"i":{"x":[0.108],"y":[1]},"o":{"x":[0],"y":[0]},"t":9,"s":[-75],"e":[0]},{"t":17}],"ix":10},"p":{"a":1,"k":[{"i":{"x":0.667,"y":1},"o":{"x":0.333,"y":0},"t":9,"s":[413,1118.5,0],"e":[421.5,1064.5,0],"to":[0,0,0],"ti":[0,0,0]},{"i":{"x":0.667,"y":1},"o":{"x":0.167,"y":0},"t":15,"s":[421.5,1064.5,0],"e":[425,1076.5,0],"to":[0,0,0],"ti":[0,0,0]},{"t":19}],"ix":2,"l":2},"a":{"a":0,"k":[37.5,37.5,0],"ix":1,"l":2},"s":{"a":1,"k":[{"i":{"x":[0.667,0.667,0.667],"y":[1,1,1]},"o":{"x":[0.333,0.333,0.333],"y":[0,0,0]},"t":9,"s":[70,70,100],"e":[100,100,100]},{"t":14}],"ix":6,"l":2}},"ao":0,"ip":0,"op":60,"st":0,"bm":0},{"ddd":0,"ind":28,"ty":2,"nm":"coins_left3.png","cl":"png","refId":"image_18","sr":1,"ks":{"o":{"a":0,"k":100,"ix":11},"r":{"a":0,"k":0,"ix":10},"p":{"a":0,"k":[321.25,1090.25,0],"ix":2,"l":2},"a":{"a":0,"k":[45,45,0],"ix":1,"l":2},"s":{"a":0,"k":[100,100,100],"ix":6,"l":2}},"ao":0,"ip":0,"op":60,"st":0,"bm":0},{"ddd":0,"ind":29,"ty":2,"nm":"light1.png","cl":"png","refId":"image_19","sr":1,"ks":{"o":{"a":1,"k":[{"i":{"x":[0.833],"y":[0.833]},"o":{"x":[0.167],"y":[0.167]},"t":11,"s":[0],"e":[100]},{"t":20}],"ix":11},"r":{"a":1,"k":[{"i":{"x":[0.17],"y":[1]},"o":{"x":[0.147],"y":[0]},"t":11,"s":[-54],"e":[0]},{"t":47}],"ix":10},"p":{"a":0,"k":[371.25,1088.25,0],"ix":2,"l":2},"a":{"a":0,"k":[67,66,0],"ix":1,"l":2},"s":{"a":0,"k":[100,100,100],"ix":6,"l":2}},"ao":0,"ip":0,"op":60,"st":0,"bm":0},{"ddd":0,"ind":30,"ty":2,"nm":"light2.png","cl":"png","refId":"image_20","sr":1,"ks":{"o":{"a":0,"k":100,"ix":11},"r":{"a":0,"k":0,"ix":10},"p":{"a":0,"k":[371.25,1088.25,0],"ix":2,"l":2},"a":{"a":0,"k":[78.5,81,0],"ix":1,"l":2},"s":{"a":1,"k":[{"i":{"x":[0.667,0.667,0.667],"y":[1,1,1]},"o":{"x":[0.333,0.333,0.333],"y":[0,0,0]},"t":11,"s":[0,0,100],"e":[100,100,100]},{"t":16}],"ix":6,"l":2}},"ao":0,"ip":0,"op":60,"st":0,"bm":0},{"ddd":0,"ind":31,"ty":2,"nm":"cover_bottom.png","cl":"png","refId":"image_21","sr":1,"ks":{"o":{"a":0,"k":100,"ix":11},"r":{"a":0,"k":0,"ix":10},"p":{"a":1,"k":[{"i":{"x":0.833,"y":0.833},"o":{"x":0.167,"y":0.167},"t":13,"s":[373.25,1101.5,0],"e":[373.25,1103.5,0],"to":[0,0,0],"ti":[0,0,0]},{"i":{"x":0.833,"y":0.833},"o":{"x":0.167,"y":0.167},"t":14,"s":[373.25,1103.5,0],"e":[373.25,1101.5,0],"to":[0,0,0],"ti":[0,0,0]},{"t":15}],"ix":2,"l":2},"a":{"a":0,"k":[88,84,0],"ix":1,"l":2},"s":{"a":1,"k":[{"i":{"x":[0.833,0.833,0.833],"y":[0.833,0.833,0.833]},"o":{"x":[0.167,0.167,0.167],"y":[0.167,0.167,0.167]},"t":11,"s":[100,36,100],"e":[100,68,100]},{"i":{"x":[0.833,0.833,0.833],"y":[0.833,0.833,0.833]},"o":{"x":[0.167,0.167,0.167],"y":[0.167,0.167,0.167]},"t":12,"s":[100,68,100],"e":[100,114,100]},{"i":{"x":[0.833,0.833,0.833],"y":[0.833,0.833,0.833]},"o":{"x":[0.167,0.167,0.167],"y":[0.167,0.167,0.167]},"t":13,"s":[100,114,100],"e":[100,99.333,100]},{"i":{"x":[0.833,0.833,0.833],"y":[0.833,0.833,0.833]},"o":{"x":[0.167,0.167,0.167],"y":[0.167,0.167,0.167]},"t":14,"s":[100,99.333,100],"e":[100,94.667,100]},{"i":{"x":[0.833,0.833,0.833],"y":[0.833,0.833,0.833]},"o":{"x":[0.167,0.167,0.167],"y":[0.167,0.167,0.167]},"t":15,"s":[100,94.667,100],"e":[100,100,100]},{"t":16}],"ix":6,"l":2}},"ao":0,"ip":0,"op":60,"st":15,"bm":0},{"ddd":0,"ind":32,"ty":2,"nm":"cover_top.png","cl":"png","parent":13,"refId":"image_22","sr":1,"ks":{"o":{"a":0,"k":100,"ix":11},"r":{"a":0,"k":0,"ix":10},"p":{"a":0,"k":[98,-83.5,0],"ix":2,"l":2},"a":{"a":0,"k":[90.5,21,0],"ix":1,"l":2},"s":{"a":0,"k":[100,100,100],"ix":6,"l":2}},"ao":0,"ip":13,"op":60,"st":0,"bm":0},{"ddd":0,"ind":33,"ty":2,"nm":"coin_left.png","cl":"png","refId":"image_23","sr":1,"ks":{"o":{"a":0,"k":100,"ix":11},"r":{"a":1,"k":[{"i":{"x":[0.667],"y":[1]},"o":{"x":[0.333],"y":[0]},"t":12,"s":[0],"e":[17]},{"i":{"x":[0.667],"y":[1]},"o":{"x":[0.333],"y":[0]},"t":16,"s":[17],"e":[-2]},{"t":20}],"ix":10},"p":{"a":1,"k":[{"i":{"x":0.667,"y":1},"o":{"x":0.333,"y":0},"t":12,"s":[263,1158.75,0],"e":[263,1148.75,0],"to":[0,0,0],"ti":[0,0,0]},{"i":{"x":0.667,"y":1},"o":{"x":0.333,"y":0},"t":17,"s":[263,1148.75,0],"e":[263,1158.75,0],"to":[0,0,0],"ti":[0,0,0]},{"i":{"x":0.667,"y":1},"o":{"x":0.333,"y":0},"t":22,"s":[263,1158.75,0],"e":[263,1155.75,0],"to":[0,0,0],"ti":[0,0,0]},{"i":{"x":0.667,"y":1},"o":{"x":0.333,"y":0},"t":24,"s":[263,1155.75,0],"e":[263,1158.75,0],"to":[0,0,0],"ti":[0,0,0]},{"t":26}],"ix":2,"l":2},"a":{"a":0,"k":[22.5,13,0],"ix":1,"l":2},"s":{"a":0,"k":[100,100,100],"ix":6,"l":2}},"ao":0,"ip":0,"op":60,"st":0,"bm":0},{"ddd":0,"ind":34,"ty":2,"nm":"shadow.png","cl":"png","refId":"image_24","sr":1,"ks":{"o":{"a":0,"k":100,"ix":11},"r":{"a":0,"k":0,"ix":10},"p":{"a":0,"k":[374.5,1176,0],"ix":2,"l":2},"a":{"a":0,"k":[155.5,12.056,0],"ix":1,"l":2},"s":{"a":1,"k":[{"i":{"x":[0.667,0.667,0.667],"y":[1,1,1]},"o":{"x":[0.333,0.333,0.333],"y":[0,0,0]},"t":6,"s":[100,100,100],"e":[97,97,100]},{"i":{"x":[0.667,0.667,0.667],"y":[1,1,1]},"o":{"x":[0.333,0.333,0.333],"y":[0,0,0]},"t":9,"s":[97,97,100],"e":[102,102,100]},{"i":{"x":[0.667,0.667,0.667],"y":[1,1,1]},"o":{"x":[0.333,0.333,0.333],"y":[0,0,0]},"t":12,"s":[102,102,100],"e":[100,100,100]},{"t":14}],"ix":6,"l":2}},"ao":0,"ip":0,"op":60,"st":0,"bm":0},{"ddd":0,"ind":35,"ty":0,"nm":"light_motion","refId":"comp_1","sr":1,"ks":{"o":{"a":0,"k":100,"ix":11},"r":{"a":0,"k":0,"ix":10},"p":{"a":0,"k":[375,568,0],"ix":2,"l":2},"a":{"a":0,"k":[375,568,0],"ix":1,"l":2},"s":{"a":0,"k":[100,100,100],"ix":6,"l":2}},"ao":0,"w":750,"h":1136,"ip":0,"op":60,"st":0,"bm":0}]},{"id":"comp_1","nm":"light_motion","fr":30,"layers":[{"ddd":0,"ind":1,"ty":2,"nm":"circle_light.png","cl":"png","refId":"image_25","sr":1,"ks":{"o":{"a":0,"k":100,"ix":11},"r":{"a":1,"k":[{"i":{"x":[0.147],"y":[1]},"o":{"x":[0.05],"y":[-0.001]},"t":10,"s":[180],"e":[360]},{"t":60}],"ix":10},"p":{"a":0,"k":[375,1138,0],"ix":2,"l":2},"a":{"a":0,"k":[260,248,0],"ix":1,"l":2},"s":{"a":1,"k":[{"i":{"x":[0.833,0.833,0.833],"y":[0.833,0.833,0.833]},"o":{"x":[0.167,0.167,0.167],"y":[0.167,0.167,0.167]},"t":10,"s":[0,0,100],"e":[100,100,100]},{"t":16}],"ix":6,"l":2}},"ao":0,"ip":0,"op":60,"st":0,"bm":0}]}],"layers":[{"ddd":0,"ind":1,"ty":0,"nm":"light_Open_with_coins 2","refId":"comp_0","sr":1,"ks":{"o":{"a":0,"k":100,"ix":11},"r":{"a":0,"k":0,"ix":10},"p":{"a":0,"k":[375,18,0],"ix":2,"l":2},"a":{"a":0,"k":[375,812,0],"ix":1,"l":2},"s":{"a":0,"k":[100,100,100],"ix":6,"l":2}},"ao":0,"w":750,"h":1624,"ip":0,"op":60,"st":0,"bm":0}],"markers":[],"props":{}}