{"v":"5.12.2","fr":30,"ip":0,"op":30,"w":750,"h":424,"nm":"dark_open_without_tickets_output","ddd":0,"assets":[{"id":"image_0","w":86,"h":68,"u":"https://lf16-gecko-source.tiktokcdn.com/obj/byte-gurd-source-sg/musically/fe/live/tiktok_live_revenue_treasure_box/resource/lotties/images/","p":"open_cover_icon.b05a5966.png","e":0},{"id":"image_1","w":83,"h":97,"u":"https://lf16-gecko-source.tiktokcdn.com/obj/byte-gurd-source-sg/musically/fe/live/tiktok_live_revenue_treasure_box/resource/lotties/images/","p":"box_icon.28ffc987.png","e":0},{"id":"image_2","w":190,"h":88,"u":"https://lf16-gecko-source.tiktokcdn.com/obj/byte-gurd-source-sg/musically/fe/live/tiktok_live_revenue_treasure_box/resource/lotties/images/","p":"box_cover_1.457d62ca.png","e":0},{"id":"image_3","w":195,"h":99,"u":"https://lf16-gecko-source.tiktokcdn.com/obj/byte-gurd-source-sg/musically/fe/live/tiktok_live_revenue_treasure_box/resource/lotties/images/","p":"box_bottom.516d7299.png","e":0},{"id":"image_4","w":179,"h":86,"u":"https://lf16-gecko-source.tiktokcdn.com/obj/byte-gurd-source-sg/musically/fe/live/tiktok_live_revenue_treasure_box/resource/lotties/images/","p":"cover_bottom.0943f2fb.png","e":0},{"id":"image_5","w":184,"h":43,"u":"https://lf16-gecko-source.tiktokcdn.com/obj/byte-gurd-source-sg/musically/fe/live/tiktok_live_revenue_treasure_box/resource/lotties/images/","p":"cover_top.c6f68212.png","e":0},{"id":"image_6","w":282,"h":36,"u":"https://lf16-gecko-source.tiktokcdn.com/obj/byte-gurd-source-sg/musically/fe/live/tiktok_live_revenue_treasure_box/resource/lotties/images/","p":"box_shadow.14d8590c.png","e":0},{"id":"image_7","w":222,"h":258,"u":"https://lf16-gecko-source.tiktokcdn.com/obj/byte-gurd-source-sg/musically/fe/live/tiktok_live_revenue_treasure_box/resource/lotties/images/","p":"fire_bg.e3748639.png","e":0},{"id":"comp_0","nm":"Open_without_tickets 2","fr":30,"layers":[{"ddd":0,"ind":2,"ty":2,"nm":"open_cover_icon.png","cl":"png","refId":"image_0","sr":1,"ks":{"o":{"a":0,"k":100,"ix":11},"r":{"a":0,"k":0,"ix":10},"p":{"a":1,"k":[{"i":{"x":0.833,"y":0.833},"o":{"x":0.167,"y":0.167},"t":13,"s":[372.838,999.526,0],"e":[372.838,1014.026,0],"to":[0,0,0],"ti":[0,0,0]},{"t":14}],"ix":2,"l":2},"a":{"a":0,"k":[43,34,0],"ix":1,"l":2},"s":{"a":1,"k":[{"i":{"x":[0.833,0.833,0.833],"y":[0.833,0.833,0.833]},"o":{"x":[0.167,0.167,0.167],"y":[0.167,0.167,0.167]},"t":13,"s":[100,90,100],"e":[100,100,100]},{"t":14}],"ix":6,"l":2}},"ao":0,"ip":13,"op":30,"st":0,"bm":0},{"ddd":0,"ind":3,"ty":2,"nm":"box_icon.png","cl":"png","parent":4,"refId":"image_1","sr":1,"ks":{"o":{"a":0,"k":100,"ix":11},"r":{"a":0,"k":0,"ix":10},"p":{"a":1,"k":[{"i":{"x":0.833,"y":0.833},"o":{"x":0.167,"y":0.167},"t":9,"s":[93.625,86.5,0],"e":[93.625,68.905,0],"to":[0,0,0],"ti":[0,0,0]},{"t":12}],"ix":2,"l":2},"a":{"a":0,"k":[41.5,48.5,0],"ix":1,"l":2},"s":{"a":0,"k":[100,100,100],"ix":6,"l":2}},"ao":0,"ip":0,"op":13,"st":0,"bm":0},{"ddd":0,"ind":4,"ty":2,"nm":"box_cover_1.png","cl":"png","parent":5,"refId":"image_2","sr":1,"ks":{"o":{"a":0,"k":100,"ix":11},"r":{"a":0,"k":0,"ix":10},"p":{"a":0,"k":[97,-73.75,0],"ix":2,"l":2},"a":{"a":0,"k":[95,0.25,0],"ix":1,"l":2},"s":{"a":1,"k":[{"i":{"x":[0.833,0.833,0.833],"y":[0.833,0.833,0.833]},"o":{"x":[0.167,0.167,0.167],"y":[0.167,0.167,0.167]},"t":10,"s":[100,100,100],"e":[100,43,100]},{"t":13}],"ix":6,"l":2}},"ao":0,"ip":0,"op":13,"st":0,"bm":0},{"ddd":0,"ind":5,"ty":2,"nm":"box_bottom.png","cl":"png","refId":"image_3","sr":1,"ks":{"o":{"a":0,"k":100,"ix":11},"r":{"a":0,"k":0,"ix":10},"p":{"a":0,"k":[373.5,1183.5,0],"ix":2,"l":2},"a":{"a":0,"k":[97.5,99.5,0],"ix":1,"l":2},"s":{"a":1,"k":[{"i":{"x":[0.667,0.667,0.667],"y":[1,1,1]},"o":{"x":[0.333,0.333,0.333],"y":[0,0,0]},"t":6,"s":[100,100,100],"e":[100,85,100]},{"i":{"x":[0.667,0.667,0.667],"y":[1,1,1]},"o":{"x":[0.333,0.333,0.333],"y":[0,0,0]},"t":9,"s":[100,85,100],"e":[100,115,100]},{"i":{"x":[0.667,0.667,0.667],"y":[1,1,1]},"o":{"x":[0.333,0.333,0.333],"y":[0,0,0]},"t":12,"s":[100,115,100],"e":[100,100,100]},{"t":14}],"ix":6,"l":2}},"ao":0,"ip":0,"op":30,"st":0,"bm":0},{"ddd":0,"ind":6,"ty":2,"nm":"cover_bottom.png","cl":"png","refId":"image_4","sr":1,"ks":{"o":{"a":0,"k":100,"ix":11},"r":{"a":0,"k":0,"ix":10},"p":{"a":1,"k":[{"i":{"x":0.833,"y":0.833},"o":{"x":0.167,"y":0.167},"t":13,"s":[373.75,1101.5,0],"e":[373.75,1101.5,0],"to":[0,0,0],"ti":[0,0,0]},{"t":14}],"ix":2,"l":2},"a":{"a":0,"k":[89.5,86,0],"ix":1,"l":2},"s":{"a":1,"k":[{"i":{"x":[0.833,0.833,0.833],"y":[0.833,0.833,0.833]},"o":{"x":[0.167,0.167,0.167],"y":[0.167,0.167,0.167]},"t":11,"s":[100,36,100],"e":[100,68,100]},{"i":{"x":[0.833,0.833,0.833],"y":[0.833,0.833,0.833]},"o":{"x":[0.167,0.167,0.167],"y":[0.167,0.167,0.167]},"t":12,"s":[100,68,100],"e":[100,114,100]},{"i":{"x":[0.833,0.833,0.833],"y":[0.833,0.833,0.833]},"o":{"x":[0.167,0.167,0.167],"y":[0.167,0.167,0.167]},"t":13,"s":[100,114,100],"e":[100,100,100]},{"t":14}],"ix":6,"l":2}},"ao":0,"ip":0,"op":30,"st":15,"bm":0},{"ddd":0,"ind":7,"ty":2,"nm":"cover_top.png","cl":"png","parent":5,"refId":"image_5","sr":1,"ks":{"o":{"a":0,"k":100,"ix":11},"r":{"a":0,"k":0,"ix":10},"p":{"a":0,"k":[98,-83.5,0],"ix":2,"l":2},"a":{"a":0,"k":[92,21.5,0],"ix":1,"l":2},"s":{"a":0,"k":[100,100,100],"ix":6,"l":2}},"ao":0,"ip":13,"op":30,"st":0,"bm":0},{"ddd":0,"ind":8,"ty":2,"nm":"box_shadow.png","cl":"png","refId":"image_6","sr":1,"ks":{"o":{"a":0,"k":100,"ix":11},"r":{"a":0,"k":0,"ix":10},"p":{"a":0,"k":[375,1176,0],"ix":2,"l":2},"a":{"a":0,"k":[141,14,0],"ix":1,"l":2},"s":{"a":1,"k":[{"i":{"x":[0.667,0.667,0.667],"y":[1,1,1]},"o":{"x":[0.333,0.333,0.333],"y":[0,0,0]},"t":6,"s":[100,100,100],"e":[97,97,100]},{"i":{"x":[0.667,0.667,0.667],"y":[1,1,1]},"o":{"x":[0.333,0.333,0.333],"y":[0,0,0]},"t":9,"s":[97,97,100],"e":[102,102,100]},{"i":{"x":[0.667,0.667,0.667],"y":[1,1,1]},"o":{"x":[0.333,0.333,0.333],"y":[0,0,0]},"t":12,"s":[102,102,100],"e":[100,100,100]},{"t":14}],"ix":6,"l":2}},"ao":0,"ip":0,"op":30,"st":0,"bm":0},{"ddd":0,"ind":9,"ty":2,"nm":"fire_bg.png","cl":"png","refId":"image_7","sr":1,"ks":{"o":{"a":0,"k":100,"ix":11},"r":{"a":0,"k":0,"ix":10},"p":{"a":0,"k":[367,1031,0],"ix":2,"l":2},"a":{"a":0,"k":[111,129,0],"ix":1,"l":2},"s":{"a":0,"k":[100,100,100],"ix":6,"l":2}},"ao":0,"ip":0,"op":30,"st":0,"bm":0}]}],"layers":[{"ddd":0,"ind":1,"ty":0,"nm":"Open_without_tickets 2","refId":"comp_0","sr":1,"ks":{"o":{"a":0,"k":100,"ix":11},"r":{"a":0,"k":0,"ix":10},"p":{"a":0,"k":[375,18,0],"ix":2,"l":2},"a":{"a":0,"k":[375.5,812,0],"ix":1,"l":2},"s":{"a":0,"k":[100,100,100],"ix":6,"l":2}},"ao":0,"w":751,"h":1624,"ip":0,"op":30,"st":0,"bm":0}],"markers":[],"props":{}}