{"v":"5.12.2","fr":30,"ip":0,"op":30,"w":750,"h":424,"nm":"light_open_without_coins_output","ddd":0,"assets":[{"id":"image_0","w":56,"h":58,"u":"https://lf16-gecko-source.tiktokcdn.com/obj/byte-gurd-source-sg/musically/fe/live/tiktok_live_revenue_treasure_box/resource/lotties/images/","p":"stand_coin.7d003bc7.png","e":0},{"id":"image_1","w":28,"h":16,"u":"https://lf16-gecko-source.tiktokcdn.com/obj/byte-gurd-source-sg/musically/fe/live/tiktok_live_revenue_treasure_box/resource/lotties/images/","p":"left_coin2.80ccf52b.png","e":0},{"id":"image_2","w":53,"h":35,"u":"https://lf16-gecko-source.tiktokcdn.com/obj/byte-gurd-source-sg/musically/fe/live/tiktok_live_revenue_treasure_box/resource/lotties/images/","p":"right_coin.1d44eda3.png","e":0},{"id":"image_3","w":66,"h":56,"u":"https://lf16-gecko-source.tiktokcdn.com/obj/byte-gurd-source-sg/musically/fe/live/tiktok_live_revenue_treasure_box/resource/lotties/images/","p":"icon2.11ec6fd3.png","e":0},{"id":"image_4","w":77,"h":68,"u":"https://lf16-gecko-source.tiktokcdn.com/obj/byte-gurd-source-sg/musically/fe/live/tiktok_live_revenue_treasure_box/resource/lotties/images/","p":"icon.78348f11.png","e":0},{"id":"image_5","w":190,"h":88,"u":"https://lf16-gecko-source.tiktokcdn.com/obj/byte-gurd-source-sg/musically/fe/live/tiktok_live_revenue_treasure_box/resource/lotties/images/","p":"cover.886c9e8e.png","e":0},{"id":"image_6","w":195,"h":84,"u":"https://lf16-gecko-source.tiktokcdn.com/obj/byte-gurd-source-sg/musically/fe/live/tiktok_live_revenue_treasure_box/resource/lotties/images/","p":"bottom.d46f4896.png","e":0},{"id":"image_7","w":176,"h":84,"u":"https://lf16-gecko-source.tiktokcdn.com/obj/byte-gurd-source-sg/musically/fe/live/tiktok_live_revenue_treasure_box/resource/lotties/images/","p":"cover_bottom.fbbd9e7a.png","e":0},{"id":"image_8","w":181,"h":42,"u":"https://lf16-gecko-source.tiktokcdn.com/obj/byte-gurd-source-sg/musically/fe/live/tiktok_live_revenue_treasure_box/resource/lotties/images/","p":"cover_top.8a8f5f10.png","e":0},{"id":"image_9","w":45,"h":26,"u":"https://lf16-gecko-source.tiktokcdn.com/obj/byte-gurd-source-sg/musically/fe/live/tiktok_live_revenue_treasure_box/resource/lotties/images/","p":"coin_left.c8efd805.png","e":0},{"id":"image_10","w":311,"h":31,"u":"https://lf16-gecko-source.tiktokcdn.com/obj/byte-gurd-source-sg/musically/fe/live/tiktok_live_revenue_treasure_box/resource/lotties/images/","p":"shadow.35912218.png","e":0},{"id":"comp_0","nm":"light_Open_without_coins 2","fr":30,"layers":[{"ddd":0,"ind":1,"ty":2,"nm":"stand_coin.png","cl":"png","refId":"image_0","sr":1,"ks":{"o":{"a":0,"k":100,"ix":11},"r":{"a":0,"k":0,"ix":10},"p":{"a":1,"k":[{"i":{"x":0.225,"y":0.989},"o":{"x":0.333,"y":0},"t":12,"s":[484.5,1159.125,0],"e":[484.5,1150.125,0],"to":[0,0,0],"ti":[0,0,0]},{"i":{"x":0.667,"y":1},"o":{"x":0.702,"y":0},"t":16,"s":[484.5,1150.125,0],"e":[484.5,1159.125,0],"to":[0,0,0],"ti":[0,0,0]},{"t":20}],"ix":2,"l":2},"a":{"a":0,"k":[28,29,0],"ix":1,"l":2},"s":{"a":0,"k":[100,100,100],"ix":6,"l":2}},"ao":0,"ip":0,"op":60,"st":0,"bm":0},{"ddd":0,"ind":2,"ty":2,"nm":"left_coin2.png","cl":"png","refId":"image_1","sr":1,"ks":{"o":{"a":0,"k":100,"ix":11},"r":{"a":1,"k":[{"i":{"x":[0.667],"y":[1]},"o":{"x":[0.333],"y":[0]},"t":15,"s":[0],"e":[17]},{"i":{"x":[0.667],"y":[1]},"o":{"x":[0.333],"y":[0]},"t":20,"s":[17],"e":[-2]},{"i":{"x":[0.833],"y":[1]},"o":{"x":[0.167],"y":[0]},"t":23,"s":[-2],"e":[9]},{"i":{"x":[0.833],"y":[1]},"o":{"x":[0.167],"y":[0]},"t":25,"s":[9],"e":[0]},{"t":28}],"ix":10},"p":{"a":1,"k":[{"i":{"x":0.667,"y":1},"o":{"x":0.333,"y":0},"t":13,"s":[232.5,1171.875,0],"e":[232.5,1156.875,0],"to":[0,0,0],"ti":[0,0,0]},{"i":{"x":0.667,"y":1},"o":{"x":0.333,"y":0},"t":19,"s":[232.5,1156.875,0],"e":[232.5,1171.875,0],"to":[0,0,0],"ti":[0,0,0]},{"i":{"x":0.667,"y":1},"o":{"x":0.333,"y":0},"t":24,"s":[232.5,1171.875,0],"e":[232.5,1169.375,0],"to":[0,0,0],"ti":[0,0,0]},{"i":{"x":0.667,"y":1},"o":{"x":0.333,"y":0},"t":26,"s":[232.5,1169.375,0],"e":[232.5,1171.875,0],"to":[0,0,0],"ti":[0,0,0]},{"t":28}],"ix":2,"l":2},"a":{"a":0,"k":[14,8,0],"ix":1,"l":2},"s":{"a":0,"k":[100,100,100],"ix":6,"l":2}},"ao":0,"ip":0,"op":60,"st":0,"bm":0},{"ddd":0,"ind":3,"ty":2,"nm":"right_coin.png","cl":"png","refId":"image_2","sr":1,"ks":{"o":{"a":0,"k":100,"ix":11},"r":{"a":1,"k":[{"i":{"x":[0.667],"y":[1]},"o":{"x":[0.333],"y":[0]},"t":14,"s":[0],"e":[17]},{"i":{"x":[0.667],"y":[1]},"o":{"x":[0.333],"y":[0]},"t":17,"s":[17],"e":[-2]},{"i":{"x":[0.833],"y":[1]},"o":{"x":[0.167],"y":[0]},"t":20,"s":[-2],"e":[-4]},{"i":{"x":[0.833],"y":[1]},"o":{"x":[0.167],"y":[0]},"t":22,"s":[-4],"e":[0]},{"t":24}],"ix":10},"p":{"a":1,"k":[{"i":{"x":0.667,"y":1},"o":{"x":0.333,"y":0},"t":12,"s":[513,1167.5,0],"e":[513,1157.5,0],"to":[0,0,0],"ti":[0,0,0]},{"i":{"x":0.667,"y":1},"o":{"x":0.333,"y":0},"t":16,"s":[513,1157.5,0],"e":[513,1167.5,0],"to":[0,0,0],"ti":[0,0,0]},{"i":{"x":0.667,"y":1},"o":{"x":0.333,"y":0},"t":20,"s":[513,1167.5,0],"e":[513,1165,0],"to":[0,0,0],"ti":[0,0,0]},{"i":{"x":0.667,"y":1},"o":{"x":0.333,"y":0},"t":22,"s":[513,1165,0],"e":[513,1167.5,0],"to":[0,0,0],"ti":[0,0,0]},{"t":24}],"ix":2,"l":2},"a":{"a":0,"k":[26.5,17.5,0],"ix":1,"l":2},"s":{"a":0,"k":[100,100,100],"ix":6,"l":2}},"ao":0,"ip":0,"op":60,"st":0,"bm":0},{"ddd":0,"ind":4,"ty":2,"nm":"icon2.png","cl":"png","refId":"image_3","sr":1,"ks":{"o":{"a":0,"k":100,"ix":11},"r":{"a":0,"k":0,"ix":10},"p":{"a":1,"k":[{"i":{"x":0.833,"y":0.833},"o":{"x":0.167,"y":0.167},"t":13,"s":[372.338,999.526,0],"e":[372.338,1018.035,0],"to":[0,0,0],"ti":[0,0,0]},{"i":{"x":0.833,"y":0.833},"o":{"x":0.167,"y":0.167},"t":14,"s":[372.338,1018.035,0],"e":[372.338,1018.032,0],"to":[0,0,0],"ti":[0,0,0]},{"i":{"x":0.833,"y":0.833},"o":{"x":0.167,"y":0.167},"t":15,"s":[372.338,1018.032,0],"e":[372.338,1014.026,0],"to":[0,0,0],"ti":[0,0,0]},{"t":16}],"ix":2,"l":2},"a":{"a":0,"k":[33,28,0],"ix":1,"l":2},"s":{"a":1,"k":[{"i":{"x":[0.833,0.833,0.833],"y":[0.833,0.833,0.833]},"o":{"x":[0.167,0.167,0.167],"y":[0.167,0.167,0.167]},"t":13,"s":[100,90,100],"e":[100,100,100]},{"t":16}],"ix":6,"l":2}},"ao":0,"ip":13,"op":30,"st":0,"bm":0},{"ddd":0,"ind":5,"ty":2,"nm":"icon.png","cl":"png","parent":6,"refId":"image_4","sr":1,"ks":{"o":{"a":0,"k":100,"ix":11},"r":{"a":0,"k":0,"ix":10},"p":{"a":1,"k":[{"i":{"x":0.833,"y":0.833},"o":{"x":0.167,"y":0.167},"t":9,"s":[93.625,86.5,0],"e":[93.625,68.905,0],"to":[0,0,0],"ti":[0,0,0]},{"t":12}],"ix":2,"l":2},"a":{"a":0,"k":[38.5,34,0],"ix":1,"l":2},"s":{"a":0,"k":[100,100,100],"ix":6,"l":2}},"ao":0,"ip":0,"op":13,"st":0,"bm":0},{"ddd":0,"ind":6,"ty":2,"nm":"cover.png","cl":"png","parent":7,"refId":"image_5","sr":1,"ks":{"o":{"a":0,"k":100,"ix":11},"r":{"a":0,"k":0,"ix":10},"p":{"a":0,"k":[97,-85.75,0],"ix":2,"l":2},"a":{"a":0,"k":[95,0.25,0],"ix":1,"l":2},"s":{"a":1,"k":[{"i":{"x":[0.833,0.833,0.833],"y":[0.833,0.833,0.833]},"o":{"x":[0.167,0.167,0.167],"y":[0.167,0.167,0.167]},"t":10,"s":[100,100,100],"e":[100,43,100]},{"t":13}],"ix":6,"l":2}},"ao":0,"ip":0,"op":13,"st":0,"bm":0},{"ddd":0,"ind":7,"ty":2,"nm":"bottom.png","cl":"png","refId":"image_6","sr":1,"ks":{"o":{"a":0,"k":100,"ix":11},"r":{"a":0,"k":0,"ix":10},"p":{"a":0,"k":[373,1183.5,0],"ix":2,"l":2},"a":{"a":0,"k":[97.5,84.424,0],"ix":1,"l":2},"s":{"a":1,"k":[{"i":{"x":[0.667,0.667,0.667],"y":[1,1,1]},"o":{"x":[0.333,0.333,0.333],"y":[0,0,0]},"t":6,"s":[100,100,100],"e":[100,85,100]},{"i":{"x":[0.667,0.667,0.667],"y":[1,1,1]},"o":{"x":[0.333,0.333,0.333],"y":[0,0,0]},"t":9,"s":[100,85,100],"e":[100,115,100]},{"i":{"x":[0.667,0.667,0.667],"y":[1,0.779,1]},"o":{"x":[0.333,0.333,0.333],"y":[0,0,0]},"t":12,"s":[100,115,100],"e":[100,98,100]},{"i":{"x":[0.667,0.667,0.667],"y":[1,1,1]},"o":{"x":[0.333,0.333,0.333],"y":[0,-1.875,0]},"t":14,"s":[100,98,100],"e":[100,100,100]},{"t":16}],"ix":6,"l":2}},"ao":0,"ip":0,"op":30,"st":0,"bm":0},{"ddd":0,"ind":8,"ty":2,"nm":"cover_bottom.png","cl":"png","refId":"image_7","sr":1,"ks":{"o":{"a":0,"k":100,"ix":11},"r":{"a":0,"k":0,"ix":10},"p":{"a":1,"k":[{"i":{"x":0.833,"y":0.833},"o":{"x":0.167,"y":0.167},"t":13,"s":[373.25,1101.5,0],"e":[373.25,1103.5,0],"to":[0,0,0],"ti":[0,0,0]},{"i":{"x":0.833,"y":0.833},"o":{"x":0.167,"y":0.167},"t":14,"s":[373.25,1103.5,0],"e":[373.25,1101.5,0],"to":[0,0,0],"ti":[0,0,0]},{"i":{"x":0.833,"y":0.833},"o":{"x":0.167,"y":0.167},"t":15,"s":[373.25,1101.5,0],"e":[373.25,1103.5,0],"to":[0,0,0],"ti":[0,0,0]},{"t":19}],"ix":2,"l":2},"a":{"a":0,"k":[88,84,0],"ix":1,"l":2},"s":{"a":1,"k":[{"i":{"x":[0.833,0.833,0.833],"y":[0.833,0.833,0.833]},"o":{"x":[0.167,0.167,0.167],"y":[0.167,0.167,0.167]},"t":11,"s":[100,36,100],"e":[100,68,100]},{"i":{"x":[0.833,0.833,0.833],"y":[0.833,0.833,0.833]},"o":{"x":[0.167,0.167,0.167],"y":[0.167,0.167,0.167]},"t":12,"s":[100,68,100],"e":[100,114,100]},{"i":{"x":[0.833,0.833,0.833],"y":[0.833,0.833,0.833]},"o":{"x":[0.167,0.167,0.167],"y":[0.167,0.167,0.167]},"t":13,"s":[100,114,100],"e":[100,99.333,100]},{"i":{"x":[0.833,0.833,0.833],"y":[0.833,0.833,0.833]},"o":{"x":[0.167,0.167,0.167],"y":[0.167,0.167,0.167]},"t":14,"s":[100,99.333,100],"e":[100,94.667,100]},{"i":{"x":[0.833,0.833,0.833],"y":[0.833,0.833,0.833]},"o":{"x":[0.167,0.167,0.167],"y":[0.167,0.167,0.167]},"t":15,"s":[100,94.667,100],"e":[100,100,100]},{"t":16}],"ix":6,"l":2}},"ao":0,"ip":0,"op":30,"st":15,"bm":0},{"ddd":0,"ind":9,"ty":2,"nm":"cover_top.png","cl":"png","parent":7,"refId":"image_8","sr":1,"ks":{"o":{"a":0,"k":100,"ix":11},"r":{"a":0,"k":0,"ix":10},"p":{"a":0,"k":[98,-95.5,0],"ix":2,"l":2},"a":{"a":0,"k":[90.5,21,0],"ix":1,"l":2},"s":{"a":0,"k":[100,100,100],"ix":6,"l":2}},"ao":0,"ip":13,"op":30,"st":0,"bm":0},{"ddd":0,"ind":10,"ty":2,"nm":"coin_left.png","cl":"png","refId":"image_9","sr":1,"ks":{"o":{"a":0,"k":100,"ix":11},"r":{"a":1,"k":[{"i":{"x":[0.667],"y":[1]},"o":{"x":[0.333],"y":[0]},"t":12,"s":[0],"e":[17]},{"i":{"x":[0.667],"y":[1]},"o":{"x":[0.333],"y":[0]},"t":16,"s":[17],"e":[-2]},{"t":20}],"ix":10},"p":{"a":1,"k":[{"i":{"x":0.667,"y":1},"o":{"x":0.333,"y":0},"t":12,"s":[263,1158.75,0],"e":[263,1148.75,0],"to":[0,0,0],"ti":[0,0,0]},{"i":{"x":0.667,"y":1},"o":{"x":0.333,"y":0},"t":17,"s":[263,1148.75,0],"e":[263,1158.75,0],"to":[0,0,0],"ti":[0,0,0]},{"i":{"x":0.667,"y":1},"o":{"x":0.333,"y":0},"t":22,"s":[263,1158.75,0],"e":[263,1155.75,0],"to":[0,0,0],"ti":[0,0,0]},{"i":{"x":0.667,"y":1},"o":{"x":0.333,"y":0},"t":24,"s":[263,1155.75,0],"e":[263,1158.75,0],"to":[0,0,0],"ti":[0,0,0]},{"t":26}],"ix":2,"l":2},"a":{"a":0,"k":[22.5,13,0],"ix":1,"l":2},"s":{"a":0,"k":[100,100,100],"ix":6,"l":2}},"ao":0,"ip":0,"op":60,"st":0,"bm":0},{"ddd":0,"ind":11,"ty":2,"nm":"shadow.png","cl":"png","refId":"image_10","sr":1,"ks":{"o":{"a":0,"k":100,"ix":11},"r":{"a":0,"k":0,"ix":10},"p":{"a":0,"k":[374.5,1176,0],"ix":2,"l":2},"a":{"a":0,"k":[155.5,12.056,0],"ix":1,"l":2},"s":{"a":1,"k":[{"i":{"x":[0.667,0.667,0.667],"y":[1,1,1]},"o":{"x":[0.333,0.333,0.333],"y":[0,0,0]},"t":6,"s":[100,100,100],"e":[97,97,100]},{"i":{"x":[0.667,0.667,0.667],"y":[1,1,1]},"o":{"x":[0.333,0.333,0.333],"y":[0,0,0]},"t":9,"s":[97,97,100],"e":[102,102,100]},{"i":{"x":[0.667,0.667,0.667],"y":[1,1,1]},"o":{"x":[0.333,0.333,0.333],"y":[0,0,0]},"t":12,"s":[102,102,100],"e":[100,100,100]},{"t":14}],"ix":6,"l":2}},"ao":0,"ip":0,"op":30,"st":0,"bm":0}]}],"layers":[{"ddd":0,"ind":1,"ty":0,"nm":"light_Open_without_coins 2","refId":"comp_0","sr":1,"ks":{"o":{"a":0,"k":100,"ix":11},"r":{"a":0,"k":0,"ix":10},"p":{"a":0,"k":[375,18,0],"ix":2,"l":2},"a":{"a":0,"k":[375,812,0],"ix":1,"l":2},"s":{"a":0,"k":[100,100,100],"ix":6,"l":2}},"ao":0,"w":750,"h":1624,"ip":0,"op":30,"st":0,"bm":0}],"markers":[],"props":{}}