{"v":"5.12.2","fr":30,"ip":0,"op":60,"w":750,"h":424,"nm":"dark_open_with_tickets_output","ddd":0,"assets":[{"id":"image_0","w":53,"h":53,"u":"https://lf16-gecko-source.tiktokcdn.com/obj/byte-gurd-source-sg/musically/fe/live/tiktok_live_revenue_treasure_box/resource/lotties/images/","p":"img_0.f17a0ecc.png","e":0},{"id":"image_1","w":86,"h":68,"u":"https://lf16-gecko-source.tiktokcdn.com/obj/byte-gurd-source-sg/musically/fe/live/tiktok_live_revenue_treasure_box/resource/lotties/images/","p":"img_1.b05a5966.png","e":0},{"id":"image_2","w":83,"h":97,"u":"https://lf16-gecko-source.tiktokcdn.com/obj/byte-gurd-source-sg/musically/fe/live/tiktok_live_revenue_treasure_box/resource/lotties/images/","p":"img_2.28ffc987.png","e":0},{"id":"image_3","w":190,"h":88,"u":"https://lf16-gecko-source.tiktokcdn.com/obj/byte-gurd-source-sg/musically/fe/live/tiktok_live_revenue_treasure_box/resource/lotties/images/","p":"img_3.457d62ca.png","e":0},{"id":"image_4","w":195,"h":99,"u":"https://lf16-gecko-source.tiktokcdn.com/obj/byte-gurd-source-sg/musically/fe/live/tiktok_live_revenue_treasure_box/resource/lotties/images/","p":"img_4.516d7299.png","e":0},{"id":"image_5","w":237,"h":50,"u":"https://lf16-gecko-source.tiktokcdn.com/obj/byte-gurd-source-sg/musically/fe/live/tiktok_live_revenue_treasure_box/resource/lotties/images/","p":"img_5.c1169cea.png","e":0},{"id":"image_6","w":132,"h":100,"u":"https://lf16-gecko-source.tiktokcdn.com/obj/byte-gurd-source-sg/musically/fe/live/tiktok_live_revenue_treasure_box/resource/lotties/images/","p":"img_6.678b1e51.png","e":0},{"id":"image_7","w":62,"h":39,"u":"https://lf16-gecko-source.tiktokcdn.com/obj/byte-gurd-source-sg/musically/fe/live/tiktok_live_revenue_treasure_box/resource/lotties/images/","p":"img_7.91d06970.png","e":0},{"id":"image_8","w":60,"h":33,"u":"https://lf16-gecko-source.tiktokcdn.com/obj/byte-gurd-source-sg/musically/fe/live/tiktok_live_revenue_treasure_box/resource/lotties/images/","p":"img_8.de130298.png","e":0},{"id":"image_9","w":67,"h":37,"u":"https://lf16-gecko-source.tiktokcdn.com/obj/byte-gurd-source-sg/musically/fe/live/tiktok_live_revenue_treasure_box/resource/lotties/images/","p":"img_9.b8f5efcd.png","e":0},{"id":"image_10","w":82,"h":55,"u":"https://lf16-gecko-source.tiktokcdn.com/obj/byte-gurd-source-sg/musically/fe/live/tiktok_live_revenue_treasure_box/resource/lotties/images/","p":"img_10.c3236499.png","e":0},{"id":"image_11","w":63,"h":54,"u":"https://lf16-gecko-source.tiktokcdn.com/obj/byte-gurd-source-sg/musically/fe/live/tiktok_live_revenue_treasure_box/resource/lotties/images/","p":"img_11.58702309.png","e":0},{"id":"image_12","w":83,"h":64,"u":"https://lf16-gecko-source.tiktokcdn.com/obj/byte-gurd-source-sg/musically/fe/live/tiktok_live_revenue_treasure_box/resource/lotties/images/","p":"img_12.62b46812.png","e":0},{"id":"image_13","w":83,"h":64,"u":"https://lf16-gecko-source.tiktokcdn.com/obj/byte-gurd-source-sg/musically/fe/live/tiktok_live_revenue_treasure_box/resource/lotties/images/","p":"img_13.61f2c39c.png","e":0},{"id":"image_14","w":72,"h":60,"u":"https://lf16-gecko-source.tiktokcdn.com/obj/byte-gurd-source-sg/musically/fe/live/tiktok_live_revenue_treasure_box/resource/lotties/images/","p":"img_14.77f70772.png","e":0},{"id":"image_15","w":72,"h":60,"u":"https://lf16-gecko-source.tiktokcdn.com/obj/byte-gurd-source-sg/musically/fe/live/tiktok_live_revenue_treasure_box/resource/lotties/images/","p":"img_15.8866ecbe.png","e":0},{"id":"image_16","w":166,"h":131,"u":"https://lf16-gecko-source.tiktokcdn.com/obj/byte-gurd-source-sg/musically/fe/live/tiktok_live_revenue_treasure_box/resource/lotties/images/","p":"img_16.24d79111.png","e":0},{"id":"image_17","w":263,"h":225,"u":"https://lf16-gecko-source.tiktokcdn.com/obj/byte-gurd-source-sg/musically/fe/live/tiktok_live_revenue_treasure_box/resource/lotties/images/","p":"img_17.140bbb65.png","e":0},{"id":"image_18","w":179,"h":86,"u":"https://lf16-gecko-source.tiktokcdn.com/obj/byte-gurd-source-sg/musically/fe/live/tiktok_live_revenue_treasure_box/resource/lotties/images/","p":"img_18.0943f2fb.png","e":0},{"id":"image_19","w":184,"h":43,"u":"https://lf16-gecko-source.tiktokcdn.com/obj/byte-gurd-source-sg/musically/fe/live/tiktok_live_revenue_treasure_box/resource/lotties/images/","p":"img_19.c6f68212.png","e":0},{"id":"image_20","w":282,"h":36,"u":"https://lf16-gecko-source.tiktokcdn.com/obj/byte-gurd-source-sg/musically/fe/live/tiktok_live_revenue_treasure_box/resource/lotties/images/","p":"img_20.14d8590c.png","e":0},{"id":"image_21","w":222,"h":258,"u":"https://lf16-gecko-source.tiktokcdn.com/obj/byte-gurd-source-sg/musically/fe/live/tiktok_live_revenue_treasure_box/resource/lotties/images/","p":"img_21.e3748639.png","e":0},{"id":"comp_0","nm":"Open_with_tickets 2","fr":30,"layers":[{"ddd":0,"ind":1,"ty":2,"nm":"star.png","cl":"png","refId":"image_0","sr":1,"ks":{"o":{"a":0,"k":100,"ix":11},"r":{"a":0,"k":0,"ix":10},"p":{"a":0,"k":[267.5,1151,0],"ix":2,"l":2},"a":{"a":0,"k":[26.5,26.5,0],"ix":1,"l":2},"s":{"a":1,"k":[{"i":{"x":[0.511,0.511,0.667],"y":[1,1,1]},"o":{"x":[0.167,0.167,0.167],"y":[0,0,0]},"t":18,"s":[0,0,100],"e":[32,32,100]},{"i":{"x":[0.833,0.833,0.833],"y":[1,1,1]},"o":{"x":[0.282,0.282,0.182],"y":[0,0,0]},"t":31,"s":[32,32,100],"e":[0,0,100]},{"t":45}],"ix":6,"l":2}},"ao":0,"ip":17,"op":102,"st":12,"bm":0},{"ddd":0,"ind":2,"ty":2,"nm":"star.png","cl":"png","refId":"image_0","sr":1,"ks":{"o":{"a":0,"k":100,"ix":11},"r":{"a":0,"k":0,"ix":10},"p":{"a":0,"k":[475,1119.5,0],"ix":2,"l":2},"a":{"a":0,"k":[26.5,26.5,0],"ix":1,"l":2},"s":{"a":1,"k":[{"i":{"x":[0.511,0.511,0.667],"y":[1,1,1]},"o":{"x":[0.167,0.167,0.167],"y":[0,0,0]},"t":28,"s":[0,0,100],"e":[85,85,100]},{"i":{"x":[0.833,0.833,0.833],"y":[1,1,1]},"o":{"x":[0.282,0.282,0.182],"y":[0,0,0]},"t":41,"s":[85,85,100],"e":[0,0,100]},{"t":55}],"ix":6,"l":2}},"ao":0,"ip":28,"op":112,"st":22,"bm":0},{"ddd":0,"ind":3,"ty":2,"nm":"star.png","cl":"png","refId":"image_0","sr":1,"ks":{"o":{"a":0,"k":100,"ix":11},"r":{"a":1,"k":[{"i":{"x":[0.833],"y":[0.833]},"o":{"x":[0.167],"y":[0.167]},"t":23,"s":[-42],"e":[-1]},{"i":{"x":[0.833],"y":[0.833]},"o":{"x":[0.167],"y":[0.167]},"t":36,"s":[-1],"e":[77]},{"t":50}],"ix":10},"p":{"a":0,"k":[345.5,1069,0],"ix":2,"l":2},"a":{"a":0,"k":[26.5,26.5,0],"ix":1,"l":2},"s":{"a":1,"k":[{"i":{"x":[0.511,0.511,0.667],"y":[1,1,1]},"o":{"x":[0.167,0.167,0.167],"y":[0,0,0]},"t":23,"s":[0,0,100],"e":[100,100,100]},{"i":{"x":[0.833,0.833,0.833],"y":[1,1,1]},"o":{"x":[0.282,0.282,0.182],"y":[0,0,0]},"t":36,"s":[100,100,100],"e":[0,0,100]},{"t":50}],"ix":6,"l":2}},"ao":0,"ip":22,"op":99,"st":9,"bm":0},{"ddd":0,"ind":4,"ty":2,"nm":"star.png","cl":"png","refId":"image_0","sr":1,"ks":{"o":{"a":0,"k":100,"ix":11},"r":{"a":1,"k":[{"i":{"x":[0.833],"y":[0.833]},"o":{"x":[0.167],"y":[0.167]},"t":17,"s":[-42],"e":[77]},{"t":38}],"ix":10},"p":{"a":0,"k":[326.25,1055.75,0],"ix":2,"l":2},"a":{"a":0,"k":[26.5,26.5,0],"ix":1,"l":2},"s":{"a":1,"k":[{"i":{"x":[0.511,0.511,0.667],"y":[1,1,1]},"o":{"x":[0.167,0.167,0.167],"y":[0,0,0]},"t":18,"s":[0,0,100],"e":[30,30,100]},{"i":{"x":[0.833,0.833,0.833],"y":[1,1,1]},"o":{"x":[0.282,0.282,0.182],"y":[0,0,0]},"t":27,"s":[30,30,100],"e":[0,0,100]},{"t":37}],"ix":6,"l":2}},"ao":0,"ip":16,"op":95,"st":5,"bm":0},{"ddd":0,"ind":5,"ty":2,"nm":"star.png","cl":"png","refId":"image_0","sr":1,"ks":{"o":{"a":0,"k":100,"ix":11},"r":{"a":1,"k":[{"i":{"x":[0.833],"y":[0.833]},"o":{"x":[0.167],"y":[0.167]},"t":10,"s":[-42],"e":[21]},{"i":{"x":[0.833],"y":[0.833]},"o":{"x":[0.167],"y":[0.167]},"t":23,"s":[21],"e":[77]},{"t":37}],"ix":10},"p":{"a":0,"k":[391,1042.5,0],"ix":2,"l":2},"a":{"a":0,"k":[26.5,26.5,0],"ix":1,"l":2},"s":{"a":1,"k":[{"i":{"x":[0.511,0.511,0.667],"y":[1,1,1]},"o":{"x":[0.167,0.167,0.167],"y":[0,0,0]},"t":10,"s":[0,0,100],"e":[100,100,100]},{"i":{"x":[0.833,0.833,0.833],"y":[1,1,1]},"o":{"x":[0.282,0.282,0.182],"y":[0,0,0]},"t":23,"s":[100,100,100],"e":[0,0,100]},{"t":37}],"ix":6,"l":2}},"ao":0,"ip":10,"op":94,"st":4,"bm":0},{"ddd":0,"ind":6,"ty":2,"nm":"open_cover_icon.png","cl":"png","refId":"image_1","sr":1,"ks":{"o":{"a":0,"k":100,"ix":11},"r":{"a":0,"k":0,"ix":10},"p":{"a":1,"k":[{"i":{"x":0.833,"y":0.833},"o":{"x":0.167,"y":0.167},"t":13,"s":[372.838,999.526,0],"e":[372.838,1018.035,0],"to":[0,0,0],"ti":[0,0,0]},{"i":{"x":0.833,"y":0.833},"o":{"x":0.167,"y":0.167},"t":14,"s":[372.838,1018.035,0],"e":[372.838,1018.032,0],"to":[0,0,0],"ti":[0,0,0]},{"i":{"x":0.833,"y":0.833},"o":{"x":0.167,"y":0.167},"t":15,"s":[372.838,1018.032,0],"e":[372.838,1014.026,0],"to":[0,0,0],"ti":[0,0,0]},{"t":16}],"ix":2,"l":2},"a":{"a":0,"k":[43,34,0],"ix":1,"l":2},"s":{"a":1,"k":[{"i":{"x":[0.833,0.833,0.833],"y":[0.833,0.833,0.833]},"o":{"x":[0.167,0.167,0.167],"y":[0.167,0.167,0.167]},"t":13,"s":[100,90,100],"e":[100,100,100]},{"t":16}],"ix":6,"l":2}},"ao":0,"ip":13,"op":90,"st":0,"bm":0},{"ddd":0,"ind":7,"ty":2,"nm":"box_icon.png","cl":"png","parent":8,"refId":"image_2","sr":1,"ks":{"o":{"a":0,"k":100,"ix":11},"r":{"a":0,"k":0,"ix":10},"p":{"a":1,"k":[{"i":{"x":0.833,"y":0.833},"o":{"x":0.167,"y":0.167},"t":9,"s":[93.625,86.5,0],"e":[93.625,68.905,0],"to":[0,0,0],"ti":[0,0,0]},{"t":12}],"ix":2,"l":2},"a":{"a":0,"k":[41.5,48.5,0],"ix":1,"l":2},"s":{"a":0,"k":[100,100,100],"ix":6,"l":2}},"ao":0,"ip":0,"op":13,"st":0,"bm":0},{"ddd":0,"ind":8,"ty":2,"nm":"box_cover_1.png","cl":"png","parent":9,"refId":"image_3","sr":1,"ks":{"o":{"a":0,"k":100,"ix":11},"r":{"a":0,"k":0,"ix":10},"p":{"a":0,"k":[97,-73.75,0],"ix":2,"l":2},"a":{"a":0,"k":[95,0.25,0],"ix":1,"l":2},"s":{"a":1,"k":[{"i":{"x":[0.833,0.833,0.833],"y":[0.833,0.833,0.833]},"o":{"x":[0.167,0.167,0.167],"y":[0.167,0.167,0.167]},"t":10,"s":[100,100,100],"e":[100,43,100]},{"t":13}],"ix":6,"l":2}},"ao":0,"ip":0,"op":13,"st":0,"bm":0},{"ddd":0,"ind":9,"ty":2,"nm":"box_bottom.png","cl":"png","refId":"image_4","sr":1,"ks":{"o":{"a":0,"k":100,"ix":11},"r":{"a":0,"k":0,"ix":10},"p":{"a":0,"k":[373.5,1183.5,0],"ix":2,"l":2},"a":{"a":0,"k":[97.5,99.5,0],"ix":1,"l":2},"s":{"a":1,"k":[{"i":{"x":[0.667,0.667,0.667],"y":[1,1,1]},"o":{"x":[0.333,0.333,0.333],"y":[0,0,0]},"t":6,"s":[100,100,100],"e":[100,85,100]},{"i":{"x":[0.667,0.667,0.667],"y":[1,1,1]},"o":{"x":[0.333,0.333,0.333],"y":[0,0,0]},"t":9,"s":[100,85,100],"e":[100,115,100]},{"i":{"x":[0.667,0.667,0.667],"y":[1,0.779,1]},"o":{"x":[0.333,0.333,0.333],"y":[0,0,0]},"t":12,"s":[100,115,100],"e":[100,98,100]},{"i":{"x":[0.667,0.667,0.667],"y":[1,1,1]},"o":{"x":[0.333,0.333,0.333],"y":[0,-1.875,0]},"t":14,"s":[100,98,100],"e":[100,100,100]},{"t":16}],"ix":6,"l":2}},"ao":0,"ip":0,"op":90,"st":0,"bm":0},{"ddd":0,"ind":10,"ty":2,"nm":"light_line_1.png","cl":"png","refId":"image_5","sr":1,"ks":{"o":{"a":1,"k":[{"i":{"x":[0.833],"y":[0.833]},"o":{"x":[0.167],"y":[0.167]},"t":11,"s":[0],"e":[100]},{"t":25}],"ix":11},"r":{"a":0,"k":0,"ix":10},"p":{"a":0,"k":[375,1080.75,0],"ix":2,"l":2},"a":{"a":0,"k":[118.5,25,0],"ix":1,"l":2},"s":{"a":1,"k":[{"i":{"x":[0.667,0.667,0.667],"y":[1,1,1]},"o":{"x":[0.333,0.333,0.333],"y":[0,0,0]},"t":11,"s":[40,100,100],"e":[100,100,100]},{"t":17}],"ix":6,"l":2}},"ao":0,"ip":0,"op":90,"st":0,"bm":0},{"ddd":0,"ind":11,"ty":2,"nm":"tic_1.png","cl":"png","refId":"image_6","sr":1,"ks":{"o":{"a":0,"k":100,"ix":11},"r":{"a":1,"k":[{"i":{"x":[0.667],"y":[0.816]},"o":{"x":[0.333],"y":[0]},"t":9,"s":[-14],"e":[2]},{"i":{"x":[0.667],"y":[1]},"o":{"x":[0.333],"y":[-1.176]},"t":14,"s":[2],"e":[0]},{"t":18}],"ix":10},"p":{"a":1,"k":[{"i":{"x":0.667,"y":1},"o":{"x":0.333,"y":0},"t":9,"s":[358,1116,0],"e":[358,1062,0],"to":[0,0,0],"ti":[0,0,0]},{"i":{"x":0.667,"y":1},"o":{"x":0.167,"y":0},"t":14,"s":[358,1062,0],"e":[358,1070,0],"to":[0,0,0],"ti":[0,0,0]},{"t":18}],"ix":2,"l":2},"a":{"a":0,"k":[66,50,0],"ix":1,"l":2},"s":{"a":1,"k":[{"i":{"x":[0.667,0.667,0.667],"y":[1,1,1]},"o":{"x":[0.333,0.333,0.333],"y":[0,0,0]},"t":9,"s":[80,80,100],"e":[100,100,100]},{"t":13}],"ix":6,"l":2}},"ao":0,"ip":0,"op":90,"st":0,"bm":0},{"ddd":0,"ind":12,"ty":2,"nm":"tic_element0.png","cl":"png","refId":"image_7","sr":1,"ks":{"o":{"a":0,"k":100,"ix":11},"r":{"a":1,"k":[{"i":{"x":[0.667],"y":[1]},"o":{"x":[0.333],"y":[0]},"t":9,"s":[-17],"e":[0]},{"t":16}],"ix":10},"p":{"a":1,"k":[{"i":{"x":0.667,"y":1},"o":{"x":0.333,"y":0},"t":9,"s":[394.375,1109.625,0],"e":[413.875,1081.625,0],"to":[2.083,-10.917,0],"ti":[-8.583,5.917,0]},{"t":16}],"ix":2,"l":2},"a":{"a":0,"k":[31,19.5,0],"ix":1,"l":2},"s":{"a":1,"k":[{"i":{"x":[0.667,0.667,0.667],"y":[1,1,1]},"o":{"x":[0.333,0.333,0.333],"y":[0,0,0]},"t":9,"s":[80,80,100],"e":[100,100,100]},{"t":16}],"ix":6,"l":2}},"ao":0,"ip":0,"op":90,"st":0,"bm":0},{"ddd":0,"ind":13,"ty":2,"nm":"tic_element1.png","cl":"png","refId":"image_8","sr":1,"ks":{"o":{"a":0,"k":100,"ix":11},"r":{"a":1,"k":[{"i":{"x":[0.153],"y":[1.025]},"o":{"x":[0.118],"y":[0.052]},"t":12,"s":[-15],"e":[0]},{"t":29}],"ix":10},"p":{"a":1,"k":[{"i":{"x":0,"y":1},"o":{"x":0.064,"y":0.003},"t":12,"s":[395,1095.5,0],"e":[507,1034.5,0],"to":[25.667,-26.167,0],"ti":[-44.667,13.167,0]},{"t":29}],"ix":2,"l":2},"a":{"a":0,"k":[30,16.5,0],"ix":1,"l":2},"s":{"a":0,"k":[100,100,100],"ix":6,"l":2}},"ao":0,"ip":12,"op":90,"st":0,"bm":0},{"ddd":0,"ind":14,"ty":2,"nm":"tic_element2.png","cl":"png","refId":"image_9","sr":1,"ks":{"o":{"a":0,"k":100,"ix":11},"r":{"a":1,"k":[{"i":{"x":[0.165],"y":[1]},"o":{"x":[0.059],"y":[0.011]},"t":9,"s":[16],"e":[0]},{"t":26}],"ix":10},"p":{"a":1,"k":[{"i":{"x":0.165,"y":1},"o":{"x":0.059,"y":0},"t":9,"s":[343.5,1084.5,0],"e":[228.5,1034.5,0],"to":[-32.167,-29.333,0],"ti":[44.667,1.333,0]},{"t":26}],"ix":2,"l":2},"a":{"a":0,"k":[33.5,18.5,0],"ix":1,"l":2},"s":{"a":0,"k":[100,100,100],"ix":6,"l":2}},"ao":0,"ip":9,"op":90,"st":0,"bm":0},{"ddd":0,"ind":15,"ty":2,"nm":"tic_element3.png","cl":"png","refId":"image_10","sr":1,"ks":{"o":{"a":0,"k":100,"ix":11},"r":{"a":1,"k":[{"i":{"x":[0.667],"y":[1]},"o":{"x":[0.333],"y":[0]},"t":9,"s":[-21],"e":[0]},{"t":19}],"ix":10},"p":{"a":1,"k":[{"i":{"x":0.279,"y":1},"o":{"x":0.054,"y":0},"t":9,"s":[417.625,1122.5,0],"e":[456.125,1087.5,0],"to":[6.417,-13.833,0],"ti":[-23.917,8.833,0]},{"t":19}],"ix":2,"l":2},"a":{"a":0,"k":[41,27.5,0],"ix":1,"l":2},"s":{"a":1,"k":[{"i":{"x":[0.667,0.667,0.667],"y":[1,1,1]},"o":{"x":[0.333,0.333,0.333],"y":[0,0,0]},"t":9,"s":[81,81,100],"e":[100,100,100]},{"t":19}],"ix":6,"l":2}},"ao":0,"ip":0,"op":90,"st":0,"bm":0},{"ddd":0,"ind":16,"ty":2,"nm":"tic_element4.png","cl":"png","refId":"image_11","sr":1,"ks":{"o":{"a":0,"k":100,"ix":11},"r":{"a":1,"k":[{"i":{"x":[0.667],"y":[1]},"o":{"x":[0.333],"y":[0]},"t":8,"s":[-27],"e":[0]},{"t":15}],"ix":10},"p":{"a":1,"k":[{"i":{"x":0.139,"y":1},"o":{"x":0.101,"y":0},"t":8,"s":[398,1101.5,0],"e":[424.5,1077,0],"to":[7.917,-12.083,0],"ti":[-10.917,6.583,0]},{"t":18}],"ix":2,"l":2},"a":{"a":0,"k":[31.5,27,0],"ix":1,"l":2},"s":{"a":1,"k":[{"i":{"x":[0.667,0.667,0.667],"y":[1,1,1]},"o":{"x":[0.333,0.333,0.333],"y":[0,0,0]},"t":8,"s":[85,85,100],"e":[100,100,100]},{"t":15}],"ix":6,"l":2}},"ao":0,"ip":0,"op":90,"st":0,"bm":0},{"ddd":0,"ind":17,"ty":2,"nm":"tic_element5_shadow.png","cl":"png","parent":18,"refId":"image_12","sr":1,"ks":{"o":{"a":0,"k":100,"ix":11},"r":{"a":0,"k":0,"ix":10},"p":{"a":0,"k":[41.5,32,0],"ix":2,"l":2},"a":{"a":0,"k":[41.5,32,0],"ix":1,"l":2},"s":{"a":0,"k":[100,100,100],"ix":6,"l":2}},"ao":0,"ip":0,"op":90,"st":0,"bm":0},{"ddd":0,"ind":18,"ty":2,"nm":"tic_element5.png","cl":"png","refId":"image_13","sr":1,"ks":{"o":{"a":0,"k":100,"ix":11},"r":{"a":1,"k":[{"i":{"x":[0.667],"y":[1]},"o":{"x":[0.333],"y":[0]},"t":9,"s":[18],"e":[0]},{"t":17}],"ix":10},"p":{"a":1,"k":[{"i":{"x":0.772,"y":1},"o":{"x":0.31,"y":0},"t":9,"s":[337.5,1099,0],"e":[314.5,1076,0],"to":[-3.504,-14.994,0],"ti":[3.598,1.941,0]},{"t":19}],"ix":2,"l":2},"a":{"a":0,"k":[41.5,32,0],"ix":1,"l":2},"s":{"a":1,"k":[{"i":{"x":[0.667,0.667,0.667],"y":[1,1,1]},"o":{"x":[0.333,0.333,0.333],"y":[0,0,0]},"t":9,"s":[70,70,100],"e":[100,100,100]},{"t":17}],"ix":6,"l":2}},"ao":0,"ip":0,"op":90,"st":0,"bm":0},{"ddd":0,"ind":19,"ty":2,"nm":"tic_element6.png","cl":"png","refId":"image_14","sr":1,"ks":{"o":{"a":0,"k":100,"ix":11},"r":{"a":1,"k":[{"i":{"x":[0.667],"y":[1]},"o":{"x":[0.333],"y":[0]},"t":10,"s":[55],"e":[0]},{"t":20}],"ix":10},"p":{"a":1,"k":[{"i":{"x":0.232,"y":1},"o":{"x":0.085,"y":0},"t":10,"s":[337,1120,0],"e":[292,1088,0],"to":[-7.25,-12.083,0],"ti":[17.75,3.083,0]},{"t":20}],"ix":2,"l":2},"a":{"a":0,"k":[36,30,0],"ix":1,"l":2},"s":{"a":1,"k":[{"i":{"x":[0.667,0.667,0.667],"y":[1,1,1]},"o":{"x":[0.333,0.333,0.333],"y":[0,0,0]},"t":10,"s":[80,80,100],"e":[100,100,100]},{"t":20}],"ix":6,"l":2}},"ao":0,"ip":0,"op":90,"st":0,"bm":0},{"ddd":0,"ind":20,"ty":2,"nm":"tic_element7.png","cl":"png","refId":"image_15","sr":1,"ks":{"o":{"a":0,"k":100,"ix":11},"r":{"a":0,"k":0,"ix":10},"p":{"a":1,"k":[{"i":{"x":0.198,"y":0.977},"o":{"x":0.074,"y":0.001},"t":9,"s":[342,1117.25,0],"e":[318,1093.25,0],"to":[0,0,0],"ti":[0,0,0]},{"t":20}],"ix":2,"l":2},"a":{"a":0,"k":[36,30,0],"ix":1,"l":2},"s":{"a":0,"k":[100,100,100],"ix":6,"l":2}},"ao":0,"ip":0,"op":90,"st":0,"bm":0},{"ddd":0,"ind":21,"ty":2,"nm":"light_line.png","cl":"png","refId":"image_16","sr":1,"ks":{"o":{"a":1,"k":[{"i":{"x":[0.833],"y":[0.833]},"o":{"x":[0.167],"y":[0.167]},"t":11,"s":[0],"e":[100]},{"t":20}],"ix":11},"r":{"a":1,"k":[{"i":{"x":[0.17],"y":[1]},"o":{"x":[0.147],"y":[0]},"t":11,"s":[-54],"e":[0]},{"t":43}],"ix":10},"p":{"a":0,"k":[395.75,1085.25,0],"ix":2,"l":2},"a":{"a":0,"k":[83,65.5,0],"ix":1,"l":2},"s":{"a":0,"k":[100,100,100],"ix":6,"l":2}},"ao":0,"ip":0,"op":90,"st":0,"bm":0},{"ddd":0,"ind":22,"ty":2,"nm":"light.png","cl":"png","refId":"image_17","sr":1,"ks":{"o":{"a":0,"k":100,"ix":11},"r":{"a":0,"k":0,"ix":10},"p":{"a":0,"k":[395.75,1085.25,0],"ix":2,"l":2},"a":{"a":0,"k":[131.5,112.5,0],"ix":1,"l":2},"s":{"a":1,"k":[{"i":{"x":[0.667,0.667,0.667],"y":[1,1,1]},"o":{"x":[0.333,0.333,0.333],"y":[0,0,0]},"t":11,"s":[0,0,100],"e":[100,100,100]},{"t":16}],"ix":6,"l":2}},"ao":0,"ip":0,"op":90,"st":0,"bm":0},{"ddd":0,"ind":23,"ty":2,"nm":"cover_bottom.png","cl":"png","refId":"image_18","sr":1,"ks":{"o":{"a":0,"k":100,"ix":11},"r":{"a":0,"k":0,"ix":10},"p":{"a":1,"k":[{"i":{"x":0.833,"y":0.833},"o":{"x":0.167,"y":0.167},"t":13,"s":[373.75,1101.5,0],"e":[373.75,1103.5,0],"to":[0,0,0],"ti":[0,0,0]},{"i":{"x":0.833,"y":0.833},"o":{"x":0.167,"y":0.167},"t":14,"s":[373.75,1103.5,0],"e":[373.75,1101.5,0],"to":[0,0,0],"ti":[0,0,0]},{"t":15}],"ix":2,"l":2},"a":{"a":0,"k":[89.5,86,0],"ix":1,"l":2},"s":{"a":1,"k":[{"i":{"x":[0.833,0.833,0.833],"y":[0.833,0.833,0.833]},"o":{"x":[0.167,0.167,0.167],"y":[0.167,0.167,0.167]},"t":11,"s":[100,36,100],"e":[100,68,100]},{"i":{"x":[0.833,0.833,0.833],"y":[0.833,0.833,0.833]},"o":{"x":[0.167,0.167,0.167],"y":[0.167,0.167,0.167]},"t":12,"s":[100,68,100],"e":[100,114,100]},{"i":{"x":[0.833,0.833,0.833],"y":[0.833,0.833,0.833]},"o":{"x":[0.167,0.167,0.167],"y":[0.167,0.167,0.167]},"t":13,"s":[100,114,100],"e":[100,99.333,100]},{"i":{"x":[0.833,0.833,0.833],"y":[0.833,0.833,0.833]},"o":{"x":[0.167,0.167,0.167],"y":[0.167,0.167,0.167]},"t":14,"s":[100,99.333,100],"e":[100,94.667,100]},{"i":{"x":[0.833,0.833,0.833],"y":[0.833,0.833,0.833]},"o":{"x":[0.167,0.167,0.167],"y":[0.167,0.167,0.167]},"t":15,"s":[100,94.667,100],"e":[100,100,100]},{"t":16}],"ix":6,"l":2}},"ao":0,"ip":0,"op":105,"st":15,"bm":0},{"ddd":0,"ind":24,"ty":2,"nm":"cover_top.png","cl":"png","parent":9,"refId":"image_19","sr":1,"ks":{"o":{"a":0,"k":100,"ix":11},"r":{"a":0,"k":0,"ix":10},"p":{"a":0,"k":[98,-83.5,0],"ix":2,"l":2},"a":{"a":0,"k":[92,21.5,0],"ix":1,"l":2},"s":{"a":0,"k":[100,100,100],"ix":6,"l":2}},"ao":0,"ip":13,"op":90,"st":0,"bm":0},{"ddd":0,"ind":25,"ty":2,"nm":"box_shadow.png","cl":"png","refId":"image_20","sr":1,"ks":{"o":{"a":0,"k":100,"ix":11},"r":{"a":0,"k":0,"ix":10},"p":{"a":0,"k":[375,1176,0],"ix":2,"l":2},"a":{"a":0,"k":[141,14,0],"ix":1,"l":2},"s":{"a":1,"k":[{"i":{"x":[0.667,0.667,0.667],"y":[1,1,1]},"o":{"x":[0.333,0.333,0.333],"y":[0,0,0]},"t":6,"s":[100,100,100],"e":[97,97,100]},{"i":{"x":[0.667,0.667,0.667],"y":[1,1,1]},"o":{"x":[0.333,0.333,0.333],"y":[0,0,0]},"t":9,"s":[97,97,100],"e":[102,102,100]},{"i":{"x":[0.667,0.667,0.667],"y":[1,1,1]},"o":{"x":[0.333,0.333,0.333],"y":[0,0,0]},"t":12,"s":[102,102,100],"e":[100,100,100]},{"t":14}],"ix":6,"l":2}},"ao":0,"ip":0,"op":90,"st":0,"bm":0},{"ddd":0,"ind":26,"ty":2,"nm":"fire_bg.png","cl":"png","refId":"image_21","sr":1,"ks":{"o":{"a":0,"k":100,"ix":11},"r":{"a":0,"k":0,"ix":10},"p":{"a":0,"k":[367,1031,0],"ix":2,"l":2},"a":{"a":0,"k":[111,129,0],"ix":1,"l":2},"s":{"a":0,"k":[100,100,100],"ix":6,"l":2}},"ao":0,"ip":0,"op":91,"st":0,"bm":0}]}],"layers":[{"ddd":0,"ind":1,"ty":0,"nm":"Open_with_tickets 2","refId":"comp_0","sr":1,"ks":{"o":{"a":0,"k":100,"ix":11},"r":{"a":0,"k":0,"ix":10},"p":{"a":0,"k":[375,18,0],"ix":2,"l":2},"a":{"a":0,"k":[375.5,812,0],"ix":1,"l":2},"s":{"a":0,"k":[100,100,100],"ix":6,"l":2}},"ao":0,"w":751,"h":1624,"ip":0,"op":60,"st":0,"bm":0}],"markers":[],"props":{}}