{"v":"5.12.2","fr":30,"ip":0,"op":90,"w":750,"h":424,"nm":"dark_box_loop_output","ddd":0,"assets":[{"id":"image_0","w":24,"h":24,"u":"https://lf16-gecko-source.tiktokcdn.com/obj/byte-gurd-source-sg/musically/fe/live/tiktok_live_revenue_treasure_box/resource/lotties/images/","p":"yellow_element.e3c4fde1.png","e":0},{"id":"image_1","w":24,"h":24,"u":"https://lf16-gecko-source.tiktokcdn.com/obj/byte-gurd-source-sg/musically/fe/live/tiktok_live_revenue_treasure_box/resource/lotties/images/","p":"green_element.91fe077b.png","e":0},{"id":"image_2","w":26,"h":26,"u":"https://lf16-gecko-source.tiktokcdn.com/obj/byte-gurd-source-sg/musically/fe/live/tiktok_live_revenue_treasure_box/resource/lotties/images/","p":"red_element.c1286dad.png","e":0},{"id":"image_3","w":53,"h":53,"u":"https://lf16-gecko-source.tiktokcdn.com/obj/byte-gurd-source-sg/musically/fe/live/tiktok_live_revenue_treasure_box/resource/lotties/images/","p":"star.f17a0ecc.png","e":0},{"id":"image_4","w":83,"h":97,"u":"https://lf16-gecko-source.tiktokcdn.com/obj/byte-gurd-source-sg/musically/fe/live/tiktok_live_revenue_treasure_box/resource/lotties/images/","p":"box_icon.28ffc987.png","e":0},{"id":"image_5","w":190,"h":88,"u":"https://lf16-gecko-source.tiktokcdn.com/obj/byte-gurd-source-sg/musically/fe/live/tiktok_live_revenue_treasure_box/resource/lotties/images/","p":"box_cover_1.457d62ca.png","e":0},{"id":"image_6","w":195,"h":99,"u":"https://lf16-gecko-source.tiktokcdn.com/obj/byte-gurd-source-sg/musically/fe/live/tiktok_live_revenue_treasure_box/resource/lotties/images/","p":"box_bottom.516d7299.png","e":0},{"id":"image_7","w":179,"h":86,"u":"https://lf16-gecko-source.tiktokcdn.com/obj/byte-gurd-source-sg/musically/fe/live/tiktok_live_revenue_treasure_box/resource/lotties/images/","p":"cover_bottom.0943f2fb.png","e":0},{"id":"image_8","w":282,"h":36,"u":"https://lf16-gecko-source.tiktokcdn.com/obj/byte-gurd-source-sg/musically/fe/live/tiktok_live_revenue_treasure_box/resource/lotties/images/","p":"box_shadow.14d8590c.png","e":0},{"id":"image_9","w":222,"h":258,"u":"https://lf16-gecko-source.tiktokcdn.com/obj/byte-gurd-source-sg/musically/fe/live/tiktok_live_revenue_treasure_box/resource/lotties/images/","p":"fire_bg.e3748639.png","e":0},{"id":"comp_0","nm":"treasure_dark_box_loop_animation 2","fr":30,"layers":[{"ddd":0,"ind":1,"ty":2,"nm":"yellow_element.png","cl":"png","refId":"image_0","sr":1,"ks":{"o":{"a":1,"k":[{"i":{"x":[0.833],"y":[0.833]},"o":{"x":[0.167],"y":[0.167]},"t":11,"s":[100]},{"i":{"x":[0.833],"y":[0.833]},"o":{"x":[0.167],"y":[0.167]},"t":14,"s":[20]},{"i":{"x":[0.833],"y":[0.833]},"o":{"x":[0.167],"y":[0.167]},"t":17,"s":[100]},{"i":{"x":[0.833],"y":[0.833]},"o":{"x":[0.167],"y":[0.167]},"t":20,"s":[20]},{"i":{"x":[0.833],"y":[0.833]},"o":{"x":[0.167],"y":[0.167]},"t":24,"s":[100]},{"i":{"x":[0.833],"y":[0.833]},"o":{"x":[0.167],"y":[0.167]},"t":28,"s":[60]},{"i":{"x":[0.833],"y":[0.833]},"o":{"x":[0.167],"y":[0.167]},"t":32,"s":[100]},{"t":38,"s":[0]}],"ix":11},"r":{"a":0,"k":0,"ix":10},"p":{"a":1,"k":[{"i":{"x":0.459,"y":1},"o":{"x":0.12,"y":0},"t":-32,"s":[379,1035,0],"to":[-6,-22.167,0],"ti":[0,14.167,0]},{"t":38,"s":[381,976,0]}],"ix":2,"l":2},"a":{"a":0,"k":[12,12,0],"ix":1,"l":2},"s":{"a":1,"k":[{"i":{"x":[0.833,0.833,0.833],"y":[0.833,0.833,0.833]},"o":{"x":[0.167,0.167,0.167],"y":[0.167,0.167,0.167]},"t":-9,"s":[40,40,100]},{"t":28,"s":[30,30,100]}],"ix":6,"l":2}},"ao":0,"ip":0,"op":38,"st":-32,"bm":0},{"ddd":0,"ind":2,"ty":2,"nm":"yellow_element.png","cl":"png","refId":"image_0","sr":1,"ks":{"o":{"a":1,"k":[{"i":{"x":[0.833],"y":[0.833]},"o":{"x":[0.167],"y":[0.167]},"t":101,"s":[100]},{"i":{"x":[0.833],"y":[0.833]},"o":{"x":[0.167],"y":[0.167]},"t":104,"s":[20]},{"i":{"x":[0.833],"y":[0.833]},"o":{"x":[0.167],"y":[0.167]},"t":107,"s":[100]},{"i":{"x":[0.833],"y":[0.833]},"o":{"x":[0.167],"y":[0.167]},"t":110,"s":[20]},{"i":{"x":[0.833],"y":[0.833]},"o":{"x":[0.167],"y":[0.167]},"t":114,"s":[100]},{"i":{"x":[0.833],"y":[0.833]},"o":{"x":[0.167],"y":[0.167]},"t":118,"s":[60]},{"i":{"x":[0.833],"y":[0.833]},"o":{"x":[0.167],"y":[0.167]},"t":122,"s":[100]},{"t":128,"s":[0]}],"ix":11},"r":{"a":0,"k":0,"ix":10},"p":{"a":1,"k":[{"i":{"x":0.459,"y":1},"o":{"x":0.12,"y":0},"t":58,"s":[379,1035,0],"to":[-6,-22.167,0],"ti":[0,14.167,0]},{"t":128,"s":[381,976,0]}],"ix":2,"l":2},"a":{"a":0,"k":[12,12,0],"ix":1,"l":2},"s":{"a":1,"k":[{"i":{"x":[0.833,0.833,0.833],"y":[0.833,0.833,0.833]},"o":{"x":[0.167,0.167,0.167],"y":[0.167,0.167,0.167]},"t":81,"s":[40,40,100]},{"t":118,"s":[30,30,100]}],"ix":6,"l":2}},"ao":0,"ip":58,"op":90,"st":58,"bm":0},{"ddd":0,"ind":3,"ty":2,"nm":"yellow_element.png","cl":"png","refId":"image_0","sr":1,"ks":{"o":{"a":1,"k":[{"i":{"x":[0.833],"y":[0.833]},"o":{"x":[0.167],"y":[0.167]},"t":62,"s":[100]},{"i":{"x":[0.833],"y":[0.833]},"o":{"x":[0.167],"y":[0.167]},"t":65,"s":[20]},{"i":{"x":[0.833],"y":[0.833]},"o":{"x":[0.167],"y":[0.167]},"t":68,"s":[100]},{"i":{"x":[0.833],"y":[0.833]},"o":{"x":[0.167],"y":[0.167]},"t":71,"s":[20]},{"i":{"x":[0.833],"y":[0.833]},"o":{"x":[0.167],"y":[0.167]},"t":75,"s":[100]},{"i":{"x":[0.833],"y":[0.833]},"o":{"x":[0.167],"y":[0.167]},"t":79,"s":[60]},{"i":{"x":[0.833],"y":[0.833]},"o":{"x":[0.167],"y":[0.167]},"t":83,"s":[100]},{"t":89,"s":[0]}],"ix":11},"r":{"a":0,"k":0,"ix":10},"p":{"a":1,"k":[{"i":{"x":0.459,"y":1},"o":{"x":0.12,"y":0},"t":19,"s":[418,1033,0],"to":[16,-31.167,0],"ti":[0,14.167,0]},{"t":89,"s":[418,948,0]}],"ix":2,"l":2},"a":{"a":0,"k":[12,12,0],"ix":1,"l":2},"s":{"a":1,"k":[{"i":{"x":[0.833,0.833,0.833],"y":[0.833,0.833,0.833]},"o":{"x":[0.167,0.167,0.167],"y":[0.167,0.167,0.167]},"t":42,"s":[40,40,100]},{"t":79,"s":[30,30,100]}],"ix":6,"l":2}},"ao":0,"ip":19,"op":109,"st":19,"bm":0},{"ddd":0,"ind":4,"ty":2,"nm":"yellow_element.png","cl":"png","refId":"image_0","sr":1,"ks":{"o":{"a":1,"k":[{"i":{"x":[0.833],"y":[0.833]},"o":{"x":[0.167],"y":[0.167]},"t":43,"s":[100]},{"i":{"x":[0.833],"y":[0.833]},"o":{"x":[0.167],"y":[0.167]},"t":46,"s":[20]},{"i":{"x":[0.833],"y":[0.833]},"o":{"x":[0.167],"y":[0.167]},"t":49,"s":[100]},{"i":{"x":[0.833],"y":[0.833]},"o":{"x":[0.167],"y":[0.167]},"t":52,"s":[20]},{"i":{"x":[0.833],"y":[0.833]},"o":{"x":[0.167],"y":[0.167]},"t":56,"s":[100]},{"i":{"x":[0.833],"y":[0.833]},"o":{"x":[0.167],"y":[0.167]},"t":60,"s":[60]},{"i":{"x":[0.833],"y":[0.833]},"o":{"x":[0.167],"y":[0.167]},"t":64,"s":[100]},{"t":70,"s":[0]}],"ix":11},"r":{"a":0,"k":0,"ix":10},"p":{"a":1,"k":[{"i":{"x":0.459,"y":1},"o":{"x":0.246,"y":0},"t":0,"s":[326.5,1033,0],"to":[-12,-35.167,0],"ti":[0,14.167,0]},{"t":70,"s":[320.5,960.5,0]}],"ix":2,"l":2},"a":{"a":0,"k":[12,12,0],"ix":1,"l":2},"s":{"a":1,"k":[{"i":{"x":[0.833,0.833,0.833],"y":[0.833,0.833,0.833]},"o":{"x":[0.167,0.167,0.167],"y":[0.167,0.167,0.167]},"t":23,"s":[40,40,100]},{"t":60,"s":[30,30,100]}],"ix":6,"l":2}},"ao":0,"ip":0,"op":90,"st":0,"bm":0},{"ddd":0,"ind":5,"ty":2,"nm":"yellow_element.png","cl":"png","refId":"image_0","sr":1,"ks":{"o":{"a":1,"k":[{"i":{"x":[0.833],"y":[0.833]},"o":{"x":[0.167],"y":[0.167]},"t":15,"s":[100]},{"i":{"x":[0.833],"y":[0.833]},"o":{"x":[0.167],"y":[0.167]},"t":20,"s":[20]},{"i":{"x":[0.833],"y":[0.833]},"o":{"x":[0.167],"y":[0.167]},"t":22,"s":[100]},{"i":{"x":[0.833],"y":[0.833]},"o":{"x":[0.167],"y":[0.167]},"t":27,"s":[20]},{"i":{"x":[0.833],"y":[0.833]},"o":{"x":[0.167],"y":[0.167]},"t":29,"s":[100]},{"i":{"x":[0.833],"y":[0.833]},"o":{"x":[0.167],"y":[0.167]},"t":34,"s":[60]},{"i":{"x":[0.833],"y":[0.833]},"o":{"x":[0.167],"y":[0.167]},"t":36,"s":[100]},{"i":{"x":[0.833],"y":[0.833]},"o":{"x":[0.167],"y":[0.167]},"t":41,"s":[60]},{"i":{"x":[0.833],"y":[0.833]},"o":{"x":[0.167],"y":[0.167]},"t":43,"s":[60]},{"t":59,"s":[0]}],"ix":11},"r":{"a":0,"k":0,"ix":10},"p":{"a":1,"k":[{"i":{"x":0.394,"y":1},"o":{"x":0.27,"y":0},"t":-30,"s":[456,1163.375,0],"to":[51.667,-109.167,0],"ti":[4.333,77.167,0]},{"t":60,"s":[369,955.375,0]}],"ix":2,"l":2},"a":{"a":0,"k":[12,12,0],"ix":1,"l":2},"s":{"a":0,"k":[100,100,100],"ix":6,"l":2}},"ao":0,"ip":0,"op":60,"st":-30,"bm":0},{"ddd":0,"ind":6,"ty":2,"nm":"yellow_element.png","cl":"png","refId":"image_0","sr":1,"ks":{"o":{"a":1,"k":[{"i":{"x":[0.833],"y":[0.833]},"o":{"x":[0.167],"y":[0.167]},"t":105,"s":[100]},{"i":{"x":[0.833],"y":[0.833]},"o":{"x":[0.167],"y":[0.167]},"t":110,"s":[20]},{"i":{"x":[0.833],"y":[0.833]},"o":{"x":[0.167],"y":[0.167]},"t":112,"s":[100]},{"i":{"x":[0.833],"y":[0.833]},"o":{"x":[0.167],"y":[0.167]},"t":117,"s":[20]},{"i":{"x":[0.833],"y":[0.833]},"o":{"x":[0.167],"y":[0.167]},"t":119,"s":[100]},{"i":{"x":[0.833],"y":[0.833]},"o":{"x":[0.167],"y":[0.167]},"t":124,"s":[60]},{"i":{"x":[0.833],"y":[0.833]},"o":{"x":[0.167],"y":[0.167]},"t":126,"s":[100]},{"i":{"x":[0.833],"y":[0.833]},"o":{"x":[0.167],"y":[0.167]},"t":131,"s":[60]},{"i":{"x":[0.833],"y":[0.833]},"o":{"x":[0.167],"y":[0.167]},"t":133,"s":[60]},{"t":149,"s":[0]}],"ix":11},"r":{"a":0,"k":0,"ix":10},"p":{"a":1,"k":[{"i":{"x":0.394,"y":1},"o":{"x":0.27,"y":0},"t":60,"s":[456,1163.375,0],"to":[51.667,-109.167,0],"ti":[4.333,77.167,0]},{"t":150,"s":[369,955.375,0]}],"ix":2,"l":2},"a":{"a":0,"k":[12,12,0],"ix":1,"l":2},"s":{"a":0,"k":[100,100,100],"ix":6,"l":2}},"ao":0,"ip":60,"op":90,"st":60,"bm":0},{"ddd":0,"ind":7,"ty":2,"nm":"green_element.png","cl":"png","refId":"image_1","sr":1,"ks":{"o":{"a":1,"k":[{"i":{"x":[0.833],"y":[0.833]},"o":{"x":[0.167],"y":[0.167]},"t":-45,"s":[0]},{"i":{"x":[0.833],"y":[0.833]},"o":{"x":[0.167],"y":[0.167]},"t":-33,"s":[100]},{"i":{"x":[0.833],"y":[0.833]},"o":{"x":[0.167],"y":[0.167]},"t":14,"s":[100]},{"i":{"x":[0.833],"y":[0.833]},"o":{"x":[0.167],"y":[0.167]},"t":17,"s":[20]},{"i":{"x":[0.833],"y":[0.833]},"o":{"x":[0.167],"y":[0.167]},"t":19,"s":[100]},{"i":{"x":[0.833],"y":[0.833]},"o":{"x":[0.167],"y":[0.167]},"t":22,"s":[20]},{"i":{"x":[0.833],"y":[0.833]},"o":{"x":[0.167],"y":[0.167]},"t":24,"s":[100]},{"i":{"x":[0.833],"y":[0.833]},"o":{"x":[0.167],"y":[0.167]},"t":27,"s":[60]},{"i":{"x":[0.833],"y":[0.833]},"o":{"x":[0.167],"y":[0.167]},"t":29,"s":[100]},{"i":{"x":[0.833],"y":[0.833]},"o":{"x":[0.167],"y":[0.167]},"t":32,"s":[60]},{"i":{"x":[0.833],"y":[0.833]},"o":{"x":[0.167],"y":[0.167]},"t":34,"s":[60]},{"t":43,"s":[0]}],"ix":11},"r":{"a":0,"k":0,"ix":10},"p":{"a":1,"k":[{"i":{"x":0.833,"y":0.731},"o":{"x":0.371,"y":0},"t":-45,"s":[433.75,1177.25,0],"to":[11.5,-1.667,0],"ti":[4.083,11.333,0]},{"i":{"x":0.553,"y":1},"o":{"x":0.341,"y":0.459},"t":-23,"s":[465.75,1131.25,0],"to":[-24.083,-61.333,0],"ti":[26.833,113.167,0]},{"t":44,"s":[338,964.25,0]}],"ix":2,"l":2},"a":{"a":0,"k":[12,12,0],"ix":1,"l":2},"s":{"a":1,"k":[{"i":{"x":[0.833,0.833,0.833],"y":[0.833,0.833,0.833]},"o":{"x":[0.167,0.167,0.167],"y":[0.167,0.167,0.167]},"t":-10,"s":[140,140,100]},{"t":15,"s":[100,100,100]}],"ix":6,"l":2}},"ao":0,"ip":11,"op":45,"st":-45,"bm":0},{"ddd":0,"ind":8,"ty":2,"nm":"green_element.png","cl":"png","refId":"image_1","sr":1,"ks":{"o":{"a":1,"k":[{"i":{"x":[0.833],"y":[0.833]},"o":{"x":[0.167],"y":[0.167]},"t":45,"s":[0]},{"i":{"x":[0.833],"y":[0.833]},"o":{"x":[0.167],"y":[0.167]},"t":57,"s":[100]},{"i":{"x":[0.833],"y":[0.833]},"o":{"x":[0.167],"y":[0.167]},"t":104,"s":[100]},{"i":{"x":[0.833],"y":[0.833]},"o":{"x":[0.167],"y":[0.167]},"t":107,"s":[20]},{"i":{"x":[0.833],"y":[0.833]},"o":{"x":[0.167],"y":[0.167]},"t":109,"s":[100]},{"i":{"x":[0.833],"y":[0.833]},"o":{"x":[0.167],"y":[0.167]},"t":112,"s":[20]},{"i":{"x":[0.833],"y":[0.833]},"o":{"x":[0.167],"y":[0.167]},"t":114,"s":[100]},{"i":{"x":[0.833],"y":[0.833]},"o":{"x":[0.167],"y":[0.167]},"t":117,"s":[60]},{"i":{"x":[0.833],"y":[0.833]},"o":{"x":[0.167],"y":[0.167]},"t":119,"s":[100]},{"i":{"x":[0.833],"y":[0.833]},"o":{"x":[0.167],"y":[0.167]},"t":122,"s":[60]},{"i":{"x":[0.833],"y":[0.833]},"o":{"x":[0.167],"y":[0.167]},"t":124,"s":[60]},{"t":133,"s":[0]}],"ix":11},"r":{"a":0,"k":0,"ix":10},"p":{"a":1,"k":[{"i":{"x":0.833,"y":0.731},"o":{"x":0.371,"y":0},"t":45,"s":[433.75,1177.25,0],"to":[11.5,-1.667,0],"ti":[4.083,11.333,0]},{"i":{"x":0.553,"y":1},"o":{"x":0.341,"y":0.459},"t":67,"s":[465.75,1131.25,0],"to":[-24.083,-61.333,0],"ti":[26.833,113.167,0]},{"t":134,"s":[338,964.25,0]}],"ix":2,"l":2},"a":{"a":0,"k":[12,12,0],"ix":1,"l":2},"s":{"a":1,"k":[{"i":{"x":[0.833,0.833,0.833],"y":[0.833,0.833,0.833]},"o":{"x":[0.167,0.167,0.167],"y":[0.167,0.167,0.167]},"t":80,"s":[140,140,100]},{"t":105,"s":[100,100,100]}],"ix":6,"l":2}},"ao":0,"ip":45,"op":70,"st":45,"bm":0},{"ddd":0,"ind":9,"ty":2,"nm":"red_element.png","cl":"png","refId":"image_2","sr":1,"ks":{"o":{"a":1,"k":[{"i":{"x":[0.833],"y":[0.833]},"o":{"x":[0.167],"y":[0.167]},"t":0,"s":[0]},{"i":{"x":[0.833],"y":[0.833]},"o":{"x":[0.167],"y":[0.167]},"t":17,"s":[100]},{"i":{"x":[0.833],"y":[0.833]},"o":{"x":[0.167],"y":[0.167]},"t":44,"s":[100]},{"i":{"x":[0.833],"y":[0.833]},"o":{"x":[0.167],"y":[0.167]},"t":50,"s":[20]},{"i":{"x":[0.833],"y":[0.833]},"o":{"x":[0.167],"y":[0.167]},"t":52,"s":[100]},{"i":{"x":[0.833],"y":[0.833]},"o":{"x":[0.167],"y":[0.167]},"t":58,"s":[20]},{"i":{"x":[0.833],"y":[0.833]},"o":{"x":[0.167],"y":[0.167]},"t":60,"s":[100]},{"i":{"x":[0.833],"y":[0.833]},"o":{"x":[0.167],"y":[0.167]},"t":66,"s":[60]},{"i":{"x":[0.833],"y":[0.833]},"o":{"x":[0.167],"y":[0.167]},"t":68,"s":[100]},{"i":{"x":[0.833],"y":[0.833]},"o":{"x":[0.167],"y":[0.167]},"t":74,"s":[60]},{"i":{"x":[0.833],"y":[0.833]},"o":{"x":[0.167],"y":[0.167]},"t":76,"s":[100]},{"t":89,"s":[0]}],"ix":11},"r":{"a":0,"k":0,"ix":10},"p":{"a":1,"k":[{"i":{"x":0.495,"y":0.086},"o":{"x":0.2,"y":0},"t":0,"s":[288,1166,0],"to":[-5,-4.417,0],"ti":[-1,11.667,0]},{"i":{"x":0.444,"y":1},"o":{"x":0.269,"y":0.287},"t":11,"s":[279.5,1144.5,0],"to":[1,-43.667,0],"ti":[84.5,155.167,0]},{"t":90,"s":[408.5,925,0]}],"ix":2,"l":2},"a":{"a":0,"k":[13,13,0],"ix":1,"l":2},"s":{"a":1,"k":[{"i":{"x":[0.833,0.833,0.833],"y":[0.833,0.833,0.833]},"o":{"x":[0.167,0.167,0.167],"y":[0.167,0.167,0.167]},"t":30,"s":[100,100,100]},{"t":60,"s":[50,50,100]}],"ix":6,"l":2}},"ao":0,"ip":0,"op":90,"st":0,"bm":0},{"ddd":0,"ind":10,"ty":2,"nm":"star.png","cl":"png","refId":"image_3","sr":1,"ks":{"o":{"a":1,"k":[{"i":{"x":[0.511],"y":[1]},"o":{"x":[0.217],"y":[0]},"t":50,"s":[0]},{"i":{"x":[0.833],"y":[1]},"o":{"x":[0.439],"y":[0]},"t":63.714,"s":[100]},{"t":82,"s":[0]}],"ix":11},"r":{"a":0,"k":0,"ix":10},"p":{"a":0,"k":[267.25,1149.5,0],"ix":2,"l":2},"a":{"a":0,"k":[26.5,26.5,0],"ix":1,"l":2},"s":{"a":1,"k":[{"i":{"x":[0.511,0.511,0.667],"y":[1,1,1]},"o":{"x":[0.167,0.167,0.167],"y":[0,0,0]},"t":50,"s":[30,30,100]},{"i":{"x":[0.636,0.636,0.578],"y":[0.685,0.685,11.468]},"o":{"x":[0.282,0.282,0.182],"y":[0,0,0]},"t":63.286,"s":[40,40,100]},{"i":{"x":[0.667,0.667,0.667],"y":[1,1,1]},"o":{"x":[0.336,0.336,0.344],"y":[-0.871,-0.871,-8.547]},"t":72.143,"s":[25,25,100]},{"t":81,"s":[30,30,100]}],"ix":6,"l":2}},"ao":0,"ip":0,"op":133,"st":43,"bm":0},{"ddd":0,"ind":11,"ty":2,"nm":"star.png","cl":"png","refId":"image_3","sr":1,"ks":{"o":{"a":1,"k":[{"i":{"x":[0.511],"y":[1]},"o":{"x":[0.217],"y":[0]},"t":26,"s":[0]},{"i":{"x":[0.833],"y":[1]},"o":{"x":[0.439],"y":[0]},"t":39.714,"s":[100]},{"t":58,"s":[0]}],"ix":11},"r":{"a":0,"k":0,"ix":10},"p":{"a":0,"k":[475.25,1120,0],"ix":2,"l":2},"a":{"a":0,"k":[26.5,26.5,0],"ix":1,"l":2},"s":{"a":1,"k":[{"i":{"x":[0.511,0.511,0.667],"y":[1,1,1]},"o":{"x":[0.167,0.167,0.167],"y":[0,0,0]},"t":26,"s":[80,80,100]},{"i":{"x":[0.636,0.636,0.578],"y":[0.843,0.843,11.468]},"o":{"x":[0.282,0.282,0.182],"y":[0,0,0]},"t":39.286,"s":[100,100,100]},{"i":{"x":[0.681,0.681,0.703],"y":[1,1,1]},"o":{"x":[0.336,0.336,0.344],"y":[-0.436,-0.436,-8.547]},"t":48.143,"s":[70,70,100]},{"t":57,"s":[80,80,100]}],"ix":6,"l":2}},"ao":0,"ip":0,"op":108,"st":18,"bm":0},{"ddd":0,"ind":12,"ty":2,"nm":"star.png","cl":"png","refId":"image_3","sr":1,"ks":{"o":{"a":1,"k":[{"i":{"x":[0.511],"y":[1]},"o":{"x":[0.217],"y":[0]},"t":5,"s":[0]},{"i":{"x":[0.833],"y":[1]},"o":{"x":[0.439],"y":[0]},"t":18.714,"s":[100]},{"t":37,"s":[0]}],"ix":11},"r":{"a":0,"k":0,"ix":10},"p":{"a":0,"k":[344.75,1068.5,0],"ix":2,"l":2},"a":{"a":0,"k":[26.5,26.5,0],"ix":1,"l":2},"s":{"a":1,"k":[{"i":{"x":[0.511,0.511,0.667],"y":[1,1,1]},"o":{"x":[0.167,0.167,0.167],"y":[0,0,0]},"t":5,"s":[80,80,100]},{"i":{"x":[0.636,0.636,0.578],"y":[0.843,0.843,11.469]},"o":{"x":[0.282,0.282,0.182],"y":[0,0,0]},"t":18.714,"s":[100,100,100]},{"i":{"x":[0.681,0.681,0.703],"y":[1,1,1]},"o":{"x":[0.336,0.336,0.344],"y":[-0.436,-0.436,-8.546]},"t":27.857,"s":[70,70,100]},{"t":37,"s":[80,80,100]}],"ix":6,"l":2}},"ao":0,"ip":0,"op":90,"st":0,"bm":0},{"ddd":0,"ind":13,"ty":2,"nm":"box_icon.png","cl":"png","parent":15,"refId":"image_4","sr":1,"ks":{"o":{"a":0,"k":100,"ix":11},"r":{"a":0,"k":0,"ix":10},"p":{"a":1,"k":[{"i":{"x":0.667,"y":1},"o":{"x":0.333,"y":0},"t":40,"s":[95.625,12.5,0],"to":[0,0,0],"ti":[0,0,0]},{"i":{"x":0.667,"y":1},"o":{"x":0.333,"y":0},"t":44,"s":[95.625,1.052,0],"to":[0,0,0],"ti":[0,0,0]},{"t":47,"s":[95.625,12.5,0]}],"ix":2,"l":2},"a":{"a":0,"k":[41.5,48.5,0],"ix":1,"l":2},"s":{"a":1,"k":[{"i":{"x":[0.667,0.667,0.667],"y":[1,1,1]},"o":{"x":[0.333,0.333,0.333],"y":[0,0,0]},"t":40,"s":[100,100,100]},{"i":{"x":[0.667,0.667,0.667],"y":[1,1,1]},"o":{"x":[0.333,0.333,0.333],"y":[0,0,0]},"t":44,"s":[100,95,100]},{"t":47,"s":[100,100,100]}],"ix":6,"l":2}},"ao":0,"ip":0,"op":90,"st":0,"bm":0},{"ddd":0,"ind":14,"ty":2,"nm":"box_cover_1.png","cl":"png","parent":15,"refId":"image_5","sr":1,"ks":{"o":{"a":0,"k":100,"ix":11},"r":{"a":0,"k":0,"ix":10},"p":{"a":0,"k":[97,-73.75,0],"ix":2,"l":2},"a":{"a":0,"k":[95,0.25,0],"ix":1,"l":2},"s":{"a":1,"k":[{"i":{"x":[0.667,0.667,0.667],"y":[1,1,1]},"o":{"x":[0.333,0.333,0.333],"y":[0,0,0]},"t":40,"s":[100,100,100]},{"i":{"x":[0.833,0.833,0.833],"y":[1,1,1]},"o":{"x":[0.333,0.333,0.333],"y":[0,0,0]},"t":44,"s":[100,90,100]},{"t":47,"s":[100,100,100]}],"ix":6,"l":2}},"ao":0,"ip":0,"op":90,"st":0,"bm":0},{"ddd":0,"ind":15,"ty":2,"nm":"box_bottom.png","cl":"png","refId":"image_6","sr":1,"ks":{"o":{"a":0,"k":100,"ix":11},"r":{"a":0,"k":0,"ix":10},"p":{"a":0,"k":[373.5,1183.5,0],"ix":2,"l":2},"a":{"a":0,"k":[97.5,99.5,0],"ix":1,"l":2},"s":{"a":1,"k":[{"i":{"x":[0.667,0.667,0.667],"y":[1,1,1]},"o":{"x":[0.333,0.333,0.333],"y":[0,0,0]},"t":15,"s":[100,100,100]},{"i":{"x":[0.667,0.667,0.667],"y":[1,0.712,1]},"o":{"x":[0.333,0.333,0.333],"y":[0,0,0]},"t":18,"s":[100,103,100]},{"i":{"x":[0.667,0.667,0.667],"y":[1,1,1]},"o":{"x":[0.333,0.333,0.333],"y":[0,-0.48,0]},"t":21,"s":[100,98,100]},{"i":{"x":[0.667,0.667,0.667],"y":[1,1,1]},"o":{"x":[0.333,0.333,0.333],"y":[0,0,0]},"t":23,"s":[100,100,100]},{"i":{"x":[0.667,0.667,0.667],"y":[1,1,1]},"o":{"x":[0.333,0.333,0.333],"y":[0,0,0]},"t":27,"s":[100,100,100]},{"i":{"x":[0.667,0.667,0.667],"y":[1,0.794,1]},"o":{"x":[0.333,0.333,0.333],"y":[0,0,0]},"t":30,"s":[100,105,100]},{"i":{"x":[0.667,0.667,0.667],"y":[1,1,1]},"o":{"x":[0.333,0.333,0.333],"y":[0,-0.48,0]},"t":33,"s":[100,98,100]},{"i":{"x":[0.667,0.667,0.667],"y":[1,1,1]},"o":{"x":[0.333,0.333,0.333],"y":[0,0,0]},"t":35,"s":[100,100,100]},{"i":{"x":[0.667,0.667,0.667],"y":[1,1,1]},"o":{"x":[0.333,0.333,0.333],"y":[0,0,0]},"t":39,"s":[100,100,100]},{"i":{"x":[0.667,0.667,0.667],"y":[1,0.82,1]},"o":{"x":[0.333,0.333,0.333],"y":[0,0,0]},"t":42,"s":[100,106,100]},{"i":{"x":[0.667,0.667,0.667],"y":[1,1,1]},"o":{"x":[0.333,0.333,0.333],"y":[0,-0.48,0]},"t":45,"s":[100,98,100]},{"t":47,"s":[100,100,100]}],"ix":6,"l":2}},"ao":0,"ip":0,"op":90,"st":0,"bm":0},{"ddd":0,"ind":16,"ty":2,"nm":"cover_bottom.png","cl":"png","refId":"image_7","sr":1,"ks":{"o":{"a":0,"k":100,"ix":11},"r":{"a":0,"k":0,"ix":10},"p":{"a":0,"k":[372,1097,0],"ix":2,"l":2},"a":{"a":0,"k":[89.5,86,0],"ix":1,"l":2},"s":{"a":0,"k":[100,15,100],"ix":6,"l":2}},"ao":0,"ip":15,"op":105,"st":15,"bm":0},{"ddd":0,"ind":17,"ty":2,"nm":"box_shadow.png","cl":"png","refId":"image_8","sr":1,"ks":{"o":{"a":0,"k":100,"ix":11},"r":{"a":0,"k":0,"ix":10},"p":{"a":0,"k":[375,1176,0],"ix":2,"l":2},"a":{"a":0,"k":[141,14,0],"ix":1,"l":2},"s":{"a":1,"k":[{"i":{"x":[0.667,0.667,0.667],"y":[1,1,1]},"o":{"x":[0.333,0.333,0.333],"y":[0,0,0]},"t":15,"s":[100,100,100]},{"i":{"x":[0.667,0.667,0.667],"y":[1,1,1]},"o":{"x":[0.333,0.333,0.333],"y":[0,0,0]},"t":18,"s":[102,102,100]},{"i":{"x":[0.667,0.667,0.667],"y":[1,1,1]},"o":{"x":[0.333,0.333,0.333],"y":[0,0,0]},"t":21,"s":[98,98,100]},{"i":{"x":[0.667,0.667,0.667],"y":[1,1,1]},"o":{"x":[0.333,0.333,0.333],"y":[0,0,0]},"t":23,"s":[100,100,100]},{"i":{"x":[0.667,0.667,0.667],"y":[1,1,1]},"o":{"x":[0.333,0.333,0.333],"y":[0,0,0]},"t":27,"s":[100,100,100]},{"i":{"x":[0.667,0.667,0.667],"y":[1,1,1]},"o":{"x":[0.333,0.333,0.333],"y":[0,0,0]},"t":30,"s":[103,103,100]},{"i":{"x":[0.667,0.667,0.667],"y":[1,1,1]},"o":{"x":[0.333,0.333,0.333],"y":[0,0,0]},"t":33,"s":[98,98,100]},{"i":{"x":[0.667,0.667,0.667],"y":[1,1,1]},"o":{"x":[0.333,0.333,0.333],"y":[0,0,0]},"t":35,"s":[100,100,100]},{"i":{"x":[0.667,0.667,0.667],"y":[1,1,1]},"o":{"x":[0.333,0.333,0.333],"y":[0,0,0]},"t":39,"s":[100,100,100]},{"i":{"x":[0.667,0.667,0.667],"y":[1,1,1]},"o":{"x":[0.333,0.333,0.333],"y":[0,0,0]},"t":42,"s":[103,103,100]},{"i":{"x":[0.667,0.667,0.667],"y":[1,1,1]},"o":{"x":[0.333,0.333,0.333],"y":[0,0,0]},"t":45,"s":[98,98,100]},{"t":47,"s":[100,100,100]}],"ix":6,"l":2}},"ao":0,"ip":0,"op":90,"st":0,"bm":0},{"ddd":0,"ind":18,"ty":2,"nm":"fire_bg.png","cl":"png","refId":"image_9","sr":1,"ks":{"o":{"a":0,"k":100,"ix":11},"r":{"a":0,"k":0,"ix":10},"p":{"a":0,"k":[367,1031,0],"ix":2,"l":2},"a":{"a":0,"k":[111,129,0],"ix":1,"l":2},"s":{"a":0,"k":[100,100,100],"ix":6,"l":2}},"ao":0,"ip":0,"op":92,"st":0,"bm":0}]}],"layers":[{"ddd":0,"ind":1,"ty":0,"nm":"treasure_dark_box_loop_animation 2","refId":"comp_0","sr":1,"ks":{"o":{"a":0,"k":100,"ix":11},"r":{"a":0,"k":0,"ix":10},"p":{"a":0,"k":[375,18,0],"ix":2,"l":2},"a":{"a":0,"k":[375.5,812,0],"ix":1,"l":2},"s":{"a":0,"k":[100,100,100],"ix":6,"l":2}},"ao":0,"w":751,"h":1624,"ip":0,"op":90,"st":0,"bm":0}],"markers":[],"props":{}}