{"v":"5.12.2","fr":30,"ip":0,"op":60,"w":750,"h":424,"nm":"F_open_with_tickets_output","ddd":0,"assets":[{"id":"image_0","w":314,"h":74,"u":"https://lf16-gecko-source.tiktokcdn.com/obj/byte-gurd-source-sg/musically/fe/live/tiktok_live_revenue_treasure_box/resource/lotties/images/","p":"side_tic.db439e39.png","e":0},{"id":"image_1","w":42,"h":42,"u":"https://lf16-gecko-source.tiktokcdn.com/obj/byte-gurd-source-sg/musically/fe/live/tiktok_live_revenue_treasure_box/resource/lotties/images/","p":"star.fa0a70ee.png","e":0},{"id":"image_2","w":68,"h":50,"u":"https://lf16-gecko-source.tiktokcdn.com/obj/byte-gurd-source-sg/musically/fe/live/tiktok_live_revenue_treasure_box/resource/lotties/images/","p":"cover_icon_W.efad3ae5.png","e":0},{"id":"image_3","w":65,"h":90,"u":"https://lf16-gecko-source.tiktokcdn.com/obj/byte-gurd-source-sg/musically/fe/live/tiktok_live_revenue_treasure_box/resource/lotties/images/","p":"box_icon_W.7ca6be60.png","e":0},{"id":"image_4","w":191,"h":88,"u":"https://lf16-gecko-source.tiktokcdn.com/obj/byte-gurd-source-sg/musically/fe/live/tiktok_live_revenue_treasure_box/resource/lotties/images/","p":"box_cover_W.da0fb096.png","e":0},{"id":"image_5","w":196,"h":84,"u":"https://lf16-gecko-source.tiktokcdn.com/obj/byte-gurd-source-sg/musically/fe/live/tiktok_live_revenue_treasure_box/resource/lotties/images/","p":"box_bottom_W.b63b20fe.png","e":0},{"id":"image_6","w":170,"h":165,"u":"https://lf16-gecko-source.tiktokcdn.com/obj/byte-gurd-source-sg/musically/fe/live/tiktok_live_revenue_treasure_box/resource/lotties/images/","p":"tic_1.0c2df00d.png","e":0},{"id":"image_7","w":57,"h":30,"u":"https://lf16-gecko-source.tiktokcdn.com/obj/byte-gurd-source-sg/musically/fe/live/tiktok_live_revenue_treasure_box/resource/lotties/images/","p":"tic_element0.9036cf7d.png","e":0},{"id":"image_8","w":51,"h":32,"u":"https://lf16-gecko-source.tiktokcdn.com/obj/byte-gurd-source-sg/musically/fe/live/tiktok_live_revenue_treasure_box/resource/lotties/images/","p":"tic_element1.61c46209.png","e":0},{"id":"image_9","w":77,"h":49,"u":"https://lf16-gecko-source.tiktokcdn.com/obj/byte-gurd-source-sg/musically/fe/live/tiktok_live_revenue_treasure_box/resource/lotties/images/","p":"tic_element2.f28bba32.png","e":0},{"id":"image_10","w":76,"h":62,"u":"https://lf16-gecko-source.tiktokcdn.com/obj/byte-gurd-source-sg/musically/fe/live/tiktok_live_revenue_treasure_box/resource/lotties/images/","p":"tic_element3.2399e73c.png","e":0},{"id":"image_11","w":54,"h":59,"u":"https://lf16-gecko-source.tiktokcdn.com/obj/byte-gurd-source-sg/musically/fe/live/tiktok_live_revenue_treasure_box/resource/lotties/images/","p":"tic_element4.885502b1.png","e":0},{"id":"image_12","w":109,"h":96,"u":"https://lf16-gecko-source.tiktokcdn.com/obj/byte-gurd-source-sg/musically/fe/live/tiktok_live_revenue_treasure_box/resource/lotties/images/","p":"tic_element5.3aeed353.png","e":0},{"id":"image_13","w":72,"h":67,"u":"https://lf16-gecko-source.tiktokcdn.com/obj/byte-gurd-source-sg/musically/fe/live/tiktok_live_revenue_treasure_box/resource/lotties/images/","p":"tic_element6.a5b51c11.png","e":0},{"id":"image_14","w":68,"h":73,"u":"https://lf16-gecko-source.tiktokcdn.com/obj/byte-gurd-source-sg/musically/fe/live/tiktok_live_revenue_treasure_box/resource/lotties/images/","p":"tic_element7.7484c052.png","e":0},{"id":"image_15","w":166,"h":131,"u":"https://lf16-gecko-source.tiktokcdn.com/obj/byte-gurd-source-sg/musically/fe/live/tiktok_live_revenue_treasure_box/resource/lotties/images/","p":"light_line.c4690117.png","e":0},{"id":"image_16","w":176,"h":84,"u":"https://lf16-gecko-source.tiktokcdn.com/obj/byte-gurd-source-sg/musically/fe/live/tiktok_live_revenue_treasure_box/resource/lotties/images/","p":"cover_bottom_W.9f74010f.png","e":0},{"id":"image_17","w":181,"h":42,"u":"https://lf16-gecko-source.tiktokcdn.com/obj/byte-gurd-source-sg/musically/fe/live/tiktok_live_revenue_treasure_box/resource/lotties/images/","p":"cover_top_W.425443d3.png","e":0},{"id":"image_18","w":311,"h":31,"u":"https://lf16-gecko-source.tiktokcdn.com/obj/byte-gurd-source-sg/musically/fe/live/tiktok_live_revenue_treasure_box/resource/lotties/images/","p":"box_shadow.5b8dc1de.png","e":0},{"id":"image_19","w":60,"h":30,"u":"https://lf16-gecko-source.tiktokcdn.com/obj/byte-gurd-source-sg/musically/fe/live/tiktok_live_revenue_treasure_box/resource/lotties/images/","p":"back_tic.b6a7686c.png","e":0},{"id":"comp_0","nm":"Open_with_tickets_W","fr":30,"layers":[{"ddd":0,"ind":1,"ty":2,"nm":"side_tic.png","cl":"png","refId":"image_0","sr":1,"ks":{"o":{"a":0,"k":100,"ix":11},"r":{"a":0,"k":0,"ix":10},"p":{"a":0,"k":[377,1173,0],"ix":2,"l":2},"a":{"a":0,"k":[157,37,0],"ix":1,"l":2},"s":{"a":0,"k":[100,100,100],"ix":6,"l":2}},"ao":0,"ip":0,"op":90,"st":0,"bm":0},{"ddd":0,"ind":2,"ty":2,"nm":"star.png","cl":"png","refId":"image_1","sr":1,"ks":{"o":{"a":0,"k":100,"ix":11},"r":{"a":0,"k":0,"ix":10},"p":{"a":0,"k":[267.5,1151,0],"ix":2,"l":2},"a":{"a":0,"k":[21,21,0],"ix":1,"l":2},"s":{"a":1,"k":[{"i":{"x":[0.511,0.511,0.667],"y":[1,1,1]},"o":{"x":[0.167,0.167,0.167],"y":[0,0,0]},"t":18,"s":[0,0,100],"e":[32,32,100]},{"i":{"x":[0.833,0.833,0.833],"y":[1,1,1]},"o":{"x":[0.282,0.282,0.182],"y":[0,0,0]},"t":31,"s":[32,32,100],"e":[0,0,100]},{"t":45}],"ix":6,"l":2}},"ao":0,"ip":17,"op":102,"st":12,"bm":0},{"ddd":0,"ind":3,"ty":2,"nm":"star.png","cl":"png","refId":"image_1","sr":1,"ks":{"o":{"a":0,"k":100,"ix":11},"r":{"a":0,"k":0,"ix":10},"p":{"a":0,"k":[475,1119.5,0],"ix":2,"l":2},"a":{"a":0,"k":[21,21,0],"ix":1,"l":2},"s":{"a":1,"k":[{"i":{"x":[0.511,0.511,0.667],"y":[1,1,1]},"o":{"x":[0.167,0.167,0.167],"y":[0,0,0]},"t":28,"s":[0,0,100],"e":[85,85,100]},{"i":{"x":[0.833,0.833,0.833],"y":[1,1,1]},"o":{"x":[0.282,0.282,0.182],"y":[0,0,0]},"t":41,"s":[85,85,100],"e":[0,0,100]},{"t":55}],"ix":6,"l":2}},"ao":0,"ip":28,"op":112,"st":22,"bm":0},{"ddd":0,"ind":4,"ty":2,"nm":"star.png","cl":"png","refId":"image_1","sr":1,"ks":{"o":{"a":0,"k":100,"ix":11},"r":{"a":1,"k":[{"i":{"x":[0.833],"y":[0.833]},"o":{"x":[0.167],"y":[0.167]},"t":23,"s":[-42],"e":[-1]},{"i":{"x":[0.833],"y":[0.833]},"o":{"x":[0.167],"y":[0.167]},"t":36,"s":[-1],"e":[77]},{"t":50}],"ix":10},"p":{"a":0,"k":[345.5,1069,0],"ix":2,"l":2},"a":{"a":0,"k":[21,21,0],"ix":1,"l":2},"s":{"a":1,"k":[{"i":{"x":[0.511,0.511,0.667],"y":[1,1,1]},"o":{"x":[0.167,0.167,0.167],"y":[0,0,0]},"t":23,"s":[0,0,100],"e":[100,100,100]},{"i":{"x":[0.833,0.833,0.833],"y":[1,1,1]},"o":{"x":[0.282,0.282,0.182],"y":[0,0,0]},"t":36,"s":[100,100,100],"e":[0,0,100]},{"t":50}],"ix":6,"l":2}},"ao":0,"ip":22,"op":99,"st":9,"bm":0},{"ddd":0,"ind":5,"ty":2,"nm":"star.png","cl":"png","refId":"image_1","sr":1,"ks":{"o":{"a":0,"k":100,"ix":11},"r":{"a":1,"k":[{"i":{"x":[0.833],"y":[0.833]},"o":{"x":[0.167],"y":[0.167]},"t":17,"s":[-42],"e":[77]},{"t":38}],"ix":10},"p":{"a":0,"k":[326.25,1055.75,0],"ix":2,"l":2},"a":{"a":0,"k":[21,21,0],"ix":1,"l":2},"s":{"a":1,"k":[{"i":{"x":[0.511,0.511,0.667],"y":[1,1,1]},"o":{"x":[0.167,0.167,0.167],"y":[0,0,0]},"t":18,"s":[0,0,100],"e":[30,30,100]},{"i":{"x":[0.833,0.833,0.833],"y":[1,1,1]},"o":{"x":[0.282,0.282,0.182],"y":[0,0,0]},"t":27,"s":[30,30,100],"e":[0,0,100]},{"t":37}],"ix":6,"l":2}},"ao":0,"ip":16,"op":95,"st":5,"bm":0},{"ddd":0,"ind":6,"ty":2,"nm":"star.png","cl":"png","refId":"image_1","sr":1,"ks":{"o":{"a":0,"k":100,"ix":11},"r":{"a":1,"k":[{"i":{"x":[0.833],"y":[0.833]},"o":{"x":[0.167],"y":[0.167]},"t":10,"s":[-42],"e":[21]},{"i":{"x":[0.833],"y":[0.833]},"o":{"x":[0.167],"y":[0.167]},"t":23,"s":[21],"e":[77]},{"t":37}],"ix":10},"p":{"a":0,"k":[391,1042.5,0],"ix":2,"l":2},"a":{"a":0,"k":[21,21,0],"ix":1,"l":2},"s":{"a":1,"k":[{"i":{"x":[0.511,0.511,0.667],"y":[1,1,1]},"o":{"x":[0.167,0.167,0.167],"y":[0,0,0]},"t":10,"s":[0,0,100],"e":[100,100,100]},{"i":{"x":[0.833,0.833,0.833],"y":[1,1,1]},"o":{"x":[0.282,0.282,0.182],"y":[0,0,0]},"t":23,"s":[100,100,100],"e":[0,0,100]},{"t":37}],"ix":6,"l":2}},"ao":0,"ip":10,"op":94,"st":4,"bm":0},{"ddd":0,"ind":7,"ty":2,"nm":"cover_icon_W.png","cl":"png","refId":"image_2","sr":1,"ks":{"o":{"a":0,"k":100,"ix":11},"r":{"a":0,"k":0,"ix":10},"p":{"a":1,"k":[{"i":{"x":0.833,"y":0.833},"o":{"x":0.167,"y":0.167},"t":13,"s":[372.838,1011.526,0],"e":[372.838,1030.035,0],"to":[0,0,0],"ti":[0,0,0]},{"i":{"x":0.833,"y":0.833},"o":{"x":0.167,"y":0.167},"t":14,"s":[372.838,1030.035,0],"e":[372.838,1030.032,0],"to":[0,0,0],"ti":[0,0,0]},{"i":{"x":0.833,"y":0.833},"o":{"x":0.167,"y":0.167},"t":15,"s":[372.838,1030.032,0],"e":[372.838,1026.026,0],"to":[0,0,0],"ti":[0,0,0]},{"t":16}],"ix":2,"l":2},"a":{"a":0,"k":[34,25,0],"ix":1,"l":2},"s":{"a":1,"k":[{"i":{"x":[0.833,0.833,0.833],"y":[0.833,0.833,0.833]},"o":{"x":[0.167,0.167,0.167],"y":[0.167,0.167,0.167]},"t":13,"s":[100,90,100],"e":[100,100,100]},{"t":16}],"ix":6,"l":2}},"ao":0,"ip":13,"op":90,"st":0,"bm":0},{"ddd":0,"ind":8,"ty":2,"nm":"box_icon_W.png","cl":"png","parent":9,"refId":"image_3","sr":1,"ks":{"o":{"a":0,"k":100,"ix":11},"r":{"a":0,"k":0,"ix":10},"p":{"a":1,"k":[{"i":{"x":0.833,"y":0.833},"o":{"x":0.167,"y":0.167},"t":9,"s":[93.625,86.5,0],"e":[93.625,68.905,0],"to":[0,0,0],"ti":[0,0,0]},{"t":12}],"ix":2,"l":2},"a":{"a":0,"k":[32.5,45,0],"ix":1,"l":2},"s":{"a":0,"k":[100,100,100],"ix":6,"l":2}},"ao":0,"ip":0,"op":13,"st":0,"bm":0},{"ddd":0,"ind":9,"ty":2,"nm":"box_cover_W.png","cl":"png","parent":10,"refId":"image_4","sr":1,"ks":{"o":{"a":0,"k":100,"ix":11},"r":{"a":0,"k":0,"ix":10},"p":{"a":0,"k":[97,-83.75,0],"ix":2,"l":2},"a":{"a":0,"k":[95.5,0.25,0],"ix":1,"l":2},"s":{"a":1,"k":[{"i":{"x":[0.833,0.833,0.833],"y":[0.833,0.833,0.833]},"o":{"x":[0.167,0.167,0.167],"y":[0.167,0.167,0.167]},"t":10,"s":[100,100,100],"e":[100,43,100]},{"t":13}],"ix":6,"l":2}},"ao":0,"ip":0,"op":13,"st":0,"bm":0},{"ddd":0,"ind":10,"ty":2,"nm":"box_bottom_W.png","cl":"png","refId":"image_5","sr":1,"ks":{"o":{"a":0,"k":100,"ix":11},"r":{"a":0,"k":0,"ix":10},"p":{"a":0,"k":[373.5,1183.5,0],"ix":2,"l":2},"a":{"a":0,"k":[98,84.424,0],"ix":1,"l":2},"s":{"a":1,"k":[{"i":{"x":[0.667,0.667,0.667],"y":[1,1,1]},"o":{"x":[0.333,0.333,0.333],"y":[0,0,0]},"t":6,"s":[100,100,100],"e":[100,85,100]},{"i":{"x":[0.667,0.667,0.667],"y":[1,1,1]},"o":{"x":[0.333,0.333,0.333],"y":[0,0,0]},"t":9,"s":[100,85,100],"e":[100,115,100]},{"i":{"x":[0.667,0.667,0.667],"y":[1,0.779,1]},"o":{"x":[0.333,0.333,0.333],"y":[0,0,0]},"t":12,"s":[100,115,100],"e":[100,98,100]},{"i":{"x":[0.667,0.667,0.667],"y":[1,1,1]},"o":{"x":[0.333,0.333,0.333],"y":[0,-1.875,0]},"t":14,"s":[100,98,100],"e":[100,100,100]},{"t":16}],"ix":6,"l":2}},"ao":0,"ip":0,"op":90,"st":0,"bm":0},{"ddd":0,"ind":11,"ty":2,"nm":"tic_1.png","cl":"png","refId":"image_6","sr":1,"ks":{"o":{"a":0,"k":100,"ix":11},"r":{"a":1,"k":[{"i":{"x":[0.667],"y":[0.816]},"o":{"x":[0.333],"y":[0]},"t":9,"s":[-14],"e":[2]},{"i":{"x":[0.667],"y":[1]},"o":{"x":[0.333],"y":[-1.176]},"t":14,"s":[2],"e":[0]},{"t":18}],"ix":10},"p":{"a":1,"k":[{"i":{"x":0.667,"y":1},"o":{"x":0.333,"y":0},"t":9,"s":[361,1147,0],"e":[361,1093,0],"to":[0,0,0],"ti":[0,0,0]},{"i":{"x":0.667,"y":1},"o":{"x":0.167,"y":0},"t":14,"s":[361,1093,0],"e":[361,1101,0],"to":[0,0,0],"ti":[0,0,0]},{"t":18}],"ix":2,"l":2},"a":{"a":0,"k":[85,82.5,0],"ix":1,"l":2},"s":{"a":1,"k":[{"i":{"x":[0.667,0.667,0.667],"y":[1,1,1]},"o":{"x":[0.333,0.333,0.333],"y":[0,0,0]},"t":9,"s":[40,40,100],"e":[100,100,100]},{"t":13}],"ix":6,"l":2}},"ao":0,"ip":0,"op":90,"st":0,"bm":0},{"ddd":0,"ind":12,"ty":2,"nm":"tic_element0.png","cl":"png","refId":"image_7","sr":1,"ks":{"o":{"a":0,"k":100,"ix":11},"r":{"a":1,"k":[{"i":{"x":[0.667],"y":[1]},"o":{"x":[0.333],"y":[0]},"t":9,"s":[-17],"e":[0]},{"t":16}],"ix":10},"p":{"a":1,"k":[{"i":{"x":0.667,"y":1},"o":{"x":0.333,"y":0},"t":9,"s":[395.875,1121.625,0],"e":[415.375,1093.625,0],"to":[2.083,-10.917,0],"ti":[-8.583,5.917,0]},{"t":16}],"ix":2,"l":2},"a":{"a":0,"k":[28.5,15,0],"ix":1,"l":2},"s":{"a":1,"k":[{"i":{"x":[0.667,0.667,0.667],"y":[1,1,1]},"o":{"x":[0.333,0.333,0.333],"y":[0,0,0]},"t":9,"s":[80,80,100],"e":[100,100,100]},{"t":16}],"ix":6,"l":2}},"ao":0,"ip":0,"op":90,"st":0,"bm":0},{"ddd":0,"ind":13,"ty":2,"nm":"tic_element1.png","cl":"png","refId":"image_8","sr":1,"ks":{"o":{"a":0,"k":100,"ix":11},"r":{"a":1,"k":[{"i":{"x":[0.153],"y":[1.025]},"o":{"x":[0.118],"y":[0.052]},"t":12,"s":[-15],"e":[0]},{"t":29}],"ix":10},"p":{"a":1,"k":[{"i":{"x":0,"y":1},"o":{"x":0.064,"y":0.003},"t":12,"s":[409.5,1104.5,0],"e":[521.5,1043.5,0],"to":[25.667,-26.167,0],"ti":[-44.667,13.167,0]},{"t":29}],"ix":2,"l":2},"a":{"a":0,"k":[25.5,16,0],"ix":1,"l":2},"s":{"a":0,"k":[100,100,100],"ix":6,"l":2}},"ao":0,"ip":12,"op":90,"st":0,"bm":0},{"ddd":0,"ind":14,"ty":2,"nm":"tic_element2.png","cl":"png","refId":"image_9","sr":1,"ks":{"o":{"a":0,"k":100,"ix":11},"r":{"a":1,"k":[{"i":{"x":[0.165],"y":[1]},"o":{"x":[0.059],"y":[0.011]},"t":9,"s":[16],"e":[0]},{"t":26}],"ix":10},"p":{"a":1,"k":[{"i":{"x":0.165,"y":1},"o":{"x":0.059,"y":0},"t":9,"s":[320.5,1104.5,0],"e":[205.5,1054.5,0],"to":[-32.167,-29.333,0],"ti":[44.667,1.333,0]},{"t":26}],"ix":2,"l":2},"a":{"a":0,"k":[38.5,24.5,0],"ix":1,"l":2},"s":{"a":0,"k":[100,100,100],"ix":6,"l":2}},"ao":0,"ip":9,"op":90,"st":0,"bm":0},{"ddd":0,"ind":15,"ty":2,"nm":"tic_element3.png","cl":"png","refId":"image_10","sr":1,"ks":{"o":{"a":0,"k":100,"ix":11},"r":{"a":1,"k":[{"i":{"x":[0.667],"y":[1]},"o":{"x":[0.333],"y":[0]},"t":9,"s":[-21],"e":[0]},{"t":19}],"ix":10},"p":{"a":1,"k":[{"i":{"x":0.279,"y":1},"o":{"x":0.054,"y":0},"t":9,"s":[411.625,1133,0],"e":[450.125,1098,0],"to":[6.417,-13.833,0],"ti":[-23.917,8.833,0]},{"t":19}],"ix":2,"l":2},"a":{"a":0,"k":[38,31,0],"ix":1,"l":2},"s":{"a":1,"k":[{"i":{"x":[0.667,0.667,0.667],"y":[1,1,1]},"o":{"x":[0.333,0.333,0.333],"y":[0,0,0]},"t":9,"s":[81,81,100],"e":[100,100,100]},{"t":19}],"ix":6,"l":2}},"ao":0,"ip":0,"op":90,"st":0,"bm":0},{"ddd":0,"ind":16,"ty":2,"nm":"tic_element4.png","cl":"png","refId":"image_11","sr":1,"ks":{"o":{"a":0,"k":100,"ix":11},"r":{"a":1,"k":[{"i":{"x":[0.667],"y":[1]},"o":{"x":[0.333],"y":[0]},"t":8,"s":[-27],"e":[0]},{"t":15}],"ix":10},"p":{"a":1,"k":[{"i":{"x":0.139,"y":1},"o":{"x":0.101,"y":0},"t":8,"s":[398,1101.5,0],"e":[424.5,1077,0],"to":[7.917,-12.083,0],"ti":[-10.917,6.583,0]},{"t":18}],"ix":2,"l":2},"a":{"a":0,"k":[27,29.5,0],"ix":1,"l":2},"s":{"a":1,"k":[{"i":{"x":[0.667,0.667,0.667],"y":[1,1,1]},"o":{"x":[0.333,0.333,0.333],"y":[0,0,0]},"t":8,"s":[85,85,100],"e":[100,100,100]},{"t":15}],"ix":6,"l":2}},"ao":0,"ip":0,"op":90,"st":0,"bm":0},{"ddd":0,"ind":17,"ty":2,"nm":"tic_element5.png","cl":"png","refId":"image_12","sr":1,"ks":{"o":{"a":0,"k":100,"ix":11},"r":{"a":1,"k":[{"i":{"x":[0.667],"y":[1]},"o":{"x":[0.333],"y":[0]},"t":9,"s":[18],"e":[0]},{"t":17}],"ix":10},"p":{"a":1,"k":[{"i":{"x":0.772,"y":1},"o":{"x":0.31,"y":0},"t":9,"s":[371,1120.5,0],"e":[348,1097.5,0],"to":[-3.504,-14.994,0],"ti":[3.598,1.941,0]},{"t":19}],"ix":2,"l":2},"a":{"a":0,"k":[54.5,48,0],"ix":1,"l":2},"s":{"a":1,"k":[{"i":{"x":[0.667,0.667,0.667],"y":[1,1,1]},"o":{"x":[0.333,0.333,0.333],"y":[0,0,0]},"t":9,"s":[70,70,100],"e":[100,100,100]},{"t":17}],"ix":6,"l":2}},"ao":0,"ip":0,"op":90,"st":0,"bm":0},{"ddd":0,"ind":18,"ty":2,"nm":"tic_element6.png","cl":"png","refId":"image_13","sr":1,"ks":{"o":{"a":0,"k":100,"ix":11},"r":{"a":1,"k":[{"i":{"x":[0.667],"y":[1]},"o":{"x":[0.333],"y":[0]},"t":10,"s":[55],"e":[0]},{"t":20}],"ix":10},"p":{"a":1,"k":[{"i":{"x":0.232,"y":1},"o":{"x":0.085,"y":0},"t":10,"s":[337,1135,0],"e":[292,1103,0],"to":[-7.25,-12.083,0],"ti":[17.75,3.083,0]},{"t":20}],"ix":2,"l":2},"a":{"a":0,"k":[36,33.5,0],"ix":1,"l":2},"s":{"a":1,"k":[{"i":{"x":[0.667,0.667,0.667],"y":[1,1,1]},"o":{"x":[0.333,0.333,0.333],"y":[0,0,0]},"t":10,"s":[80,80,100],"e":[100,100,100]},{"t":20}],"ix":6,"l":2}},"ao":0,"ip":0,"op":90,"st":0,"bm":0},{"ddd":0,"ind":19,"ty":2,"nm":"tic_element7.png","cl":"png","refId":"image_14","sr":1,"ks":{"o":{"a":0,"k":100,"ix":11},"r":{"a":0,"k":0,"ix":10},"p":{"a":1,"k":[{"i":{"x":0.198,"y":0.977},"o":{"x":0.074,"y":0.001},"t":9,"s":[349.5,1119.75,0],"e":[325.5,1095.75,0],"to":[0,0,0],"ti":[0,0,0]},{"t":20}],"ix":2,"l":2},"a":{"a":0,"k":[34,36.5,0],"ix":1,"l":2},"s":{"a":0,"k":[100,100,100],"ix":6,"l":2}},"ao":0,"ip":0,"op":90,"st":0,"bm":0},{"ddd":0,"ind":20,"ty":2,"nm":"light_line.png","cl":"png","refId":"image_15","sr":1,"ks":{"o":{"a":1,"k":[{"i":{"x":[0.833],"y":[0.833]},"o":{"x":[0.167],"y":[0.167]},"t":11,"s":[0],"e":[100]},{"t":20}],"ix":11},"r":{"a":1,"k":[{"i":{"x":[0.17],"y":[1]},"o":{"x":[0.147],"y":[0]},"t":11,"s":[-54],"e":[0]},{"t":43}],"ix":10},"p":{"a":0,"k":[370.75,1090.25,0],"ix":2,"l":2},"a":{"a":0,"k":[83,65.5,0],"ix":1,"l":2},"s":{"a":0,"k":[100,100,100],"ix":6,"l":2}},"ao":0,"ip":0,"op":90,"st":0,"bm":0},{"ddd":0,"ind":21,"ty":2,"nm":"cover_bottom_W.png","cl":"png","refId":"image_16","sr":1,"ks":{"o":{"a":0,"k":100,"ix":11},"r":{"a":0,"k":0,"ix":10},"p":{"a":1,"k":[{"i":{"x":0.833,"y":0.833},"o":{"x":0.167,"y":0.167},"t":13,"s":[373.75,1101.5,0],"e":[373.75,1103.5,0],"to":[0,0,0],"ti":[0,0,0]},{"i":{"x":0.833,"y":0.833},"o":{"x":0.167,"y":0.167},"t":14,"s":[373.75,1103.5,0],"e":[373.75,1101.5,0],"to":[0,0,0],"ti":[0,0,0]},{"t":15}],"ix":2,"l":2},"a":{"a":0,"k":[88,84,0],"ix":1,"l":2},"s":{"a":1,"k":[{"i":{"x":[0.833,0.833,0.833],"y":[0.833,0.833,0.833]},"o":{"x":[0.167,0.167,0.167],"y":[0.167,0.167,0.167]},"t":11,"s":[100,36,100],"e":[100,68,100]},{"i":{"x":[0.833,0.833,0.833],"y":[0.833,0.833,0.833]},"o":{"x":[0.167,0.167,0.167],"y":[0.167,0.167,0.167]},"t":12,"s":[100,68,100],"e":[100,114,100]},{"i":{"x":[0.833,0.833,0.833],"y":[0.833,0.833,0.833]},"o":{"x":[0.167,0.167,0.167],"y":[0.167,0.167,0.167]},"t":13,"s":[100,114,100],"e":[100,99.333,100]},{"i":{"x":[0.833,0.833,0.833],"y":[0.833,0.833,0.833]},"o":{"x":[0.167,0.167,0.167],"y":[0.167,0.167,0.167]},"t":14,"s":[100,99.333,100],"e":[100,94.667,100]},{"i":{"x":[0.833,0.833,0.833],"y":[0.833,0.833,0.833]},"o":{"x":[0.167,0.167,0.167],"y":[0.167,0.167,0.167]},"t":15,"s":[100,94.667,100],"e":[100,100,100]},{"t":16}],"ix":6,"l":2}},"ao":0,"ip":0,"op":105,"st":15,"bm":0},{"ddd":0,"ind":22,"ty":2,"nm":"cover_top_W.png","cl":"png","parent":10,"refId":"image_17","sr":1,"ks":{"o":{"a":0,"k":100,"ix":11},"r":{"a":0,"k":0,"ix":10},"p":{"a":0,"k":[98,-83.5,0],"ix":2,"l":2},"a":{"a":0,"k":[90.5,21,0],"ix":1,"l":2},"s":{"a":0,"k":[100,100,100],"ix":6,"l":2}},"ao":0,"ip":13,"op":90,"st":0,"bm":0},{"ddd":0,"ind":23,"ty":2,"nm":"box_shadow.png","cl":"png","refId":"image_18","sr":1,"ks":{"o":{"a":0,"k":100,"ix":11},"r":{"a":0,"k":0,"ix":10},"p":{"a":0,"k":[375,1176,0],"ix":2,"l":2},"a":{"a":0,"k":[155.5,12.056,0],"ix":1,"l":2},"s":{"a":1,"k":[{"i":{"x":[0.667,0.667,0.667],"y":[1,1,1]},"o":{"x":[0.333,0.333,0.333],"y":[0,0,0]},"t":6,"s":[100,100,100],"e":[97,97,100]},{"i":{"x":[0.667,0.667,0.667],"y":[1,1,1]},"o":{"x":[0.333,0.333,0.333],"y":[0,0,0]},"t":9,"s":[97,97,100],"e":[102,102,100]},{"i":{"x":[0.667,0.667,0.667],"y":[1,1,1]},"o":{"x":[0.333,0.333,0.333],"y":[0,0,0]},"t":12,"s":[102,102,100],"e":[100,100,100]},{"t":14}],"ix":6,"l":2}},"ao":0,"ip":0,"op":90,"st":0,"bm":0},{"ddd":0,"ind":24,"ty":2,"nm":"back_tic.png","cl":"png","refId":"image_19","sr":1,"ks":{"o":{"a":0,"k":100,"ix":11},"r":{"a":0,"k":0,"ix":10},"p":{"a":0,"k":[273,1162.5,0],"ix":2,"l":2},"a":{"a":0,"k":[30,15,0],"ix":1,"l":2},"s":{"a":0,"k":[100,100,100],"ix":6,"l":2}},"ao":0,"ip":0,"op":90,"st":0,"bm":0}]}],"layers":[{"ddd":0,"ind":1,"ty":0,"nm":"Open_with_tickets_W","refId":"comp_0","sr":1,"ks":{"o":{"a":0,"k":100,"ix":11},"r":{"a":0,"k":0,"ix":10},"p":{"a":0,"k":[375,18,0],"ix":2,"l":2},"a":{"a":0,"k":[375.5,812,0],"ix":1,"l":2},"s":{"a":0,"k":[100,100,100],"ix":6,"l":2}},"ao":0,"w":751,"h":1624,"ip":0,"op":60,"st":0,"bm":0}],"markers":[],"props":{}}