{"v":"5.12.2","fr":30,"ip":0,"op":30,"w":750,"h":424,"nm":"F_open_without_tickets_output","ddd":0,"assets":[{"id":"image_0","w":314,"h":74,"u":"https://lf16-gecko-source.tiktokcdn.com/obj/byte-gurd-source-sg/musically/fe/live/tiktok_live_revenue_treasure_box/resource/lotties/images/","p":"side_tic.db439e39.png","e":0},{"id":"image_1","w":68,"h":50,"u":"https://lf16-gecko-source.tiktokcdn.com/obj/byte-gurd-source-sg/musically/fe/live/tiktok_live_revenue_treasure_box/resource/lotties/images/","p":"cover_icon_W.efad3ae5.png","e":0},{"id":"image_2","w":65,"h":90,"u":"https://lf16-gecko-source.tiktokcdn.com/obj/byte-gurd-source-sg/musically/fe/live/tiktok_live_revenue_treasure_box/resource/lotties/images/","p":"box_icon_W.7ca6be60.png","e":0},{"id":"image_3","w":191,"h":88,"u":"https://lf16-gecko-source.tiktokcdn.com/obj/byte-gurd-source-sg/musically/fe/live/tiktok_live_revenue_treasure_box/resource/lotties/images/","p":"box_cover_W.da0fb096.png","e":0},{"id":"image_4","w":196,"h":84,"u":"https://lf16-gecko-source.tiktokcdn.com/obj/byte-gurd-source-sg/musically/fe/live/tiktok_live_revenue_treasure_box/resource/lotties/images/","p":"box_bottom_W.b63b20fe.png","e":0},{"id":"image_5","w":176,"h":84,"u":"https://lf16-gecko-source.tiktokcdn.com/obj/byte-gurd-source-sg/musically/fe/live/tiktok_live_revenue_treasure_box/resource/lotties/images/","p":"cover_bottom_W.9f74010f.png","e":0},{"id":"image_6","w":181,"h":42,"u":"https://lf16-gecko-source.tiktokcdn.com/obj/byte-gurd-source-sg/musically/fe/live/tiktok_live_revenue_treasure_box/resource/lotties/images/","p":"cover_top_W.425443d3.png","e":0},{"id":"image_7","w":311,"h":31,"u":"https://lf16-gecko-source.tiktokcdn.com/obj/byte-gurd-source-sg/musically/fe/live/tiktok_live_revenue_treasure_box/resource/lotties/images/","p":"box_shadow.5b8dc1de.png","e":0},{"id":"image_8","w":60,"h":30,"u":"https://lf16-gecko-source.tiktokcdn.com/obj/byte-gurd-source-sg/musically/fe/live/tiktok_live_revenue_treasure_box/resource/lotties/images/","p":"back_tic.b6a7686c.png","e":0},{"id":"comp_0","nm":"Open_without_tickets_W","fr":30,"layers":[{"ddd":0,"ind":1,"ty":2,"nm":"side_tic.png","cl":"png","refId":"image_0","sr":1,"ks":{"o":{"a":0,"k":100,"ix":11},"r":{"a":0,"k":0,"ix":10},"p":{"a":0,"k":[377,1173,0],"ix":2,"l":2},"a":{"a":0,"k":[157,37,0],"ix":1,"l":2},"s":{"a":0,"k":[100,100,100],"ix":6,"l":2}},"ao":0,"ip":0,"op":90,"st":0,"bm":0},{"ddd":0,"ind":2,"ty":2,"nm":"cover_icon_W.png","cl":"png","refId":"image_1","sr":1,"ks":{"o":{"a":0,"k":100,"ix":11},"r":{"a":0,"k":0,"ix":10},"p":{"a":1,"k":[{"i":{"x":0.833,"y":0.833},"o":{"x":0.167,"y":0.167},"t":13,"s":[372.838,999.526,0],"e":[372.838,1026.026,0],"to":[0,0,0],"ti":[0,0,0]},{"t":14}],"ix":2,"l":2},"a":{"a":0,"k":[34,25,0],"ix":1,"l":2},"s":{"a":1,"k":[{"i":{"x":[0.833,0.833,0.833],"y":[0.833,0.833,0.833]},"o":{"x":[0.167,0.167,0.167],"y":[0.167,0.167,0.167]},"t":13,"s":[100,90,100],"e":[100,100,100]},{"t":14}],"ix":6,"l":2}},"ao":0,"ip":13,"op":30,"st":0,"bm":0},{"ddd":0,"ind":3,"ty":2,"nm":"box_icon_W.png","cl":"png","parent":4,"refId":"image_2","sr":1,"ks":{"o":{"a":0,"k":100,"ix":11},"r":{"a":0,"k":0,"ix":10},"p":{"a":1,"k":[{"i":{"x":0.833,"y":0.833},"o":{"x":0.167,"y":0.167},"t":9,"s":[93.625,86.5,0],"e":[93.625,68.905,0],"to":[0,0,0],"ti":[0,0,0]},{"t":12}],"ix":2,"l":2},"a":{"a":0,"k":[32.5,45,0],"ix":1,"l":2},"s":{"a":0,"k":[100,100,100],"ix":6,"l":2}},"ao":0,"ip":0,"op":13,"st":0,"bm":0},{"ddd":0,"ind":4,"ty":2,"nm":"box_cover_W.png","cl":"png","parent":5,"refId":"image_3","sr":1,"ks":{"o":{"a":0,"k":100,"ix":11},"r":{"a":0,"k":0,"ix":10},"p":{"a":0,"k":[97,-83.75,0],"ix":2,"l":2},"a":{"a":0,"k":[95.5,0.25,0],"ix":1,"l":2},"s":{"a":1,"k":[{"i":{"x":[0.833,0.833,0.833],"y":[0.833,0.833,0.833]},"o":{"x":[0.167,0.167,0.167],"y":[0.167,0.167,0.167]},"t":10,"s":[100,100,100],"e":[100,43,100]},{"t":13}],"ix":6,"l":2}},"ao":0,"ip":0,"op":13,"st":0,"bm":0},{"ddd":0,"ind":5,"ty":2,"nm":"box_bottom_W.png","cl":"png","refId":"image_4","sr":1,"ks":{"o":{"a":0,"k":100,"ix":11},"r":{"a":0,"k":0,"ix":10},"p":{"a":0,"k":[373.5,1183.5,0],"ix":2,"l":2},"a":{"a":0,"k":[98,84.424,0],"ix":1,"l":2},"s":{"a":1,"k":[{"i":{"x":[0.667,0.667,0.667],"y":[1,1,1]},"o":{"x":[0.333,0.333,0.333],"y":[0,0,0]},"t":6,"s":[100,100,100],"e":[100,85,100]},{"i":{"x":[0.667,0.667,0.667],"y":[1,1,1]},"o":{"x":[0.333,0.333,0.333],"y":[0,0,0]},"t":9,"s":[100,85,100],"e":[100,115,100]},{"i":{"x":[0.667,0.667,0.667],"y":[1,1,1]},"o":{"x":[0.333,0.333,0.333],"y":[0,0,0]},"t":12,"s":[100,115,100],"e":[100,100,100]},{"t":14}],"ix":6,"l":2}},"ao":0,"ip":0,"op":30,"st":0,"bm":0},{"ddd":0,"ind":6,"ty":2,"nm":"cover_bottom_W.png","cl":"png","refId":"image_5","sr":1,"ks":{"o":{"a":0,"k":100,"ix":11},"r":{"a":0,"k":0,"ix":10},"p":{"a":1,"k":[{"i":{"x":0.833,"y":0.833},"o":{"x":0.167,"y":0.167},"t":13,"s":[373.75,1101.5,0],"e":[373.75,1101.5,0],"to":[0,0,0],"ti":[0,0,0]},{"t":14}],"ix":2,"l":2},"a":{"a":0,"k":[88,84,0],"ix":1,"l":2},"s":{"a":1,"k":[{"i":{"x":[0.833,0.833,0.833],"y":[0.833,0.833,0.833]},"o":{"x":[0.167,0.167,0.167],"y":[0.167,0.167,0.167]},"t":11,"s":[100,36,100],"e":[100,68,100]},{"i":{"x":[0.833,0.833,0.833],"y":[0.833,0.833,0.833]},"o":{"x":[0.167,0.167,0.167],"y":[0.167,0.167,0.167]},"t":12,"s":[100,68,100],"e":[100,114,100]},{"i":{"x":[0.833,0.833,0.833],"y":[0.833,0.833,0.833]},"o":{"x":[0.167,0.167,0.167],"y":[0.167,0.167,0.167]},"t":13,"s":[100,114,100],"e":[100,100,100]},{"t":14}],"ix":6,"l":2}},"ao":0,"ip":0,"op":30,"st":15,"bm":0},{"ddd":0,"ind":7,"ty":2,"nm":"cover_top_W.png","cl":"png","parent":5,"refId":"image_6","sr":1,"ks":{"o":{"a":0,"k":100,"ix":11},"r":{"a":0,"k":0,"ix":10},"p":{"a":0,"k":[98,-83.5,0],"ix":2,"l":2},"a":{"a":0,"k":[90.5,21,0],"ix":1,"l":2},"s":{"a":0,"k":[100,100,100],"ix":6,"l":2}},"ao":0,"ip":13,"op":30,"st":0,"bm":0},{"ddd":0,"ind":8,"ty":2,"nm":"box_shadow.png","cl":"png","refId":"image_7","sr":1,"ks":{"o":{"a":0,"k":100,"ix":11},"r":{"a":0,"k":0,"ix":10},"p":{"a":0,"k":[375,1176,0],"ix":2,"l":2},"a":{"a":0,"k":[155.5,12.056,0],"ix":1,"l":2},"s":{"a":1,"k":[{"i":{"x":[0.667,0.667,0.667],"y":[1,1,1]},"o":{"x":[0.333,0.333,0.333],"y":[0,0,0]},"t":6,"s":[100,100,100],"e":[97,97,100]},{"i":{"x":[0.667,0.667,0.667],"y":[1,1,1]},"o":{"x":[0.333,0.333,0.333],"y":[0,0,0]},"t":9,"s":[97,97,100],"e":[102,102,100]},{"i":{"x":[0.667,0.667,0.667],"y":[1,1,1]},"o":{"x":[0.333,0.333,0.333],"y":[0,0,0]},"t":12,"s":[102,102,100],"e":[100,100,100]},{"t":14}],"ix":6,"l":2}},"ao":0,"ip":0,"op":30,"st":0,"bm":0},{"ddd":0,"ind":9,"ty":2,"nm":"back_tic.png","cl":"png","refId":"image_8","sr":1,"ks":{"o":{"a":0,"k":100,"ix":11},"r":{"a":0,"k":0,"ix":10},"p":{"a":0,"k":[273,1162.5,0],"ix":2,"l":2},"a":{"a":0,"k":[30,15,0],"ix":1,"l":2},"s":{"a":0,"k":[100,100,100],"ix":6,"l":2}},"ao":0,"ip":0,"op":90,"st":0,"bm":0}]}],"layers":[{"ddd":0,"ind":1,"ty":0,"nm":"Open_without_tickets_W","refId":"comp_0","sr":1,"ks":{"o":{"a":0,"k":100,"ix":11},"r":{"a":0,"k":0,"ix":10},"p":{"a":0,"k":[375,18,0],"ix":2,"l":2},"a":{"a":0,"k":[375.5,812,0],"ix":1,"l":2},"s":{"a":0,"k":[100,100,100],"ix":6,"l":2}},"ao":0,"w":751,"h":1624,"ip":0,"op":30,"st":0,"bm":0}],"markers":[],"props":{}}