{
  "channel": "tiktok_live_ecommerce_deal_channel_page",
  "distinct_key": "scene",
  "rules": {
    "deal_channel": [
      {
        "path": "/api/v1/mall/channel/reach/get",
        "method": "post",
        "header": [],
        "query": [],
        "body": [
          {
            "name": "cursor",
            "default_value": "0",
            "collect_func": "static",
            "type": "int"
          },
          {
            "name": "sub_source",
            "query_src": "source",
            "collect_func": "query",
            "type": "string"
          },
          {
            "name": "mall_extra_info",
            "query_src": "mall_extra_info",
            "collect_func": "query",
            "type": "string"
          },
          {
            "name": "size",
            "default_value": "10",
            "collect_func": "static",
            "type": "int"
          },
          {
            "name": "top_product_id_list",
            "type": "array",
            "collect_func": "split",
            "split_symbol": ",",
            "query_src": "top_product_ids",
            "default_value": ""
          },
          {
            "name": "clicked_product_id",
            "query_src": "clicked_product_id",
            "collect_func": "query",
            "default_value": "",
            "type": "string"
          },
          {
            "name": "diversion_params",
            "query_src": "diversion_params",
            "collect_func": "query",
            "type": "string"
          },
          {
            "name": "show_fs",
            "default_value": false,
            "collect_func": "static",
            "type": "boolean"
          },
          {
            "name": "source",
            "query_src": "source",
            "collect_func": "query",
            "type": "string"
          },
          {
            "name": "resource_name",
            "query_src": "source_key",
            "default_value": "view_tt_mall_source_key_deal_channel",
            "collect_func": "query",
            "type": "string"
          },
          {
            "name": "with_tab",
            "default_value": true,
            "collect_func": "static",
            "type": "boolean"
          },
          {
            "name": "scene",
            "default_value": "deal_channel",
            "collect_func": "query",
            "type": "string"
          }
        ]
      },
      {
        "path": "/api/v1/mall/channel/voucher/list",
        "method": "post",
        "query": [],
        "header": [],
        "body": [
          {
            "name": "resource_name",
            "query_src": "source_key",
            "default_value": "view_tt_mall_source_key_deal_channel",
            "collect_func": "query",
            "type": "string"
          },
          {
            "name": "scene",
            "query_src": "scene",
            "default_value": "deal_channel",
            "collect_func": "query",
            "type": "string"
          }
        ]
      }
    ],
    "_default": [
      {
        "path": "/api/v1/mall/channel/reach/get",
        "method": "post",
        "header": [],
        "query": [],
        "body": [
          {
            "name": "cursor",
            "default_value": "0",
            "collect_func": "static",
            "type": "int"
          },
          {
            "name": "sub_source",
            "query_src": "source",
            "collect_func": "query",
            "type": "string"
          },
          {
            "name": "mall_extra_info",
            "query_src": "mall_extra_info",
            "collect_func": "query",
            "type": "string"
          },
          {
            "name": "size",
            "default_value": "10",
            "collect_func": "static",
            "type": "int"
          },
          {
            "name": "top_product_id_list",
            "type": "array",
            "collect_func": "split",
            "split_symbol": ","
          },
          {
            "name": "clicked_product_id",
            "query_src": "clicked_product_id",
            "collect_func": "query",
            "default_value": "",
            "type": "string"
          },
          {
            "name": "diversion_params",
            "query_src": "diversion_params",
            "collect_func": "query",
            "type": "string"
          },
          {
            "name": "show_fs",
            "default_value": false,
            "collect_func": "static",
            "type": "boolean"
          },
          {
            "name": "source",
            "query_src": "source",
            "collect_func": "query",
            "type": "string"
          },
          {
            "name": "resource_name",
            "query_src": "source_key",
            "default_value": "view_tt_mall_source_key_deal_channel",
            "collect_func": "query",
            "type": "string"
          },
          {
            "name": "with_tab",
            "default_value": true,
            "collect_func": "static",
            "type": "boolean"
          },
          {
            "name": "scene",
            "default_value": "deal_channel",
            "collect_func": "query",
            "type": "string"
          }
        ]
      },
      {
        "path": "/api/v1/mall/channel/voucher/list",
        "method": "post",
        "query": [],
        "header": [],
        "body": [
          {
            "name": "resource_name",
            "query_src": "source_key",
            "default_value": "view_tt_mall_source_key_deal_channel",
            "collect_func": "query",
            "type": "string"
          },
          {
            "name": "scene",
            "query_src": "scene",
            "default_value": "deal_channel",
            "collect_func": "query",
            "type": "string"
          }
        ]
      }
    ]
  }
}
