{"v":"5.5.2","fr":60,"ip":0,"op":60,"w":96,"h":96,"nm":"Preview_Loading_96*96_lottie","ddd":0,"assets":[{"id":"comp_0","layers":[{"ddd":0,"ind":1,"ty":4,"nm":"Shape Layer 9","td":1,"sr":1,"ks":{"o":{"a":0,"k":100,"ix":11},"r":{"a":0,"k":-180,"ix":10},"p":{"a":1,"k":[{"i":{"x":1,"y":1},"o":{"x":0.978,"y":0},"t":0,"s":[441,320,0],"e":[320.054,320,0],"to":[-18.338,0,0],"ti":[50.921,0,0]},{"i":{"x":0,"y":1},"o":{"x":0,"y":0},"t":15,"s":[320.054,320,0],"e":[198.5,320,0],"to":[-61.078,0,0],"ti":[0,0,0]},{"i":{"x":1,"y":1},"o":{"x":1,"y":0},"t":30,"s":[198.5,320,0],"e":[320.054,320,0],"to":[0,0,0],"ti":[-61.078,0,0]},{"i":{"x":0,"y":1},"o":{"x":0,"y":0},"t":45,"s":[320.054,320,0],"e":[441,320,0],"to":[50.921,0,0],"ti":[-18.338,0,0]},{"t":60}],"ix":2},"a":{"a":0,"k":[9.604,8.604,0],"ix":1},"s":{"a":1,"k":[{"i":{"x":[0.667,0.667,0.667],"y":[1,1,1]},"o":{"x":[0.98,0.98,0.98],"y":[0,0,0]},"t":0,"s":[1100,1100,100],"e":[880,880,100]},{"i":{"x":[0,0,0.67],"y":[1,1,1]},"o":{"x":[0.333,0.333,0.333],"y":[0,0,0]},"t":15,"s":[880,880,100],"e":[1100,1100,100]},{"i":{"x":[0.667,0.667,0.667],"y":[1,1,1]},"o":{"x":[0.98,0.98,0.98],"y":[0,0,0]},"t":30,"s":[1100,1100,100],"e":[1375,1375,100]},{"i":{"x":[0,0,0.667],"y":[1,1,1]},"o":{"x":[0.333,0.333,0.333],"y":[0,0,0]},"t":45,"s":[1375,1375,100],"e":[1100,1100,100]},{"t":60}],"ix":6}},"ao":0,"shapes":[{"ty":"gr","it":[{"d":1,"ty":"el","s":{"a":0,"k":[20,20],"ix":2},"p":{"a":0,"k":[0,0],"ix":3},"nm":"Ellipse Path 1","mn":"ADBE Vector Shape - Ellipse","hd":false},{"ty":"st","c":{"a":0,"k":[1,1,1,1],"ix":3},"o":{"a":0,"k":100,"ix":4},"w":{"a":0,"k":0,"ix":5},"lc":1,"lj":1,"ml":4,"bm":0,"nm":"Stroke 1","mn":"ADBE Vector Graphic - Stroke","hd":false},{"ty":"fl","c":{"a":0,"k":[0.996078431373,0.172549019608,0.333333333333,1],"ix":4},"o":{"a":0,"k":100,"ix":5},"r":1,"bm":0,"nm":"Fill 1","mn":"ADBE Vector Graphic - Fill","hd":false},{"ty":"tr","p":{"a":0,"k":[9.604,8.604],"ix":2},"a":{"a":0,"k":[0,0],"ix":1},"s":{"a":0,"k":[100,100],"ix":3},"r":{"a":0,"k":0,"ix":6},"o":{"a":0,"k":100,"ix":7},"sk":{"a":0,"k":0,"ix":4},"sa":{"a":0,"k":0,"ix":5},"nm":"Transform"}],"nm":"Ellipse 1","np":3,"cix":2,"bm":0,"ix":1,"mn":"ADBE Vector Group","hd":false}],"ip":30,"op":61,"st":0,"bm":0},{"ddd":0,"ind":2,"ty":4,"nm":"Shape Layer 8","tt":1,"sr":1,"ks":{"o":{"a":0,"k":100,"ix":11},"r":{"a":0,"k":0,"ix":10},"p":{"a":1,"k":[{"i":{"x":1,"y":1},"o":{"x":0.978,"y":0},"t":0,"s":[199,320,0],"e":[319.946,320,0],"to":[18.338,0,0],"ti":[-50.921,0,0]},{"i":{"x":0,"y":1},"o":{"x":0,"y":0},"t":15,"s":[319.946,320,0],"e":[441,320,0],"to":[61.078,0,0],"ti":[0,0,0]},{"i":{"x":1,"y":1},"o":{"x":1,"y":0},"t":30,"s":[441,320,0],"e":[319.946,320,0],"to":[0,0,0],"ti":[61.078,0,0]},{"i":{"x":0,"y":1},"o":{"x":0,"y":0},"t":45,"s":[319.946,320,0],"e":[199,320,0],"to":[-50.921,0,0],"ti":[18.338,0,0]},{"t":60}],"ix":2},"a":{"a":0,"k":[9.604,8.604,0],"ix":1},"s":{"a":1,"k":[{"i":{"x":[0.667,0.667,0.667],"y":[1,1,1]},"o":{"x":[0.98,0.98,0.98],"y":[0,0,0]},"t":0,"s":[1100,1100,100],"e":[1375,1375,100]},{"i":{"x":[0,0,0.67],"y":[1,1,1]},"o":{"x":[0.333,0.333,0.333],"y":[0,0,0]},"t":15,"s":[1375,1375,100],"e":[1100,1100,100]},{"i":{"x":[0.667,0.667,0.667],"y":[1,1,1]},"o":{"x":[0.98,0.98,0.98],"y":[0,0,0]},"t":30,"s":[1100,1100,100],"e":[715,715,100]},{"i":{"x":[0,0,0.667],"y":[1,1,1]},"o":{"x":[0.333,0.333,0.333],"y":[0,0,0]},"t":45,"s":[715,715,100],"e":[1100,1100,100]},{"t":60}],"ix":6}},"ao":0,"shapes":[{"ty":"gr","it":[{"d":1,"ty":"el","s":{"a":0,"k":[20,20],"ix":2},"p":{"a":0,"k":[0,0],"ix":3},"nm":"Ellipse Path 1","mn":"ADBE Vector Shape - Ellipse","hd":false},{"ty":"st","c":{"a":0,"k":[1,1,1,1],"ix":3},"o":{"a":0,"k":100,"ix":4},"w":{"a":0,"k":0,"ix":5},"lc":1,"lj":1,"ml":4,"bm":0,"nm":"Stroke 1","mn":"ADBE Vector Graphic - Stroke","hd":false},{"ty":"fl","c":{"a":0,"k":[0.058823529412,0.058823529412,0.058823529412,1],"ix":4},"o":{"a":0,"k":100,"ix":5},"r":1,"bm":0,"nm":"Fill 1","mn":"ADBE Vector Graphic - Fill","hd":false},{"ty":"tr","p":{"a":0,"k":[9.604,8.604],"ix":2},"a":{"a":0,"k":[0,0],"ix":1},"s":{"a":0,"k":[100,100],"ix":3},"r":{"a":0,"k":0,"ix":6},"o":{"a":0,"k":100,"ix":7},"sk":{"a":0,"k":0,"ix":4},"sa":{"a":0,"k":0,"ix":5},"nm":"Transform"}],"nm":"Ellipse 1","np":3,"cix":2,"bm":0,"ix":1,"mn":"ADBE Vector Group","hd":false}],"ip":0,"op":61,"st":1,"bm":0},{"ddd":0,"ind":3,"ty":4,"nm":"Shape Layer 7","td":1,"sr":1,"ks":{"o":{"a":0,"k":100,"ix":11},"r":{"a":0,"k":0,"ix":10},"p":{"a":1,"k":[{"i":{"x":1,"y":1},"o":{"x":0.978,"y":0},"t":0,"s":[199,320,0],"e":[319.946,320,0],"to":[18.338,0,0],"ti":[-50.921,0,0]},{"i":{"x":0,"y":1},"o":{"x":0,"y":0},"t":15,"s":[319.946,320,0],"e":[441,320,0],"to":[61.078,0,0],"ti":[0,0,0]},{"i":{"x":1,"y":1},"o":{"x":1,"y":0},"t":30,"s":[441,320,0],"e":[319.946,320,0],"to":[0,0,0],"ti":[61.078,0,0]},{"i":{"x":0,"y":1},"o":{"x":0,"y":0},"t":45,"s":[319.946,320,0],"e":[199,320,0],"to":[-50.921,0,0],"ti":[18.338,0,0]},{"t":60}],"ix":2},"a":{"a":0,"k":[9.604,8.604,0],"ix":1},"s":{"a":1,"k":[{"i":{"x":[0.667,0.667,0.667],"y":[1,1,1]},"o":{"x":[0.98,0.98,0.98],"y":[0,0,0]},"t":0,"s":[1100,1100,100],"e":[1375,1375,100]},{"i":{"x":[0,0,0.67],"y":[1,1,1]},"o":{"x":[0.333,0.333,0.333],"y":[0,0,0]},"t":15,"s":[1375,1375,100],"e":[1100,1100,100]},{"i":{"x":[0.667,0.667,0.667],"y":[1,1,1]},"o":{"x":[0.98,0.98,0.98],"y":[0,0,0]},"t":30,"s":[1100,1100,100],"e":[715,715,100]},{"i":{"x":[0,0,0.667],"y":[1,1,1]},"o":{"x":[0.333,0.333,0.333],"y":[0,0,0]},"t":45,"s":[715,715,100],"e":[1100,1100,100]},{"t":60}],"ix":6}},"ao":0,"shapes":[{"ty":"gr","it":[{"d":1,"ty":"el","s":{"a":0,"k":[20,20],"ix":2},"p":{"a":0,"k":[0,0],"ix":3},"nm":"Ellipse Path 1","mn":"ADBE Vector Shape - Ellipse","hd":false},{"ty":"st","c":{"a":0,"k":[1,1,1,1],"ix":3},"o":{"a":0,"k":100,"ix":4},"w":{"a":0,"k":0,"ix":5},"lc":1,"lj":1,"ml":4,"bm":0,"nm":"Stroke 1","mn":"ADBE Vector Graphic - Stroke","hd":false},{"ty":"fl","c":{"a":0,"k":[0.145098039216,0.956862745098,0.933333333333,1],"ix":4},"o":{"a":0,"k":100,"ix":5},"r":1,"bm":0,"nm":"Fill 1","mn":"ADBE Vector Graphic - Fill","hd":false},{"ty":"tr","p":{"a":0,"k":[9.604,8.604],"ix":2},"a":{"a":0,"k":[0,0],"ix":1},"s":{"a":0,"k":[100,100],"ix":3},"r":{"a":0,"k":0,"ix":6},"o":{"a":0,"k":100,"ix":7},"sk":{"a":0,"k":0,"ix":4},"sa":{"a":0,"k":0,"ix":5},"nm":"Transform"}],"nm":"Ellipse 1","np":3,"cix":2,"bm":0,"ix":1,"mn":"ADBE Vector Group","hd":false}],"ip":0,"op":61,"st":1,"bm":0},{"ddd":0,"ind":4,"ty":4,"nm":"Shape Layer 6","tt":1,"sr":1,"ks":{"o":{"a":0,"k":100,"ix":11},"r":{"a":0,"k":-180,"ix":10},"p":{"a":1,"k":[{"i":{"x":1,"y":1},"o":{"x":0.978,"y":0},"t":0,"s":[441,320,0],"e":[320.054,320,0],"to":[-18.338,0,0],"ti":[50.921,0,0]},{"i":{"x":0,"y":1},"o":{"x":0,"y":0},"t":15,"s":[320.054,320,0],"e":[199,320,0],"to":[-61.078,0,0],"ti":[0,0,0]},{"i":{"x":1,"y":1},"o":{"x":1,"y":0},"t":30,"s":[199,320,0],"e":[320.054,320,0],"to":[0,0,0],"ti":[-61.078,0,0]},{"i":{"x":0,"y":1},"o":{"x":0,"y":0},"t":45,"s":[320.054,320,0],"e":[441,320,0],"to":[50.921,0,0],"ti":[-18.338,0,0]},{"t":60}],"ix":2},"a":{"a":0,"k":[9.604,8.604,0],"ix":1},"s":{"a":1,"k":[{"i":{"x":[0.667,0.667,0.667],"y":[1,1,1]},"o":{"x":[0.98,0.98,0.98],"y":[0,0,0]},"t":0,"s":[1100,1100,100],"e":[715,715,100]},{"i":{"x":[0,0,0.67],"y":[1,1,1]},"o":{"x":[0.333,0.333,0.333],"y":[0,0,0]},"t":15,"s":[715,715,100],"e":[1100,1100,100]},{"i":{"x":[0.667,0.667,0.667],"y":[1,1,1]},"o":{"x":[0.98,0.98,0.98],"y":[0,0,0]},"t":30,"s":[1100,1100,100],"e":[1375,1375,100]},{"i":{"x":[0,0,0.667],"y":[1,1,1]},"o":{"x":[0.333,0.333,0.333],"y":[0,0,0]},"t":45,"s":[1375,1375,100],"e":[1100,1100,100]},{"t":60}],"ix":6}},"ao":0,"shapes":[{"ty":"gr","it":[{"d":1,"ty":"el","s":{"a":0,"k":[20,20],"ix":2},"p":{"a":0,"k":[0,0],"ix":3},"nm":"Ellipse Path 1","mn":"ADBE Vector Shape - Ellipse","hd":false},{"ty":"st","c":{"a":0,"k":[1,1,1,1],"ix":3},"o":{"a":0,"k":100,"ix":4},"w":{"a":0,"k":0,"ix":5},"lc":1,"lj":1,"ml":4,"bm":0,"nm":"Stroke 1","mn":"ADBE Vector Graphic - Stroke","hd":false},{"ty":"fl","c":{"a":0,"k":[0.058823529412,0.058823529412,0.058823529412,1],"ix":4},"o":{"a":0,"k":100,"ix":5},"r":1,"bm":0,"nm":"Fill 1","mn":"ADBE Vector Graphic - Fill","hd":false},{"ty":"tr","p":{"a":0,"k":[9.604,8.604],"ix":2},"a":{"a":0,"k":[0,0],"ix":1},"s":{"a":0,"k":[100,100],"ix":3},"r":{"a":0,"k":0,"ix":6},"o":{"a":0,"k":100,"ix":7},"sk":{"a":0,"k":0,"ix":4},"sa":{"a":0,"k":0,"ix":5},"nm":"Transform"}],"nm":"Ellipse 1","np":3,"cix":2,"bm":0,"ix":1,"mn":"ADBE Vector Group","hd":false}],"ip":0,"op":30,"st":0,"bm":0},{"ddd":0,"ind":5,"ty":4,"nm":"Shape Layer 5","sr":1,"ks":{"o":{"a":0,"k":100,"ix":11},"r":{"a":0,"k":-180,"ix":10},"p":{"a":1,"k":[{"i":{"x":1,"y":1},"o":{"x":0.978,"y":0},"t":0,"s":[441,320,0],"e":[320.054,320,0],"to":[-18.338,0,0],"ti":[50.921,0,0]},{"i":{"x":0,"y":1},"o":{"x":0,"y":0},"t":15,"s":[320.054,320,0],"e":[198.5,320,0],"to":[-61.078,0,0],"ti":[0,0,0]},{"i":{"x":1,"y":1},"o":{"x":1,"y":0},"t":30,"s":[198.5,320,0],"e":[320.054,320,0],"to":[0,0,0],"ti":[-61.078,0,0]},{"i":{"x":0,"y":1},"o":{"x":0,"y":0},"t":45,"s":[320.054,320,0],"e":[441,320,0],"to":[50.921,0,0],"ti":[-18.338,0,0]},{"t":60}],"ix":2},"a":{"a":0,"k":[9.604,8.604,0],"ix":1},"s":{"a":1,"k":[{"i":{"x":[0.667,0.667,0.667],"y":[1,1,1]},"o":{"x":[0.98,0.98,0.98],"y":[0,0,0]},"t":0,"s":[1100,1100,100],"e":[880,880,100]},{"i":{"x":[0,0,0.67],"y":[1,1,1]},"o":{"x":[0.333,0.333,0.333],"y":[0,0,0]},"t":15,"s":[880,880,100],"e":[1100,1100,100]},{"i":{"x":[0.667,0.667,0.667],"y":[1,1,1]},"o":{"x":[0.98,0.98,0.98],"y":[0,0,0]},"t":30,"s":[1100,1100,100],"e":[1375,1375,100]},{"i":{"x":[0,0,0.667],"y":[1,1,1]},"o":{"x":[0.333,0.333,0.333],"y":[0,0,0]},"t":45,"s":[1375,1375,100],"e":[1100,1100,100]},{"t":60}],"ix":6}},"ao":0,"shapes":[{"ty":"gr","it":[{"d":1,"ty":"el","s":{"a":0,"k":[20,20],"ix":2},"p":{"a":0,"k":[0,0],"ix":3},"nm":"Ellipse Path 1","mn":"ADBE Vector Shape - Ellipse","hd":false},{"ty":"st","c":{"a":0,"k":[1,1,1,1],"ix":3},"o":{"a":0,"k":100,"ix":4},"w":{"a":0,"k":0,"ix":5},"lc":1,"lj":1,"ml":4,"bm":0,"nm":"Stroke 1","mn":"ADBE Vector Graphic - Stroke","hd":false},{"ty":"fl","c":{"a":0,"k":[0.996078431373,0.172549019608,0.333333333333,1],"ix":4},"o":{"a":0,"k":100,"ix":5},"r":1,"bm":0,"nm":"Fill 1","mn":"ADBE Vector Graphic - Fill","hd":false},{"ty":"tr","p":{"a":0,"k":[9.604,8.604],"ix":2},"a":{"a":0,"k":[0,0],"ix":1},"s":{"a":0,"k":[100,100],"ix":3},"r":{"a":0,"k":0,"ix":6},"o":{"a":0,"k":100,"ix":7},"sk":{"a":0,"k":0,"ix":4},"sa":{"a":0,"k":0,"ix":5},"nm":"Transform"}],"nm":"Ellipse 1","np":3,"cix":2,"bm":0,"ix":1,"mn":"ADBE Vector Group","hd":false}],"ip":30,"op":61,"st":0,"bm":0},{"ddd":0,"ind":6,"ty":4,"nm":"Shape Layer 4","sr":1,"ks":{"o":{"a":0,"k":100,"ix":11},"r":{"a":0,"k":0,"ix":10},"p":{"a":1,"k":[{"i":{"x":1,"y":1},"o":{"x":0.978,"y":0},"t":0,"s":[199,320,0],"e":[319.946,320,0],"to":[18.338,0,0],"ti":[-50.921,0,0]},{"i":{"x":0,"y":1},"o":{"x":0,"y":0},"t":15,"s":[319.946,320,0],"e":[441,320,0],"to":[61.078,0,0],"ti":[0,0,0]},{"i":{"x":1,"y":1},"o":{"x":1,"y":0},"t":30,"s":[441,320,0],"e":[319.946,320,0],"to":[0,0,0],"ti":[61.078,0,0]},{"i":{"x":0,"y":1},"o":{"x":0,"y":0},"t":45,"s":[319.946,320,0],"e":[199,320,0],"to":[-50.921,0,0],"ti":[18.338,0,0]},{"t":60}],"ix":2},"a":{"a":0,"k":[9.604,8.604,0],"ix":1},"s":{"a":1,"k":[{"i":{"x":[0.667,0.667,0.667],"y":[1,1,1]},"o":{"x":[0.98,0.98,0.98],"y":[0,0,0]},"t":0,"s":[1100,1100,100],"e":[1375,1375,100]},{"i":{"x":[0,0,0.67],"y":[1,1,1]},"o":{"x":[0.333,0.333,0.333],"y":[0,0,0]},"t":15,"s":[1375,1375,100],"e":[1100,1100,100]},{"i":{"x":[0.667,0.667,0.667],"y":[1,1,1]},"o":{"x":[0.98,0.98,0.98],"y":[0,0,0]},"t":30,"s":[1100,1100,100],"e":[715,715,100]},{"i":{"x":[0,0,0.667],"y":[1,1,1]},"o":{"x":[0.333,0.333,0.333],"y":[0,0,0]},"t":45,"s":[715,715,100],"e":[1100,1100,100]},{"t":60}],"ix":6}},"ao":0,"shapes":[{"ty":"gr","it":[{"d":1,"ty":"el","s":{"a":0,"k":[20,20],"ix":2},"p":{"a":0,"k":[0,0],"ix":3},"nm":"Ellipse Path 1","mn":"ADBE Vector Shape - Ellipse","hd":false},{"ty":"st","c":{"a":0,"k":[1,1,1,1],"ix":3},"o":{"a":0,"k":100,"ix":4},"w":{"a":0,"k":0,"ix":5},"lc":1,"lj":1,"ml":4,"bm":0,"nm":"Stroke 1","mn":"ADBE Vector Graphic - Stroke","hd":false},{"ty":"fl","c":{"a":0,"k":[0.145098039216,0.956862745098,0.933333333333,1],"ix":4},"o":{"a":0,"k":100,"ix":5},"r":1,"bm":0,"nm":"Fill 1","mn":"ADBE Vector Graphic - Fill","hd":false},{"ty":"tr","p":{"a":0,"k":[9.604,8.604],"ix":2},"a":{"a":0,"k":[0,0],"ix":1},"s":{"a":0,"k":[100,100],"ix":3},"r":{"a":0,"k":0,"ix":6},"o":{"a":0,"k":100,"ix":7},"sk":{"a":0,"k":0,"ix":4},"sa":{"a":0,"k":0,"ix":5},"nm":"Transform"}],"nm":"Ellipse 1","np":3,"cix":2,"bm":0,"ix":1,"mn":"ADBE Vector Group","hd":false}],"ip":0,"op":61,"st":1,"bm":0},{"ddd":0,"ind":7,"ty":4,"nm":"Shape Layer 1","sr":1,"ks":{"o":{"a":0,"k":100,"ix":11},"r":{"a":0,"k":-180,"ix":10},"p":{"a":1,"k":[{"i":{"x":1,"y":1},"o":{"x":0.978,"y":0},"t":0,"s":[441,320,0],"e":[320.054,320,0],"to":[-18.338,0,0],"ti":[50.921,0,0]},{"i":{"x":0,"y":1},"o":{"x":0,"y":0},"t":15,"s":[320.054,320,0],"e":[199,320,0],"to":[-61.078,0,0],"ti":[0,0,0]},{"i":{"x":1,"y":1},"o":{"x":1,"y":0},"t":30,"s":[199,320,0],"e":[320.054,320,0],"to":[0,0,0],"ti":[-61.078,0,0]},{"i":{"x":0,"y":1},"o":{"x":0,"y":0},"t":45,"s":[320.054,320,0],"e":[441,320,0],"to":[50.921,0,0],"ti":[-18.338,0,0]},{"t":60}],"ix":2},"a":{"a":0,"k":[9.604,8.604,0],"ix":1},"s":{"a":1,"k":[{"i":{"x":[0.667,0.667,0.667],"y":[1,1,1]},"o":{"x":[0.98,0.98,0.98],"y":[0,0,0]},"t":0,"s":[1100,1100,100],"e":[715,715,100]},{"i":{"x":[0,0,0.67],"y":[1,1,1]},"o":{"x":[0.333,0.333,0.333],"y":[0,0,0]},"t":15,"s":[715,715,100],"e":[1100,1100,100]},{"i":{"x":[0.667,0.667,0.667],"y":[1,1,1]},"o":{"x":[0.98,0.98,0.98],"y":[0,0,0]},"t":30,"s":[1100,1100,100],"e":[1375,1375,100]},{"i":{"x":[0,0,0.667],"y":[1,1,1]},"o":{"x":[0.333,0.333,0.333],"y":[0,0,0]},"t":45,"s":[1375,1375,100],"e":[1100,1100,100]},{"t":60}],"ix":6}},"ao":0,"shapes":[{"ty":"gr","it":[{"d":1,"ty":"el","s":{"a":0,"k":[20,20],"ix":2},"p":{"a":0,"k":[0,0],"ix":3},"nm":"Ellipse Path 1","mn":"ADBE Vector Shape - Ellipse","hd":false},{"ty":"st","c":{"a":0,"k":[1,1,1,1],"ix":3},"o":{"a":0,"k":100,"ix":4},"w":{"a":0,"k":0,"ix":5},"lc":1,"lj":1,"ml":4,"bm":0,"nm":"Stroke 1","mn":"ADBE Vector Graphic - Stroke","hd":false},{"ty":"fl","c":{"a":0,"k":[0.996078431373,0.172549019608,0.333333333333,1],"ix":4},"o":{"a":0,"k":100,"ix":5},"r":1,"bm":0,"nm":"Fill 1","mn":"ADBE Vector Graphic - Fill","hd":false},{"ty":"tr","p":{"a":0,"k":[9.604,8.604],"ix":2},"a":{"a":0,"k":[0,0],"ix":1},"s":{"a":0,"k":[100,100],"ix":3},"r":{"a":0,"k":0,"ix":6},"o":{"a":0,"k":100,"ix":7},"sk":{"a":0,"k":0,"ix":4},"sa":{"a":0,"k":0,"ix":5},"nm":"Transform"}],"nm":"Ellipse 1","np":3,"cix":2,"bm":0,"ix":1,"mn":"ADBE Vector Group","hd":false}],"ip":0,"op":30,"st":0,"bm":0}]}],"layers":[{"ddd":0,"ind":1,"ty":0,"nm":"Preview_Loading_lottie","refId":"comp_0","sr":1,"ks":{"o":{"a":0,"k":100,"ix":11},"r":{"a":0,"k":0,"ix":10},"p":{"a":0,"k":[48,48,0],"ix":2},"a":{"a":0,"k":[320,320,0],"ix":1},"s":{"a":0,"k":[15,15,100],"ix":6}},"ao":0,"w":640,"h":640,"ip":0,"op":60,"st":0,"bm":0}],"markers":[]}