{"v":"5.9.4","fr":50,"ip":0,"op":29,"w":120,"h":120,"nm":"bg","ddd":0,"assets":[{"id":"image_0","w":120,"h":120,"u":"https://lf16-gecko-source.tiktokcdn.com/obj/byte-gurd-source-sg/tiktok/fe/live/tiktok_live_fundamental_poll/poll/resource/lotties/images/","p":"img_0.d95f8f44.png","e":0},{"id":"image_1","w":165,"h":165,"u":"https://lf16-gecko-source.tiktokcdn.com/obj/byte-gurd-source-sg/tiktok/fe/live/tiktok_live_fundamental_poll/poll/resource/lotties/images/","p":"img_1.97c54723.png","e":0},{"id":"image_2","w":120,"h":120,"u":"https://lf16-gecko-source.tiktokcdn.com/obj/byte-gurd-source-sg/tiktok/fe/live/tiktok_live_fundamental_poll/poll/resource/lotties/images/","p":"img_2.af6d8baa.png","e":0}],"layers":[{"ddd":0,"ind":1,"ty":2,"nm":"bg_b.png","cl":"png","parent":5,"td":1,"refId":"image_0","sr":1,"ks":{"o":{"a":0,"k":100,"ix":11},"r":{"a":0,"k":0,"ix":10},"p":{"a":0,"k":[60,60,0],"ix":2,"l":2},"a":{"a":0,"k":[60,60,0],"ix":1,"l":2},"s":{"a":0,"k":[100,100,100],"ix":6,"l":2}},"ao":0,"ip":0,"op":29,"st":0,"bm":0},{"ddd":0,"ind":2,"ty":2,"nm":"Poll icon2.png","cl":"png","parent":4,"tt":1,"refId":"image_1","sr":1,"ks":{"o":{"a":0,"k":100,"ix":11},"r":{"a":0,"k":0,"ix":10},"p":{"a":0,"k":[65,82,0],"ix":2,"l":2},"a":{"a":0,"k":[82.5,82.5,0],"ix":1,"l":2},"s":{"a":0,"k":[100,100,100],"ix":6,"l":2}},"ao":0,"ip":0,"op":29,"st":0,"bm":0},{"ddd":0,"ind":4,"ty":3,"nm":"icon_small.png","cl":"png","sr":1,"ks":{"o":{"a":0,"k":100,"ix":11},"r":{"a":0,"k":0,"ix":10},"p":{"a":1,"k":[{"i":{"x":0.4,"y":1},"o":{"x":0.333,"y":0},"t":5,"s":[-120,120,0],"to":[0,0,0],"ti":[0,0,0]},{"i":{"x":0.4,"y":1},"o":{"x":0.2,"y":0},"t":19,"s":[-18,6,0],"to":[0,0,0],"ti":[0,0,0]},{"t":28,"s":[-24,12,0]}],"ix":2,"l":2},"a":{"a":0,"k":[0,0,0],"ix":1,"l":2},"s":{"a":0,"k":[100,100,100],"ix":6,"l":2}},"ao":0,"ip":0,"op":29,"st":0,"bm":0},{"ddd":0,"ind":5,"ty":2,"nm":"bg.png","cl":"png","refId":"image_2","sr":1,"ks":{"o":{"a":0,"k":100,"ix":11},"r":{"a":0,"k":0,"ix":10},"p":{"a":0,"k":[60,60,0],"ix":2,"l":2},"a":{"a":0,"k":[60,60,0],"ix":1,"l":2},"s":{"a":1,"k":[{"i":{"x":[0.3,0.3,0.667],"y":[1,1,1]},"o":{"x":[0.333,0.333,0.333],"y":[0,0,0]},"t":0,"s":[0,0,100]},{"t":15,"s":[100,100,100]}],"ix":6,"l":2}},"ao":0,"ip":0,"op":29,"st":0,"bm":0}],"markers":[]}