{"v":"5.9.4","fr":50,"ip":0,"op":59,"w":120,"h":120,"nm":"bg","ddd":0,"assets":[{"id":"image_0","w":120,"h":120,"u":"https://lf16-gecko-source.tiktokcdn.com/obj/byte-gurd-source-sg/tiktok/fe/live/tiktok_live_fundamental_poll/poll/resource/lotties/images/","p":"img_0.d95f8f44.png","e":0},{"id":"image_1","w":165,"h":165,"u":"https://lf16-gecko-source.tiktokcdn.com/obj/byte-gurd-source-sg/tiktok/fe/live/tiktok_live_fundamental_poll/poll/resource/lotties/images/","p":"img_1.97c54723.png","e":0},{"id":"image_2","w":120,"h":120,"u":"https://lf16-gecko-source.tiktokcdn.com/obj/byte-gurd-source-sg/tiktok/fe/live/tiktok_live_fundamental_poll/poll/resource/lotties/images/","p":"img_2.af6d8baa.png","e":0}],"layers":[{"ddd":0,"ind":1,"ty":3,"nm":"Null 1","sr":1,"ks":{"o":{"a":0,"k":0,"ix":11},"r":{"a":0,"k":0,"ix":10},"p":{"a":1,"k":[{"i":{"x":0.667,"y":1},"o":{"x":0.333,"y":0},"t":0,"s":[-24,12,0],"to":[0,0,0],"ti":[0,0,0]},{"i":{"x":0.4,"y":1},"o":{"x":0.333,"y":0},"t":8,"s":[-33,24,0],"to":[0,0,0],"ti":[0,0,0]},{"i":{"x":0.4,"y":1},"o":{"x":0.333,"y":0},"t":18,"s":[-18,3,0],"to":[0,0,0],"ti":[0,0,0]},{"i":{"x":0.667,"y":1},"o":{"x":0.6,"y":0},"t":40,"s":[-12,-6,0],"to":[0,0,0],"ti":[0,0,0]},{"i":{"x":0.667,"y":1},"o":{"x":0.333,"y":0},"t":50,"s":[-27,18,0],"to":[0,0,0],"ti":[0,0,0]},{"t":58,"s":[-24,12,0]}],"ix":2,"l":2},"a":{"a":0,"k":[50,50,0],"ix":1,"l":2},"s":{"a":0,"k":[100,100,100],"ix":6,"l":2}},"ao":0,"ip":0,"op":59,"st":0,"bm":0},{"ddd":0,"ind":2,"ty":2,"nm":"bg_b.png","cl":"png","td":1,"refId":"image_0","sr":1,"ks":{"o":{"a":0,"k":100,"ix":11},"r":{"a":0,"k":0,"ix":10},"p":{"a":0,"k":[60,60,0],"ix":2,"l":2},"a":{"a":0,"k":[60,60,0],"ix":1,"l":2},"s":{"a":0,"k":[100,100,100],"ix":6,"l":2}},"ao":0,"ip":0,"op":59,"st":0,"bm":0},{"ddd":0,"ind":3,"ty":2,"nm":"Poll icon2.png","cl":"png","parent":1,"tt":1,"refId":"image_1","sr":1,"ks":{"o":{"a":0,"k":100,"ix":11},"r":{"a":1,"k":[{"i":{"x":[0.85],"y":[1]},"o":{"x":[0.6],"y":[0]},"t":10,"s":[0]},{"i":{"x":[0.85],"y":[1]},"o":{"x":[0.15],"y":[0]},"t":17,"s":[-15]},{"i":{"x":[0.85],"y":[1]},"o":{"x":[0.15],"y":[0]},"t":24,"s":[15]},{"i":{"x":[0.85],"y":[1]},"o":{"x":[0.15],"y":[0]},"t":31,"s":[-15]},{"i":{"x":[0.4],"y":[1]},"o":{"x":[0.15],"y":[0]},"t":38,"s":[15]},{"t":45,"s":[0]}],"ix":10},"p":{"a":0,"k":[114.5,128.25,0],"ix":2,"l":2},"a":{"a":0,"k":[82.5,82.5,0],"ix":1,"l":2},"s":{"a":0,"k":[100,100,100],"ix":6,"l":2}},"ao":0,"ip":0,"op":59,"st":0,"bm":0},{"ddd":0,"ind":6,"ty":2,"nm":"bg.png","cl":"png","refId":"image_2","sr":1,"ks":{"o":{"a":0,"k":100,"ix":11},"r":{"a":0,"k":0,"ix":10},"p":{"a":0,"k":[60,60,0],"ix":2,"l":2},"a":{"a":0,"k":[60,60,0],"ix":1,"l":2},"s":{"a":0,"k":[100,100,100],"ix":6,"l":2}},"ao":0,"ip":0,"op":59,"st":0,"bm":0}],"markers":[]}