{
  "channel": "tiktok_ecommerce_mall_channel_runtime",
  "distinct_key": "scene",
  "rules": {
    "clearance_channel": [
      {
        "path": "/api/v1/mall/western/channel/clearance/get",
        "method": "post",
        "header": [],
        "query": [],
        "body": [
          {
            "name": "scene",
            "default_value": "page_scene_clearance_channel",
            "collect_func": "static",
            "type": "string"
          },
          {
            "name": "traffic_param",
            "collect_func": "build",
            "type": "json",
            "build_template": {
              "scene": "#",
              "source": "#",
              "sub_source": "#",
              "diversion_params": "#",
              "mall_extra_info": "#",
              "previous_page": "#"
            },
            "build_values": [
              {
                "name": "scene",
                "default_value": "page_scene_clearance_channel",
                "collect_func": "static",
                "type": "string"
              },
              {
                "name": "source",
                "type": "string",
                "collect_func": "query",
                "query_src": "source"
              },
              {
                "name": "sub_source",
                "type": "string",
                "collect_func": "query",
                "query_src": "sub_source"
              },
              {
                "name": "diversion_params",
                "type": "string",
                "collect_func": "query",
                "query_src": "diversion_params"
              },
              {
                "name": "mall_extra_info",
                "type": "string",
                "collect_func": "query",
                "query_src": "mall_extra_info"
              },
              {
                "name": "previous_page",
                "type": "string",
                "collect_func": "query",
                "query_src": "previous_page"
              }
            ]
          },
          {
            "name": "extra_param",
            "collect_func": "build",
            "type": "json",
            "build_template": {
              "tab_id": "#",
              "top_product_id_list": "#",
              "clicked_product_id": "#",
              "not_need_voucher_info": "#",
              "show_fs": "#",
              "voucher_type_id": "#",
              "need_layout": "#",
              "need_page_data": "#"
            },
            "build_values": [
              {
                "name": "top_product_id_list",
                "type": "array",
                "collect_func": "split",
                "split_symbol": ",",
                "query_src": "top_product_ids",
                "default_value": ""
              },
              {
                "name": "clicked_product_id",
                "type": "string",
                "collect_func": "query",
                "query_src": "clicked_product_id"
              },
              {
                "name": "not_need_voucher_info",
                "type": "boolean",
                "collect_func": "static",
                "default_value": "0"
              },
              {
                "name": "show_fs",
                "type": "boolean",
                "collect_func": "query",
                "query_src": "show_flash_sale"
              },
              {
                "name": "need_layout",
                "type": "boolean",
                "collect_func": "static",
                "default_value": "1"
              },
              {
                "name": "need_page_data",
                "type": "boolean",
                "collect_func": "static",
                "default_value": "1"
              }
            ]
          }
        ]
      }
    ],
    "flash_channel": [
      {
        "path": "/api/v1/mall/western/channel/common/get",
        "method": "post",
        "header": [],
        "query": [],
        "body": [
          {
            "name": "scene",
            "default_value": "page_scene_flash_channel",
            "collect_func": "static",
            "type": "string"
          },
          {
            "name": "traffic_param",
            "collect_func": "build",
            "type": "json",
            "build_template": {
              "scene": "#",
              "source": "#",
              "sub_source": "#",
              "diversion_params": "#",
              "mall_extra_info": "#",
              "previous_page": "#"
            },
            "build_values": [
              {
                "name": "scene",
                "default_value": "page_scene_flash_channel",
                "collect_func": "static",
                "type": "string"
              },
              {
                "name": "source",
                "type": "string",
                "collect_func": "query",
                "query_src": "source"
              },
              {
                "name": "sub_source",
                "type": "string",
                "collect_func": "query",
                "query_src": "sub_source"
              },
              {
                "name": "diversion_params",
                "type": "string",
                "collect_func": "query",
                "query_src": "diversion_params"
              },
              {
                "name": "mall_extra_info",
                "type": "string",
                "collect_func": "query",
                "query_src": "mall_extra_info"
              },
              {
                "name": "previous_page",
                "type": "string",
                "collect_func": "query",
                "query_src": "previous_page"
              }
            ]
          },
          {
            "name": "extra_param",
            "collect_func": "build",
            "type": "json",
            "build_template": {
              "tab_id": "#",
              "top_product_id_list": "#",
              "clicked_product_id": "#",
              "not_need_voucher_info": "#",
              "show_fs": "#",
              "voucher_type_id": "#",
              "need_layout": "#",
              "need_page_data": "#"
            },
            "build_values": [
              {
                "name": "top_product_id_list",
                "type": "array",
                "collect_func": "split",
                "split_symbol": ",",
                "query_src": "top_product_ids",
                "default_value": ""
              },
              {
                "name": "clicked_product_id",
                "type": "string",
                "collect_func": "query",
                "query_src": "clicked_product_id"
              },
              {
                "name": "not_need_voucher_info",
                "type": "boolean",
                "collect_func": "static",
                "default_value": "0"
              },
              {
                "name": "show_fs",
                "type": "boolean",
                "collect_func": "query",
                "query_src": "show_flash_sale"
              },
              {
                "name": "need_layout",
                "type": "boolean",
                "collect_func": "static",
                "default_value": "1"
              },
              {
                "name": "need_page_data",
                "type": "boolean",
                "collect_func": "static",
                "default_value": "1"
              }
            ]
          }
        ]
      }
    ],
    "deal_channel": [
      {
        "path": "/api/v1/mall/western/channel/deal/reach/get",
        "method": "post",
        "header": [],
        "query": [
          {
            "name": "ec_biz_scene",
            "default_value": "native_prefetch",
            "collect_func": "static",
            "type": "string"
          }
        ],
        "body": [
          {
            "name": "scene",
            "default_value": "page_scene_deal_reach_channel",
            "collect_func": "static",
            "type": "string"
          },
          {
            "name": "traffic_param",
            "collect_func": "build",
            "type": "json",
            "build_template": {
              "scene": "#",
              "source": "#",
              "sub_source": "#",
              "diversion_params": "#",
              "mall_extra_info": "#",
              "previous_page": "#",
              "tab_name": "#",
              "tab_en_name": "#"
            },
            "build_values": [
              {
                "name": "scene",
                "default_value": "page_scene_deal_reach_channel",
                "collect_func": "static",
                "type": "string"
              },
              {
                "name": "source",
                "type": "string",
                "collect_func": "query",
                "query_src": "source"
              },
              {
                "name": "sub_source",
                "type": "string",
                "collect_func": "query",
                "query_src": "sub_source"
              },
              {
                "name": "diversion_params",
                "type": "string",
                "collect_func": "query",
                "query_src": "diversion_params"
              },
              {
                "name": "mall_extra_info",
                "type": "string",
                "collect_func": "query",
                "query_src": "mall_extra_info"
              },
              {
                "name": "previous_page",
                "type": "string",
                "collect_func": "query",
                "query_src": "previous_page"
              },
              {
                "name": "tab_name",
                "type": "string",
                "collect_func": "query",
                "query_src": "tab_name"
              },
              {
                "name": "tab_en_name",
                "type": "string",
                "collect_func": "query",
                "query_src": "tab_en_name"
              }
            ]
          },
          {
            "name": "extra_param",
            "collect_func": "build",
            "type": "json",
            "build_template": {
              "tab_id": "#",
              "top_product_id_list": "#",
              "clicked_product_id": "#",
              "not_need_voucher_info": "#",
              "show_fs": "#",
              "voucher_type_id": "#",
              "need_layout": "#",
              "need_page_data": "#"
            },
            "build_values": [
              {
                "name": "tab_id",
                "type": "long",
                "collect_func": "query",
                "query_src": "active_tab_id"
              },
              {
                "name": "top_product_id_list",
                "type": "array",
                "collect_func": "split",
                "split_symbol": ",",
                "query_src": "top_product_ids",
                "default_value": ""
              },
              {
                "name": "clicked_product_id",
                "type": "string",
                "collect_func": "query",
                "query_src": "clicked_product_id"
              },
              {
                "name": "not_need_voucher_info",
                "type": "boolean",
                "collect_func": "static",
                "default_value": "0"
              },
              {
                "name": "show_fs",
                "type": "boolean",
                "collect_func": "query",
                "query_src": "show_flash_sale"
              },
              {
                "name": "voucher_type_id",
                "type": "string",
                "collect_func": "query",
                "query_src": "voucher_type_id"
              },
              {
                "name": "need_layout",
                "type": "boolean",
                "collect_func": "static",
                "default_value": "1"
              },
              {
                "name": "need_page_data",
                "type": "boolean",
                "collect_func": "static",
                "default_value": "1"
              }
            ]
          }
        ]
      }
    ]
  }
}
