{
  "channel": "tiktok_ecom_hybrid_mall",
  "distinct_key": "popup_request_region",
  "rules": {
    "region_sea": [{
      "path": "/api/v1/mall/user_reach/popup/get",
      "method": "POST",
      "query": [],
      "body": [{
        "name": "mall_extra_info",
        "type": "string",
        "collect_func": "query",
        "query_src": "mall_extra_info"
      },
        {
          "name": "diversion_params",
          "type": "string",
          "collect_func": "query",
          "query_src": "diversion_params"
        },
        {
          "name": "popup_scene",
          "type": "int",
          "collect_func": "static",
          "default_value": "1"
        },
        {
          "name": "algorithm_params",
          "type": "string",
          "collect_func": "build",
          "build_template": {
            "mall_enter_cnt_app_launch": "#",
            "page_name": "#",
            "rd_trigger_type": "#"
          },
          "build_values": [{
            "name": "mall_enter_cnt_app_launch",
            "type": "int",
            "collect_func": "query",
            "query_src": "mall_enter_cnt_app_launch"
          },
            {
              "name": "page_name",
              "type": "string",
              "collect_func": "static",
              "default_value": "mall"
            },
            {
              "name": "rd_trigger_type",
              "type": "string",
              "collect_func": "static",
              "default_value": "Enter_the_page"
            }
          ]
        },
        {
          "name": "popup_type",
          "type": "int",
          "collect_func": "query",
          "query_src": "popup_type",
          "default_value": "-1"
        },
        {
          "name": "by_nova",
          "type": "boolean",
          "collect_func": "static",
          "default_value": "true"
        }
      ]
    }],
    "region_us": [{
      "path": "/api/v1/shoptab/homepage/pop/get",
      "method": "POST",
      "query": [],
      "body": [{
        "name": "diversion_params",
        "type": "string",
        "collect_func": "query",
        "query_src": "diversion_params"
      },
        {
          "name": "user_popup_scene",
          "type": "int",
          "collect_func": "static",
          "default_value": "1"
        },
        {
          "name": "page_source_info",
          "type": "string",
          "collect_func": "page_source_info"
        },
        {
        "name": "popup_extra_info",
        "type": "string",
        "collect_func": "build",
        "build_template": {
          "shoptab_ui_status": "#",
          "handle_on_ui_sub_stage": "#"
        },
        "build_values": [{
            "name": "shoptab_ui_status",
            "type": "string",
            "collect_func": "query",
            "query_src": "shoptab_ui_status"
          },
          {
            "name": "handle_on_ui_sub_stage",
            "type": "string",
            "collect_func": "query",
            "query_src": "handle_on_ui_sub_stage"
          }
        ]
      }
      ]
    }]
  }
}
