{"pia_version":"1.0","build_time":1716803225144,"build_id":"5983d299","public_path":"https://inapp.tiktokv.com/web-inapp/search-web-inapp/resource/","name":"tiktok_search_feedback_inapp","description":"tiktok search web inapp offline","predictors":[],"pages":{"search-feedback":{"filePath":"search-feedback.html"},"transfer-feedback":{"filePath":"transfer-feedback.html"},"transfer-aboutPopularSearches":{"filePath":"transfer-aboutPopularSearches.html"},"satisfaction-survey":{"filePath":"satisfaction-survey.html"},"tako-help-page":{"filePath":"tako-help-page.html"},"explanation-page":{"filePath":"explanation-page.html"},"tako-feedback":{"filePath":"tako-feedback.html"},"report-page":{"filePath":"report-page.html"}},"worker":true}