{"v":"5.6.8","fr":50,"ip":0,"op":21,"w":120,"h":120,"nm":"bg 3 portal to box","ddd":0,"assets":[{"id":"image_0","w":120,"h":120,"u":"https://lf16-gecko-source.tiktokcdn.com/obj/byte-gurd-source-sg/tiktok/fe/live/tiktok_live_revenue_golden_envelope/resource/lotties/images/","p":"bg_b.1ccfdea9.png","e":0},{"id":"image_1","w":144,"h":144,"u":"","p":"%s","e":0},{"id":"image_2","w":144,"h":144,"u":"https://lf16-gecko-source.tiktokcdn.com/obj/byte-gurd-source-sg/tiktok/fe/live/tiktok_live_revenue_golden_envelope/resource/lotties/images/","p":"icon-portal.4a77dbcd.png","e":0},{"id":"image_3","w":120,"h":120,"u":"https://lf16-gecko-source.tiktokcdn.com/obj/byte-gurd-source-sg/tiktok/fe/live/tiktok_live_revenue_golden_envelope/resource/lotties/images/","p":"bg-portal.bf569eff.png","e":0},{"id":"image_4","w":120,"h":120,"u":"https://lf16-gecko-source.tiktokcdn.com/obj/byte-gurd-source-sg/tiktok/fe/live/tiktok_live_revenue_golden_envelope/resource/lotties/images/","p":"bg.7e67c592.png","e":0}],"layers":[{"ddd":0,"ind":1,"ty":2,"nm":"bg_b.png","cl":"png","td":1,"refId":"image_0","sr":1,"ks":{"o":{"a":0,"k":100,"ix":11},"r":{"a":0,"k":0,"ix":10},"p":{"a":0,"k":[60,60,0],"ix":2},"a":{"a":0,"k":[60,60,0],"ix":1},"s":{"a":0,"k":[100,100,100],"ix":6}},"ao":0,"ip":0,"op":241,"st":0,"bm":0},{"ddd":0,"ind":2,"ty":2,"nm":"icon-treasure box.png","cl":"png","tt":1,"refId":"image_1","sr":1,"ks":{"o":{"a":0,"k":100,"ix":11},"r":{"a":0,"k":0,"ix":10},"p":{"a":1,"k":[{"i":{"x":0.3,"y":1},"o":{"x":0.333,"y":0},"t":4,"s":[-91.5,84,0],"e":[-24,12,0],"to":[0,0,0],"ti":[0,0,0]},{"t":20}],"ix":2},"a":{"a":0,"k":[0,0,0],"ix":1},"s":{"a":0,"k":[100,100,100],"ix":6}},"ao":0,"ip":0,"op":241,"st":0,"bm":0},{"ddd":0,"ind":4,"ty":2,"nm":"bg_b.png","cl":"png","td":1,"refId":"image_0","sr":1,"ks":{"o":{"a":0,"k":100,"ix":11},"r":{"a":0,"k":0,"ix":10},"p":{"a":0,"k":[60,60,0],"ix":2},"a":{"a":0,"k":[60,60,0],"ix":1},"s":{"a":0,"k":[100,100,100],"ix":6}},"ao":0,"ip":0,"op":241,"st":0,"bm":0},{"ddd":0,"ind":5,"ty":2,"nm":"icon-portal.png","cl":"png","tt":1,"refId":"image_2","sr":1,"ks":{"o":{"a":0,"k":100,"ix":11},"r":{"a":0,"k":0,"ix":10},"p":{"a":0,"k":[46,84,0],"ix":2},"a":{"a":0,"k":[72,72,0],"ix":1},"s":{"a":1,"k":[{"i":{"x":[0.667,0.667,0.667],"y":[1,1,1]},"o":{"x":[0.333,0.333,0.333],"y":[0,0,0]},"t":0,"s":[100,100,100],"e":[0,0,100]},{"t":10}],"ix":6}},"ao":0,"ip":0,"op":241,"st":0,"bm":0},{"ddd":0,"ind":7,"ty":2,"nm":"bg-portal.png","cl":"png","refId":"image_3","sr":1,"ks":{"o":{"a":1,"k":[{"i":{"x":[0.667],"y":[1]},"o":{"x":[0.333],"y":[0]},"t":0,"s":[100],"e":[0]},{"t":10}],"ix":11},"r":{"a":0,"k":0,"ix":10},"p":{"a":0,"k":[60,60,0],"ix":2},"a":{"a":0,"k":[60,60,0],"ix":1},"s":{"a":0,"k":[100,100,100],"ix":6}},"ao":0,"ip":0,"op":241,"st":0,"bm":0},{"ddd":0,"ind":8,"ty":2,"nm":"bg.png","cl":"png","refId":"image_4","sr":1,"ks":{"o":{"a":1,"k":[{"i":{"x":[0.667],"y":[1]},"o":{"x":[0.333],"y":[0]},"t":0,"s":[0],"e":[100]},{"t":10}],"ix":11},"r":{"a":0,"k":0,"ix":10},"p":{"a":0,"k":[60,60,0],"ix":2},"a":{"a":0,"k":[60,60,0],"ix":1},"s":{"a":0,"k":[100,100,100],"ix":6}},"ao":0,"ip":0,"op":241,"st":0,"bm":0}],"markers":[]}