{"v":"5.6.8","fr":50,"ip":0,"op":59,"w":120,"h":120,"nm":"bg","ddd":0,"assets":[{"id":"image_0","w":120,"h":120,"u":"https://lf16-gecko-source.tiktokcdn.com/obj/byte-gurd-source-sg/tiktok/fe/live/tiktok_live_revenue_golden_envelope/resource/lotties/images/","p":"img_0.454b7262.png","e":0},{"id":"image_1","w":37,"h":37,"u":"","p":"%s","e":0},{"id":"image_2","w":144,"h":144,"u":"https://lf16-gecko-source.tiktokcdn.com/obj/byte-gurd-source-sg/tiktok/fe/live/tiktok_live_revenue_golden_envelope/resource/lotties/images/","p":"img_2.e4edf4e0.png","e":0},{"id":"image_3","w":120,"h":120,"u":"https://lf16-gecko-source.tiktokcdn.com/obj/byte-gurd-source-sg/tiktok/fe/live/tiktok_live_revenue_golden_envelope/resource/lotties/images/","p":"img_3.a14de0b3.png","e":0},{"id":"comp_0","layers":[{"ddd":0,"ind":1,"ty":4,"nm":"Shape Layer 1","td":1,"sr":1,"ks":{"o":{"a":0,"k":100,"ix":11},"r":{"a":0,"k":30,"ix":10},"p":{"a":0,"k":[70.533,74.442,0],"ix":2},"a":{"a":0,"k":[0,0,0],"ix":1},"s":{"a":0,"k":[100,100,100],"ix":6}},"ao":0,"shapes":[{"ty":"gr","it":[{"d":1,"ty":"el","s":{"a":0,"k":[36,36],"ix":2},"p":{"a":0,"k":[0,0],"ix":3},"nm":"Ellipse Path 1","mn":"ADBE Vector Shape - Ellipse","hd":false},{"ty":"st","c":{"a":0,"k":[1,1,1,1],"ix":3},"o":{"a":0,"k":100,"ix":4},"w":{"a":0,"k":0,"ix":5},"lc":1,"lj":1,"ml":4,"bm":0,"nm":"Stroke 1","mn":"ADBE Vector Graphic - Stroke","hd":false},{"ty":"fl","c":{"a":0,"k":[0.411765005074,0.796078012504,0.811765005074,1],"ix":4},"o":{"a":0,"k":100,"ix":5},"r":1,"bm":0,"nm":"Fill 1","mn":"ADBE Vector Graphic - Fill","hd":false},{"ty":"tr","p":{"a":0,"k":[0,0],"ix":2},"a":{"a":0,"k":[0,0],"ix":1},"s":{"a":0,"k":[100,100],"ix":3},"r":{"a":0,"k":0,"ix":6},"o":{"a":0,"k":100,"ix":7},"sk":{"a":0,"k":0,"ix":4},"sa":{"a":0,"k":0,"ix":5},"nm":"Transform"}],"nm":"Ellipse 1","np":3,"cix":2,"bm":0,"ix":1,"mn":"ADBE Vector Group","hd":false}],"ip":0,"op":100,"st":0,"bm":0},{"ddd":0,"ind":2,"ty":2,"nm":"touxiang.png","cl":"png","tt":1,"refId":"image_1","sr":1,"ks":{"o":{"a":0,"k":100,"ix":11},"r":{"a":0,"k":30,"ix":10},"p":{"a":0,"k":[70.5,75,0],"ix":2},"a":{"a":0,"k":[18.5,18.5,0],"ix":1},"s":{"a":0,"k":[100,100,100],"ix":6}},"ao":0,"ip":0,"op":100,"st":0,"bm":0},{"ddd":0,"ind":3,"ty":2,"nm":"icon_portal.png","cl":"png","refId":"image_2","sr":1,"ks":{"o":{"a":0,"k":100,"ix":11},"r":{"a":0,"k":0,"ix":10},"p":{"a":0,"k":[72,72,0],"ix":2},"a":{"a":0,"k":[72,72,0],"ix":1},"s":{"a":0,"k":[100,100,100],"ix":6}},"ao":0,"ip":0,"op":100,"st":0,"bm":0}]}],"layers":[{"ddd":0,"ind":1,"ty":3,"nm":"Null 1","sr":1,"ks":{"o":{"a":0,"k":0,"ix":11},"r":{"a":0,"k":0,"ix":10},"p":{"a":1,"k":[{"i":{"x":0.667,"y":1},"o":{"x":0.333,"y":0},"t":0,"s":[-24,12,0],"e":[-33,24,0],"to":[0,0,0],"ti":[0,0,0]},{"i":{"x":0.4,"y":1},"o":{"x":0.333,"y":0},"t":8,"s":[-33,24,0],"e":[-18,3,0],"to":[0,0,0],"ti":[0,0,0]},{"i":{"x":0.4,"y":1},"o":{"x":0.333,"y":0},"t":18,"s":[-18,3,0],"e":[-12,-6,0],"to":[0,0,0],"ti":[0,0,0]},{"i":{"x":0.667,"y":1},"o":{"x":0.6,"y":0},"t":40,"s":[-12,-6,0],"e":[-27,18,0],"to":[0,0,0],"ti":[0,0,0]},{"i":{"x":0.667,"y":1},"o":{"x":0.333,"y":0},"t":50,"s":[-27,18,0],"e":[-24,12,0],"to":[0,0,0],"ti":[0,0,0]},{"t":58}],"ix":2},"a":{"a":0,"k":[50,50,0],"ix":1},"s":{"a":0,"k":[100,100,100],"ix":6}},"ao":0,"ip":0,"op":59,"st":0,"bm":0},{"ddd":0,"ind":2,"ty":2,"nm":"bg_b.png","cl":"png","td":1,"refId":"image_0","sr":1,"ks":{"o":{"a":0,"k":100,"ix":11},"r":{"a":0,"k":0,"ix":10},"p":{"a":0,"k":[60,60,0],"ix":2},"a":{"a":0,"k":[60,60,0],"ix":1},"s":{"a":0,"k":[100,100,100],"ix":6}},"ao":0,"ip":0,"op":59,"st":0,"bm":0},{"ddd":0,"ind":3,"ty":0,"nm":"icon_portal","parent":1,"tt":1,"refId":"comp_0","sr":1,"ks":{"o":{"a":0,"k":100,"ix":11},"r":{"a":1,"k":[{"i":{"x":[0.85],"y":[1]},"o":{"x":[0.6],"y":[0]},"t":10,"s":[0],"e":[-15]},{"i":{"x":[0.85],"y":[1]},"o":{"x":[0.15],"y":[0]},"t":17,"s":[-15],"e":[15]},{"i":{"x":[0.85],"y":[1]},"o":{"x":[0.15],"y":[0]},"t":24,"s":[15],"e":[-15]},{"i":{"x":[0.85],"y":[1]},"o":{"x":[0.15],"y":[0]},"t":31,"s":[-15],"e":[15]},{"i":{"x":[0.4],"y":[1]},"o":{"x":[0.15],"y":[0]},"t":38,"s":[15],"e":[0]},{"t":45}],"ix":10},"p":{"a":0,"k":[119.951,126.099,0],"ix":2},"a":{"a":0,"k":[72,72,0],"ix":1},"s":{"a":0,"k":[100,100,100],"ix":6}},"ao":0,"w":144,"h":144,"ip":0,"op":100,"st":0,"bm":0},{"ddd":0,"ind":4,"ty":2,"nm":"portal_bg.png","cl":"png","refId":"image_3","sr":1,"ks":{"o":{"a":0,"k":100,"ix":11},"r":{"a":0,"k":0,"ix":10},"p":{"a":0,"k":[60,60,0],"ix":2},"a":{"a":0,"k":[60,60,0],"ix":1},"s":{"a":0,"k":[100,100,100],"ix":6}},"ao":0,"ip":0,"op":59,"st":0,"bm":0}],"markers":[]}