{"v":"5.12.2","fr":30,"ip":0,"op":30,"w":750,"h":424,"nm":"light_soldout_output","ddd":0,"assets":[{"id":"image_0","w":56,"h":58,"u":"https://lf16-gecko-source.tiktokcdn.com/obj/byte-gurd-source-sg/tiktok/fe/live/tiktok_live_revenue_golden_envelope/resource/lotties/images/","p":"stand_coin.7d003bc7.png","e":0},{"id":"image_1","w":28,"h":16,"u":"https://lf16-gecko-source.tiktokcdn.com/obj/byte-gurd-source-sg/tiktok/fe/live/tiktok_live_revenue_golden_envelope/resource/lotties/images/","p":"left_coin2.80ccf52b.png","e":0},{"id":"image_2","w":53,"h":35,"u":"https://lf16-gecko-source.tiktokcdn.com/obj/byte-gurd-source-sg/tiktok/fe/live/tiktok_live_revenue_golden_envelope/resource/lotties/images/","p":"right_coin.1d44eda3.png","e":0},{"id":"image_3","w":86,"h":68,"u":"https://lf16-gecko-source.tiktokcdn.com/obj/byte-gurd-source-sg/tiktok/fe/live/tiktok_live_revenue_golden_envelope/resource/lotties/images/","p":"open_cover_icon.b05a5966.png","e":0},{"id":"image_4","w":195,"h":99,"u":"https://lf16-gecko-source.tiktokcdn.com/obj/byte-gurd-source-sg/tiktok/fe/live/tiktok_live_revenue_golden_envelope/resource/lotties/images/","p":"bottom.6ff4b30a.png","e":0},{"id":"image_5","w":37,"h":35,"u":"https://lf16-gecko-source.tiktokcdn.com/obj/byte-gurd-source-sg/tiktok/fe/live/tiktok_live_revenue_golden_envelope/resource/lotties/images/","p":"Diamond_pink.35479729.png","e":0},{"id":"image_6","w":48,"h":48,"u":"https://lf16-gecko-source.tiktokcdn.com/obj/byte-gurd-source-sg/tiktok/fe/live/tiktok_live_revenue_golden_envelope/resource/lotties/images/","p":"Diamond_5.98000d2e.png","e":0},{"id":"image_7","w":102,"h":65,"u":"https://lf16-gecko-source.tiktokcdn.com/obj/byte-gurd-source-sg/tiktok/fe/live/tiktok_live_revenue_golden_envelope/resource/lotties/images/","p":"coins_right.e7c26636.png","e":0},{"id":"image_8","w":222,"h":69,"u":"https://lf16-gecko-source.tiktokcdn.com/obj/byte-gurd-source-sg/tiktok/fe/live/tiktok_live_revenue_golden_envelope/resource/lotties/images/","p":"coins_mask.86b5afa8.png","e":0},{"id":"image_9","w":108,"h":73,"u":"https://lf16-gecko-source.tiktokcdn.com/obj/byte-gurd-source-sg/tiktok/fe/live/tiktok_live_revenue_golden_envelope/resource/lotties/images/","p":"coins_left2.8b38ea3d.png","e":0},{"id":"image_10","w":38,"h":39,"u":"https://lf16-gecko-source.tiktokcdn.com/obj/byte-gurd-source-sg/tiktok/fe/live/tiktok_live_revenue_golden_envelope/resource/lotties/images/","p":"Diamond_4.cad7b11c.png","e":0},{"id":"image_11","w":43,"h":43,"u":"https://lf16-gecko-source.tiktokcdn.com/obj/byte-gurd-source-sg/tiktok/fe/live/tiktok_live_revenue_golden_envelope/resource/lotties/images/","p":"Diamond_3.ad31d2c8.png","e":0},{"id":"image_12","w":75,"h":75,"u":"https://lf16-gecko-source.tiktokcdn.com/obj/byte-gurd-source-sg/tiktok/fe/live/tiktok_live_revenue_golden_envelope/resource/lotties/images/","p":"Diamond_blue.ebcfcfc9.png","e":0},{"id":"image_13","w":90,"h":90,"u":"https://lf16-gecko-source.tiktokcdn.com/obj/byte-gurd-source-sg/tiktok/fe/live/tiktok_live_revenue_golden_envelope/resource/lotties/images/","p":"coins_left3.1227f040.png","e":0},{"id":"image_14","w":134,"h":132,"u":"https://lf16-gecko-source.tiktokcdn.com/obj/byte-gurd-source-sg/tiktok/fe/live/tiktok_live_revenue_golden_envelope/resource/lotties/images/","p":"light1.6d340631.png","e":0},{"id":"image_15","w":157,"h":162,"u":"https://lf16-gecko-source.tiktokcdn.com/obj/byte-gurd-source-sg/tiktok/fe/live/tiktok_live_revenue_golden_envelope/resource/lotties/images/","p":"light2.48cafbbd.png","e":0},{"id":"image_16","w":179,"h":85,"u":"https://lf16-gecko-source.tiktokcdn.com/obj/byte-gurd-source-sg/tiktok/fe/live/tiktok_live_revenue_golden_envelope/resource/lotties/images/","p":"cover_bottom.9c19708c.png","e":0},{"id":"image_17","w":184,"h":43,"u":"https://lf16-gecko-source.tiktokcdn.com/obj/byte-gurd-source-sg/tiktok/fe/live/tiktok_live_revenue_golden_envelope/resource/lotties/images/","p":"cover_top.e74bcc04.png","e":0},{"id":"image_18","w":45,"h":26,"u":"https://lf16-gecko-source.tiktokcdn.com/obj/byte-gurd-source-sg/tiktok/fe/live/tiktok_live_revenue_golden_envelope/resource/lotties/images/","p":"coin_left.c8efd805.png","e":0},{"id":"image_19","w":310,"h":30,"u":"https://lf16-gecko-source.tiktokcdn.com/obj/byte-gurd-source-sg/tiktok/fe/live/tiktok_live_revenue_golden_envelope/resource/lotties/images/","p":"shadow.cae5091d.png","e":0},{"id":"image_20","w":520,"h":328,"u":"https://lf16-gecko-source.tiktokcdn.com/obj/byte-gurd-source-sg/tiktok/fe/live/tiktok_live_revenue_golden_envelope/resource/lotties/images/","p":"light_circle.b39474b1.png","e":0},{"id":"comp_0","nm":"light_coins_ending","fr":30,"layers":[{"ddd":0,"ind":1,"ty":2,"nm":"stand_coin.png","cl":"png","refId":"image_0","sr":1,"ks":{"o":{"a":0,"k":100,"ix":11},"r":{"a":0,"k":0,"ix":10},"p":{"a":1,"k":[{"i":{"x":0.225,"y":0.989},"o":{"x":0.333,"y":0},"t":12,"s":[484.5,1159.125,0],"e":[484.5,1150.125,0],"to":[0,0,0],"ti":[0,0,0]},{"i":{"x":0.667,"y":1},"o":{"x":0.702,"y":0},"t":16,"s":[484.5,1150.125,0],"e":[484.5,1159.125,0],"to":[0,0,0],"ti":[0,0,0]},{"t":20}],"ix":2,"l":2},"a":{"a":0,"k":[28,29,0],"ix":1,"l":2},"s":{"a":0,"k":[100,100,100],"ix":6,"l":2}},"ao":0,"ip":0,"op":30,"st":0,"bm":0},{"ddd":0,"ind":2,"ty":2,"nm":"left_coin2.png","cl":"png","refId":"image_1","sr":1,"ks":{"o":{"a":0,"k":100,"ix":11},"r":{"a":1,"k":[{"i":{"x":[0.667],"y":[1]},"o":{"x":[0.333],"y":[0]},"t":15,"s":[0],"e":[17]},{"i":{"x":[0.667],"y":[1]},"o":{"x":[0.333],"y":[0]},"t":20,"s":[17],"e":[-2]},{"i":{"x":[0.833],"y":[1]},"o":{"x":[0.167],"y":[0]},"t":23,"s":[-2],"e":[9]},{"i":{"x":[0.833],"y":[1]},"o":{"x":[0.167],"y":[0]},"t":25,"s":[9],"e":[0]},{"t":28}],"ix":10},"p":{"a":1,"k":[{"i":{"x":0.667,"y":1},"o":{"x":0.333,"y":0},"t":13,"s":[232.5,1171.875,0],"e":[232.5,1156.875,0],"to":[0,0,0],"ti":[0,0,0]},{"i":{"x":0.667,"y":1},"o":{"x":0.333,"y":0},"t":19,"s":[232.5,1156.875,0],"e":[232.5,1171.875,0],"to":[0,0,0],"ti":[0,0,0]},{"i":{"x":0.667,"y":1},"o":{"x":0.333,"y":0},"t":24,"s":[232.5,1171.875,0],"e":[232.5,1169.375,0],"to":[0,0,0],"ti":[0,0,0]},{"i":{"x":0.667,"y":1},"o":{"x":0.333,"y":0},"t":26,"s":[232.5,1169.375,0],"e":[232.5,1171.875,0],"to":[0,0,0],"ti":[0,0,0]},{"t":28}],"ix":2,"l":2},"a":{"a":0,"k":[14,8,0],"ix":1,"l":2},"s":{"a":0,"k":[100,100,100],"ix":6,"l":2}},"ao":0,"ip":0,"op":30,"st":0,"bm":0},{"ddd":0,"ind":3,"ty":2,"nm":"right_coin.png","cl":"png","refId":"image_2","sr":1,"ks":{"o":{"a":0,"k":100,"ix":11},"r":{"a":1,"k":[{"i":{"x":[0.667],"y":[1]},"o":{"x":[0.333],"y":[0]},"t":14,"s":[0],"e":[17]},{"i":{"x":[0.667],"y":[1]},"o":{"x":[0.333],"y":[0]},"t":17,"s":[17],"e":[-2]},{"i":{"x":[0.833],"y":[1]},"o":{"x":[0.167],"y":[0]},"t":20,"s":[-2],"e":[-4]},{"i":{"x":[0.833],"y":[1]},"o":{"x":[0.167],"y":[0]},"t":22,"s":[-4],"e":[0]},{"t":24}],"ix":10},"p":{"a":1,"k":[{"i":{"x":0.667,"y":1},"o":{"x":0.333,"y":0},"t":12,"s":[513,1167.5,0],"e":[513,1157.5,0],"to":[0,0,0],"ti":[0,0,0]},{"i":{"x":0.667,"y":1},"o":{"x":0.333,"y":0},"t":16,"s":[513,1157.5,0],"e":[513,1167.5,0],"to":[0,0,0],"ti":[0,0,0]},{"i":{"x":0.667,"y":1},"o":{"x":0.333,"y":0},"t":20,"s":[513,1167.5,0],"e":[513,1165,0],"to":[0,0,0],"ti":[0,0,0]},{"i":{"x":0.667,"y":1},"o":{"x":0.333,"y":0},"t":22,"s":[513,1165,0],"e":[513,1167.5,0],"to":[0,0,0],"ti":[0,0,0]},{"t":24}],"ix":2,"l":2},"a":{"a":0,"k":[26.5,17.5,0],"ix":1,"l":2},"s":{"a":0,"k":[100,100,100],"ix":6,"l":2}},"ao":0,"ip":0,"op":30,"st":0,"bm":0},{"ddd":0,"ind":4,"ty":2,"nm":"open_cover_icon.png","cl":"png","parent":18,"refId":"image_3","sr":1,"ks":{"o":{"a":0,"k":100,"ix":11},"r":{"a":0,"k":0,"ix":10},"p":{"a":0,"k":[90.838,35.026,0],"ix":2,"l":2},"a":{"a":0,"k":[43,34,0],"ix":1,"l":2},"s":{"a":0,"k":[100,100,100],"ix":6,"l":2}},"ao":0,"ip":0,"op":30,"st":0,"bm":0},{"ddd":0,"ind":5,"ty":2,"nm":"bottom.png","cl":"png","refId":"image_4","sr":1,"ks":{"o":{"a":0,"k":100,"ix":11},"r":{"a":0,"k":0,"ix":10},"p":{"a":0,"k":[373,1183.5,0],"ix":2,"l":2},"a":{"a":0,"k":[97.5,99.5,0],"ix":1,"l":2},"s":{"a":1,"k":[{"i":{"x":[0.667,0.667,0.667],"y":[1,1,1]},"o":{"x":[0.333,0.333,0.333],"y":[0,0,0]},"t":6,"s":[100,100,100],"e":[100,85,100]},{"i":{"x":[0.667,0.667,0.667],"y":[1,1,1]},"o":{"x":[0.333,0.333,0.333],"y":[0,0,0]},"t":9,"s":[100,85,100],"e":[100,115,100]},{"i":{"x":[0.667,0.667,0.667],"y":[1,0.779,1]},"o":{"x":[0.333,0.333,0.333],"y":[0,0,0]},"t":12,"s":[100,115,100],"e":[100,98,100]},{"i":{"x":[0.667,0.667,0.667],"y":[1,1,1]},"o":{"x":[0.333,0.333,0.333],"y":[0,-1.875,0]},"t":14,"s":[100,98,100],"e":[100,100,100]},{"t":16}],"ix":6,"l":2}},"ao":0,"ip":0,"op":30,"st":0,"bm":0},{"ddd":0,"ind":6,"ty":2,"nm":"Diamond_pink.png","cl":"png","parent":5,"refId":"image_5","sr":1,"ks":{"o":{"a":0,"k":100,"ix":11},"r":{"a":0,"k":0,"ix":10},"p":{"a":1,"k":[{"i":{"x":0.703,"y":0.787},"o":{"x":0.371,"y":0},"t":8,"s":[96.75,9.25,0],"e":[93.765,6.713,0],"to":[0,0,0],"ti":[0,0,0]},{"i":{"x":0.916,"y":0.999},"o":{"x":0.783,"y":0.093},"t":12,"s":[93.765,6.713,0],"e":[82.5,34.25,0],"to":[0,0,0],"ti":[0,0,0]},{"t":17}],"ix":2,"l":2},"a":{"a":0,"k":[18.5,17.5,0],"ix":1,"l":2},"s":{"a":0,"k":[100,100,100],"ix":6,"l":2}},"ao":0,"ip":0,"op":18,"st":0,"bm":0},{"ddd":0,"ind":7,"ty":2,"nm":"Diamond_5.png","cl":"png","parent":5,"refId":"image_6","sr":1,"ks":{"o":{"a":0,"k":100,"ix":11},"r":{"a":0,"k":0,"ix":10},"p":{"a":1,"k":[{"i":{"x":0.703,"y":0.842},"o":{"x":0.371,"y":0},"t":8,"s":[82,13,0],"e":[84.654,6.904,0],"to":[0,0,0],"ti":[0,0,0]},{"i":{"x":0.916,"y":0.999},"o":{"x":0.783,"y":0.118},"t":13,"s":[84.654,6.904,0],"e":[91.5,34.25,0],"to":[0,0,0],"ti":[0,0,0]},{"t":19}],"ix":2,"l":2},"a":{"a":0,"k":[24,24,0],"ix":1,"l":2},"s":{"a":0,"k":[100,100,100],"ix":6,"l":2}},"ao":0,"ip":0,"op":20,"st":0,"bm":0},{"ddd":0,"ind":8,"ty":2,"nm":"coins_right.png","cl":"png","parent":5,"refId":"image_7","sr":1,"ks":{"o":{"a":0,"k":100,"ix":11},"r":{"a":0,"k":0,"ix":10},"p":{"a":1,"k":[{"i":{"x":0.667,"y":0.372},"o":{"x":0.333,"y":0},"t":8,"s":[136.75,10.5,0],"e":[132.619,6.076,0],"to":[0,0,0],"ti":[0,0,0]},{"i":{"x":0.667,"y":1},"o":{"x":0.333,"y":0.274},"t":11,"s":[132.619,6.076,0],"e":[122.75,32,0],"to":[0,0,0],"ti":[0,0,0]},{"t":17}],"ix":2,"l":2},"a":{"a":0,"k":[51,32.5,0],"ix":1,"l":2},"s":{"a":1,"k":[{"i":{"x":[0.667,0.667,0.667],"y":[1,1,1]},"o":{"x":[0.333,0.333,0.333],"y":[0,0,0]},"t":11,"s":[100,100,100],"e":[80,80,100]},{"t":17}],"ix":6,"l":2}},"ao":0,"ip":0,"op":18,"st":0,"bm":0},{"ddd":0,"ind":9,"ty":2,"nm":"coins_mask.png","cl":"png","parent":5,"td":1,"refId":"image_8","sr":1,"ks":{"o":{"a":0,"k":100,"ix":11},"r":{"a":0,"k":0,"ix":10},"p":{"a":0,"k":[99,-21.5,0],"ix":2,"l":2},"a":{"a":0,"k":[111,34.5,0],"ix":1,"l":2},"s":{"a":0,"k":[100,100,100],"ix":6,"l":2}},"ao":0,"ip":0,"op":17,"st":0,"bm":0},{"ddd":0,"ind":10,"ty":2,"nm":"coins_left2.png","cl":"png","parent":5,"tt":1,"tp":9,"refId":"image_9","sr":1,"ks":{"o":{"a":0,"k":100,"ix":11},"r":{"a":0,"k":0,"ix":10},"p":{"a":1,"k":[{"i":{"x":0.667,"y":1},"o":{"x":0.333,"y":0},"t":8,"s":[51.25,13.375,0],"e":[61.751,4.042,0],"to":[0,0,0],"ti":[0,0,0]},{"i":{"x":0.667,"y":1},"o":{"x":0.333,"y":0},"t":11,"s":[61.751,4.042,0],"e":[67.75,34.875,0],"to":[0,0,0],"ti":[0,0,0]},{"t":16}],"ix":2,"l":2},"a":{"a":0,"k":[54,36.5,0],"ix":1,"l":2},"s":{"a":1,"k":[{"i":{"x":[0.833,0.833,0.833],"y":[0.833,0.833,0.833]},"o":{"x":[0.167,0.167,0.167],"y":[0.167,0.167,0.167]},"t":11,"s":[100,100,100],"e":[80,80,100]},{"t":16}],"ix":6,"l":2}},"ao":0,"ip":0,"op":17,"st":0,"bm":0},{"ddd":0,"ind":11,"ty":2,"nm":"Diamond_4.png","cl":"png","parent":5,"refId":"image_10","sr":1,"ks":{"o":{"a":0,"k":100,"ix":11},"r":{"a":0,"k":0,"ix":10},"p":{"a":1,"k":[{"i":{"x":0.667,"y":0.366},"o":{"x":0.333,"y":0},"t":10,"s":[40,-1.5,0],"e":[48.045,-12.771,0],"to":[0,0,0],"ti":[0,0,0]},{"i":{"x":0.667,"y":1},"o":{"x":0.333,"y":0.263},"t":14,"s":[48.045,-12.771,0],"e":[67,24.5,0],"to":[0,0,0],"ti":[0,0,0]},{"t":19}],"ix":2,"l":2},"a":{"a":0,"k":[19,19.5,0],"ix":1,"l":2},"s":{"a":0,"k":[100,100,100],"ix":6,"l":2}},"ao":0,"ip":0,"op":20,"st":0,"bm":0},{"ddd":0,"ind":12,"ty":2,"nm":"Diamond_3.png","cl":"png","parent":5,"refId":"image_11","sr":1,"ks":{"o":{"a":0,"k":100,"ix":11},"r":{"a":0,"k":0,"ix":10},"p":{"a":1,"k":[{"i":{"x":0.833,"y":0.66},"o":{"x":0.333,"y":0},"t":9,"s":[55.75,-9,0],"e":[61.529,-17.347,0],"to":[0,0,0],"ti":[0,0,0]},{"i":{"x":0.667,"y":1},"o":{"x":0.167,"y":0.129},"t":13,"s":[61.529,-17.347,0],"e":[74.75,27.5,0],"to":[0,0,0],"ti":[0,0,0]},{"t":20}],"ix":2,"l":2},"a":{"a":0,"k":[21.5,21.5,0],"ix":1,"l":2},"s":{"a":0,"k":[100,100,100],"ix":6,"l":2}},"ao":0,"ip":0,"op":21,"st":0,"bm":0},{"ddd":0,"ind":13,"ty":2,"nm":"Diamond_blue.png","cl":"png","parent":5,"refId":"image_12","sr":1,"ks":{"o":{"a":0,"k":100,"ix":11},"r":{"a":1,"k":[{"i":{"x":[1],"y":[1]},"o":{"x":[0.892],"y":[0]},"t":10,"s":[0],"e":[-75]},{"t":18}],"ix":10},"p":{"a":1,"k":[{"i":{"x":0.833,"y":1},"o":{"x":0.333,"y":0},"t":8,"s":[149.5,-7.5,0],"e":[146,-19.5,0],"to":[0,0,0],"ti":[0,0,0]},{"i":{"x":0.667,"y":1},"o":{"x":0.333,"y":0},"t":12,"s":[146,-19.5,0],"e":[137.5,34.5,0],"to":[0,0,0],"ti":[0,0,0]},{"t":18}],"ix":2,"l":2},"a":{"a":0,"k":[37.5,37.5,0],"ix":1,"l":2},"s":{"a":1,"k":[{"i":{"x":[0.667,0.667,0.667],"y":[1,1,1]},"o":{"x":[0.333,0.333,0.333],"y":[0,0,0]},"t":13,"s":[100,100,100],"e":[70,70,100]},{"t":18}],"ix":6,"l":2}},"ao":0,"ip":0,"op":19,"st":0,"bm":0},{"ddd":0,"ind":14,"ty":2,"nm":"coins_left3.png","cl":"png","parent":5,"refId":"image_13","sr":1,"ks":{"o":{"a":0,"k":100,"ix":11},"r":{"a":0,"k":0,"ix":10},"p":{"a":1,"k":[{"i":{"x":0.667,"y":1},"o":{"x":0.333,"y":0},"t":8,"s":[45.75,6.25,0],"e":[65.15,-5.55,0],"to":[0,0,0],"ti":[0,0,0]},{"i":{"x":0.667,"y":1},"o":{"x":0.333,"y":0},"t":12,"s":[65.15,-5.55,0],"e":[81.75,53.25,0],"to":[0,0,0],"ti":[0,0,0]},{"t":18}],"ix":2,"l":2},"a":{"a":0,"k":[45,45,0],"ix":1,"l":2},"s":{"a":0,"k":[100,100,100],"ix":6,"l":2}},"ao":0,"ip":0,"op":19,"st":0,"bm":0},{"ddd":0,"ind":15,"ty":2,"nm":"light1.png","cl":"png","parent":5,"refId":"image_14","sr":1,"ks":{"o":{"a":1,"k":[{"i":{"x":[0.833],"y":[0.833]},"o":{"x":[0.167],"y":[0.167]},"t":11,"s":[100],"e":[0]},{"t":16}],"ix":11},"r":{"a":0,"k":0,"ix":10},"p":{"a":0,"k":[95.75,4.25,0],"ix":2,"l":2},"a":{"a":0,"k":[67,66,0],"ix":1,"l":2},"s":{"a":0,"k":[100,100,100],"ix":6,"l":2}},"ao":0,"ip":0,"op":30,"st":0,"bm":0},{"ddd":0,"ind":16,"ty":2,"nm":"light2.png","cl":"png","parent":5,"refId":"image_15","sr":1,"ks":{"o":{"a":1,"k":[{"i":{"x":[0.833],"y":[0.833]},"o":{"x":[0.167],"y":[0.167]},"t":11,"s":[100],"e":[0]},{"t":16}],"ix":11},"r":{"a":0,"k":0,"ix":10},"p":{"a":0,"k":[95.75,4.25,0],"ix":2,"l":2},"a":{"a":0,"k":[78.5,81,0],"ix":1,"l":2},"s":{"a":0,"k":[100,100,100],"ix":6,"l":2}},"ao":0,"ip":0,"op":30,"st":0,"bm":0},{"ddd":0,"ind":17,"ty":2,"nm":"cover_bottom.png","cl":"png","parent":5,"refId":"image_16","sr":1,"ks":{"o":{"a":0,"k":100,"ix":11},"r":{"a":0,"k":0,"ix":10},"p":{"a":0,"k":[97.75,17.5,0],"ix":2,"l":2},"a":{"a":0,"k":[89.5,85,0],"ix":1,"l":2},"s":{"a":0,"k":[100,100,100],"ix":6,"l":2}},"ao":0,"ip":0,"op":30,"st":15,"bm":0},{"ddd":0,"ind":18,"ty":2,"nm":"cover_top.png","cl":"png","parent":5,"refId":"image_17","sr":1,"ks":{"o":{"a":0,"k":100,"ix":11},"r":{"a":0,"k":0,"ix":10},"p":{"a":0,"k":[98,-83.5,0],"ix":2,"l":2},"a":{"a":0,"k":[92,21.5,0],"ix":1,"l":2},"s":{"a":0,"k":[100,100,100],"ix":6,"l":2}},"ao":0,"ip":0,"op":30,"st":0,"bm":0},{"ddd":0,"ind":19,"ty":2,"nm":"coin_left.png","cl":"png","refId":"image_18","sr":1,"ks":{"o":{"a":0,"k":100,"ix":11},"r":{"a":1,"k":[{"i":{"x":[0.667],"y":[1]},"o":{"x":[0.333],"y":[0]},"t":12,"s":[0],"e":[17]},{"i":{"x":[0.667],"y":[1]},"o":{"x":[0.333],"y":[0]},"t":16,"s":[17],"e":[-2]},{"t":20}],"ix":10},"p":{"a":1,"k":[{"i":{"x":0.667,"y":1},"o":{"x":0.333,"y":0},"t":12,"s":[263,1158.75,0],"e":[263,1148.75,0],"to":[0,0,0],"ti":[0,0,0]},{"i":{"x":0.667,"y":1},"o":{"x":0.333,"y":0},"t":17,"s":[263,1148.75,0],"e":[263,1158.75,0],"to":[0,0,0],"ti":[0,0,0]},{"i":{"x":0.667,"y":1},"o":{"x":0.333,"y":0},"t":22,"s":[263,1158.75,0],"e":[263,1155.75,0],"to":[0,0,0],"ti":[0,0,0]},{"i":{"x":0.667,"y":1},"o":{"x":0.333,"y":0},"t":24,"s":[263,1155.75,0],"e":[263,1158.75,0],"to":[0,0,0],"ti":[0,0,0]},{"t":26}],"ix":2,"l":2},"a":{"a":0,"k":[22.5,13,0],"ix":1,"l":2},"s":{"a":0,"k":[100,100,100],"ix":6,"l":2}},"ao":0,"ip":0,"op":30,"st":0,"bm":0},{"ddd":0,"ind":20,"ty":2,"nm":"shadow.png","cl":"png","refId":"image_19","sr":1,"ks":{"o":{"a":0,"k":100,"ix":11},"r":{"a":0,"k":0,"ix":10},"p":{"a":0,"k":[374.5,1176,0],"ix":2,"l":2},"a":{"a":0,"k":[155,11.667,0],"ix":1,"l":2},"s":{"a":1,"k":[{"i":{"x":[0.667,0.667,0.667],"y":[1,1,1]},"o":{"x":[0.333,0.333,0.333],"y":[0,0,0]},"t":6,"s":[100,100,100],"e":[97,97,100]},{"i":{"x":[0.667,0.667,0.667],"y":[1,1,1]},"o":{"x":[0.333,0.333,0.333],"y":[0,0,0]},"t":9,"s":[97,97,100],"e":[102,102,100]},{"i":{"x":[0.667,0.667,0.667],"y":[1,1,1]},"o":{"x":[0.333,0.333,0.333],"y":[0,0,0]},"t":12,"s":[102,102,100],"e":[100,100,100]},{"t":14}],"ix":6,"l":2}},"ao":0,"ip":0,"op":30,"st":0,"bm":0},{"ddd":0,"ind":21,"ty":2,"nm":"light_circle.png","cl":"png","refId":"image_20","sr":1,"ks":{"o":{"a":0,"k":100,"ix":11},"r":{"a":0,"k":0,"ix":10},"p":{"a":0,"k":[375,1131,0],"ix":2,"l":2},"a":{"a":0,"k":[260,241,0],"ix":1,"l":2},"s":{"a":1,"k":[{"i":{"x":[0.667,0.667,0.667],"y":[1,1,1]},"o":{"x":[0.333,0.333,0.333],"y":[0,0,0]},"t":14,"s":[100,100,100],"e":[0,0,100]},{"t":20}],"ix":6,"l":2}},"ao":0,"ip":0,"op":60,"st":0,"bm":0}]}],"layers":[{"ddd":0,"ind":1,"ty":0,"nm":"light_coins_ending","refId":"comp_0","sr":1,"ks":{"o":{"a":0,"k":100,"ix":11},"r":{"a":0,"k":0,"ix":10},"p":{"a":0,"k":[375,18,0],"ix":2,"l":2},"a":{"a":0,"k":[375,812,0],"ix":1,"l":2},"s":{"a":0,"k":[100,100,100],"ix":6,"l":2}},"ao":0,"w":750,"h":1624,"ip":0,"op":30,"st":0,"bm":0}],"markers":[],"props":{}}