{"v":"5.8.1","fr":20,"ip":116,"op":136,"w":1125,"h":636,"nm":"open-time over - light","ddd":0,"assets":[{"id":"image_0","w":84,"h":84,"u":"https://lf16-gecko-source.tiktokcdn.com/obj/byte-gurd-source-sg/tiktok/fe/live/tiktok_live_revenue_golden_envelope/resource/lotties/images/","p":"img_0.25b6985f.png","e":0},{"id":"image_1","w":78,"h":51,"u":"https://lf16-gecko-source.tiktokcdn.com/obj/byte-gurd-source-sg/tiktok/fe/live/tiktok_live_revenue_golden_envelope/resource/lotties/images/","p":"img_1.29302865.png","e":0},{"id":"image_2","w":42,"h":24,"u":"https://lf16-gecko-source.tiktokcdn.com/obj/byte-gurd-source-sg/tiktok/fe/live/tiktok_live_revenue_golden_envelope/resource/lotties/images/","p":"img_2.0f3b17de.png","e":0},{"id":"image_3","w":66,"h":36,"u":"https://lf16-gecko-source.tiktokcdn.com/obj/byte-gurd-source-sg/tiktok/fe/live/tiktok_live_revenue_golden_envelope/resource/lotties/images/","p":"img_3.4d344ed5.png","e":0},{"id":"image_4","w":90,"h":97,"u":"https://lf16-gecko-source.tiktokcdn.com/obj/byte-gurd-source-sg/tiktok/fe/live/tiktok_live_revenue_golden_envelope/resource/lotties/images/","p":"img_4.935b2ec7.png","e":0},{"id":"image_5","w":271,"h":132,"u":"https://lf16-gecko-source.tiktokcdn.com/obj/byte-gurd-source-sg/tiktok/fe/live/tiktok_live_revenue_golden_envelope/resource/lotties/images/","p":"img_5.e70d1429.png","e":0},{"id":"image_6","w":271,"h":126,"u":"https://lf16-gecko-source.tiktokcdn.com/obj/byte-gurd-source-sg/tiktok/fe/live/tiktok_live_revenue_golden_envelope/resource/lotties/images/","p":"img_6.65685256.png","e":0},{"id":"image_7","w":42,"h":42,"u":"https://lf16-gecko-source.tiktokcdn.com/obj/byte-gurd-source-sg/tiktok/fe/live/tiktok_live_revenue_golden_envelope/resource/lotties/images/","p":"img_7.dddd1345.png","e":0},{"id":"image_8","w":60,"h":60,"u":"https://lf16-gecko-source.tiktokcdn.com/obj/byte-gurd-source-sg/tiktok/fe/live/tiktok_live_revenue_golden_envelope/resource/lotties/images/","p":"img_8.710cc6ca.png","e":0},{"id":"image_9","w":42,"h":42,"u":"https://lf16-gecko-source.tiktokcdn.com/obj/byte-gurd-source-sg/tiktok/fe/live/tiktok_live_revenue_golden_envelope/resource/lotties/images/","p":"img_9.37c1e3ef.png","e":0},{"id":"image_10","w":42,"h":42,"u":"https://lf16-gecko-source.tiktokcdn.com/obj/byte-gurd-source-sg/tiktok/fe/live/tiktok_live_revenue_golden_envelope/resource/lotties/images/","p":"img_10.18867605.png","e":0},{"id":"image_11","w":48,"h":48,"u":"https://lf16-gecko-source.tiktokcdn.com/obj/byte-gurd-source-sg/tiktok/fe/live/tiktok_live_revenue_golden_envelope/resource/lotties/images/","p":"img_11.7edbfe59.png","e":0},{"id":"image_12","w":42,"h":42,"u":"https://lf16-gecko-source.tiktokcdn.com/obj/byte-gurd-source-sg/tiktok/fe/live/tiktok_live_revenue_golden_envelope/resource/lotties/images/","p":"img_12.18867605.png","e":0},{"id":"image_13","w":45,"h":45,"u":"https://lf16-gecko-source.tiktokcdn.com/obj/byte-gurd-source-sg/tiktok/fe/live/tiktok_live_revenue_golden_envelope/resource/lotties/images/","p":"img_13.7da4798a.png","e":0},{"id":"image_14","w":48,"h":48,"u":"https://lf16-gecko-source.tiktokcdn.com/obj/byte-gurd-source-sg/tiktok/fe/live/tiktok_live_revenue_golden_envelope/resource/lotties/images/","p":"img_14.0cb3926e.png","e":0},{"id":"image_15","w":66,"h":66,"u":"https://lf16-gecko-source.tiktokcdn.com/obj/byte-gurd-source-sg/tiktok/fe/live/tiktok_live_revenue_golden_envelope/resource/lotties/images/","p":"img_15.8966ab55.png","e":0},{"id":"image_16","w":60,"h":60,"u":"https://lf16-gecko-source.tiktokcdn.com/obj/byte-gurd-source-sg/tiktok/fe/live/tiktok_live_revenue_golden_envelope/resource/lotties/images/","p":"img_16.7ea9e1a8.png","e":0},{"id":"image_17","w":48,"h":48,"u":"https://lf16-gecko-source.tiktokcdn.com/obj/byte-gurd-source-sg/tiktok/fe/live/tiktok_live_revenue_golden_envelope/resource/lotties/images/","p":"img_17.aeba4501.png","e":0},{"id":"image_18","w":90,"h":90,"u":"https://lf16-gecko-source.tiktokcdn.com/obj/byte-gurd-source-sg/tiktok/fe/live/tiktok_live_revenue_golden_envelope/resource/lotties/images/","p":"img_18.f2d7667e.png","e":0},{"id":"image_19","w":78,"h":78,"u":"https://lf16-gecko-source.tiktokcdn.com/obj/byte-gurd-source-sg/tiktok/fe/live/tiktok_live_revenue_golden_envelope/resource/lotties/images/","p":"img_19.7c5cda9e.png","e":0},{"id":"image_20","w":192,"h":192,"u":"https://lf16-gecko-source.tiktokcdn.com/obj/byte-gurd-source-sg/tiktok/fe/live/tiktok_live_revenue_golden_envelope/resource/lotties/images/","p":"img_20.156ed76a.png","e":0},{"id":"image_21","w":271,"h":144,"u":"https://lf16-gecko-source.tiktokcdn.com/obj/byte-gurd-source-sg/tiktok/fe/live/tiktok_live_revenue_golden_envelope/resource/lotties/images/","p":"img_21.1ab8e3b0.png","e":0},{"id":"comp_0","nm":"light_light","fr":30,"layers":[{"ddd":0,"ind":1,"ty":3,"nm":"▽ light_bg","sr":1,"ks":{"o":{"a":0,"k":100,"ix":11},"r":{"a":1,"k":[{"i":{"x":[0.833],"y":[0.833]},"o":{"x":[0.167],"y":[0.167]},"t":14,"s":[0],"e":[360]},{"t":187.333333333333}],"ix":10},"p":{"a":0,"k":[562.5,521.875,0],"ix":2,"l":2},"a":{"a":0,"k":[346.5,378,0],"ix":1,"l":2},"s":{"a":1,"k":[{"i":{"x":[0.58,0.58,0.58],"y":[1,1,1]},"o":{"x":[0.001,0.001,0.001],"y":[0,0,0]},"t":0,"s":[0,0,100],"e":[100,100,100]},{"t":14}],"ix":6,"l":2}},"ao":0,"ip":0,"op":404,"st":4,"bm":0},{"ddd":0,"ind":2,"ty":4,"nm":"Polygon1","parent":1,"sr":1,"ks":{"o":{"a":0,"k":100,"ix":11},"r":{"a":0,"k":0,"ix":10},"p":{"a":0,"k":[348,378,0],"ix":2,"l":2},"a":{"a":0,"k":[174,117,0],"ix":1,"l":2},"s":{"a":0,"k":[100,100,100],"ix":6,"l":2}},"ao":0,"shapes":[{"ty":"gr","it":[{"ind":0,"ty":"sh","ix":1,"ks":{"a":0,"k":{"i":[[0,0],[0,0],[0,0]],"o":[[0,0],[0,0],[0,0]],"v":[[-58,24.927],[58,39],[-40.65,-39]],"c":true},"ix":2},"nm":"Path 1","mn":"ADBE Vector Shape - Group","hd":false},{"ty":"gf","o":{"a":0,"k":100,"ix":10},"r":1,"bm":0,"g":{"p":3,"k":{"a":0,"k":[0,1,0.908,0.771,0.5,1,0.954,0.885,1,1,1,1,0,1,0.5,0.5,1,0],"ix":9}},"s":{"a":0,"k":[18.776,45.291],"ix":5},"e":{"a":0,"k":[-76.916,-17.787],"ix":6},"t":1,"nm":"Gradient Fill 1","mn":"ADBE Vector Graphic - G-Fill","hd":false},{"ty":"tr","p":{"a":0,"k":[0,0],"ix":2},"a":{"a":0,"k":[0,0],"ix":1},"s":{"a":0,"k":[300,300],"ix":3},"r":{"a":0,"k":0,"ix":6},"o":{"a":0,"k":100,"ix":7},"sk":{"a":0,"k":0,"ix":4},"sa":{"a":0,"k":0,"ix":5},"nm":"Transform"}],"nm":"Polygon 9","np":2,"cix":2,"bm":0,"ix":1,"mn":"ADBE Vector Group","hd":false}],"ip":0,"op":400.666666666667,"st":0.66666666666667,"bm":0},{"ddd":0,"ind":3,"ty":4,"nm":"Polygon2","parent":1,"sr":1,"ks":{"o":{"a":0,"k":100,"ix":11},"r":{"a":0,"k":0,"ix":10},"p":{"a":0,"k":[345,372,0],"ix":2,"l":2},"a":{"a":0,"k":[127.5,174,0],"ix":1,"l":2},"s":{"a":0,"k":[100,100,100],"ix":6,"l":2}},"ao":0,"shapes":[{"ty":"gr","it":[{"ind":0,"ty":"sh","ix":1,"ks":{"a":0,"k":{"i":[[0,0],[0,0],[0,0]],"o":[[0,0],[0,0],[0,0]],"v":[[-42.5,-40.65],[42.5,58],[3.937,-58]],"c":true},"ix":2},"nm":"Path 1","mn":"ADBE Vector Shape - Group","hd":false},{"ty":"gf","o":{"a":0,"k":100,"ix":10},"r":1,"bm":0,"g":{"p":3,"k":{"a":0,"k":[0,1,0.908,0.771,0.5,1,0.954,0.885,1,1,1,1,0,1,0.5,0.5,1,0],"ix":9}},"s":{"a":0,"k":[19.463,34.513],"ix":5},"e":{"a":0,"k":[-35.205,-69.857],"ix":6},"t":1,"nm":"Gradient Fill 1","mn":"ADBE Vector Graphic - G-Fill","hd":false},{"ty":"tr","p":{"a":0,"k":[0,0],"ix":2},"a":{"a":0,"k":[0,0],"ix":1},"s":{"a":0,"k":[300,300],"ix":3},"r":{"a":0,"k":0,"ix":6},"o":{"a":0,"k":100,"ix":7},"sk":{"a":0,"k":0,"ix":4},"sa":{"a":0,"k":0,"ix":5},"nm":"Transform"}],"nm":"Polygon 9","np":2,"cix":2,"bm":0,"ix":1,"mn":"ADBE Vector Group","hd":false}],"ip":0,"op":400.666666666667,"st":0.66666666666667,"bm":0},{"ddd":0,"ind":4,"ty":4,"nm":"Polygon3","parent":1,"sr":1,"ks":{"o":{"a":0,"k":100,"ix":11},"r":{"a":0,"k":0,"ix":10},"p":{"a":0,"k":[346.5,372,0],"ix":2,"l":2},"a":{"a":0,"k":[0,186,0],"ix":1,"l":2},"s":{"a":0,"k":[100,100,100],"ix":6,"l":2}},"ao":0,"shapes":[{"ty":"gr","it":[{"ind":0,"ty":"sh","ix":1,"ks":{"a":0,"k":{"i":[[0,0],[0,0],[0,0]],"o":[[0,0],[0,0],[0,0]],"v":[[17.5,-62],[0,62],[-17.5,-62]],"c":true},"ix":2},"nm":"Path 1","mn":"ADBE Vector Shape - Group","hd":false},{"ty":"gf","o":{"a":0,"k":100,"ix":10},"r":1,"bm":0,"g":{"p":3,"k":{"a":0,"k":[0,1,0.908,0.771,0.5,1,0.954,0.885,1,1,1,1,0,1,0.5,0.5,1,0],"ix":9}},"s":{"a":0,"k":[5.903,31.118],"ix":5},"e":{"a":0,"k":[2.546,-82.95],"ix":6},"t":1,"nm":"Gradient Fill 1","mn":"ADBE Vector Graphic - G-Fill","hd":false},{"ty":"tr","p":{"a":0,"k":[0,0],"ix":2},"a":{"a":0,"k":[0,0],"ix":1},"s":{"a":0,"k":[300,300],"ix":3},"r":{"a":0,"k":0,"ix":6},"o":{"a":0,"k":100,"ix":7},"sk":{"a":0,"k":0,"ix":4},"sa":{"a":0,"k":0,"ix":5},"nm":"Transform"}],"nm":"Polygon 10","np":2,"cix":2,"bm":0,"ix":1,"mn":"ADBE Vector Group","hd":false}],"ip":0,"op":400.666666666667,"st":0.66666666666667,"bm":0},{"ddd":0,"ind":5,"ty":4,"nm":"Polygon4","parent":1,"sr":1,"ks":{"o":{"a":0,"k":100,"ix":11},"r":{"a":0,"k":0,"ix":10},"p":{"a":0,"k":[348,372,0],"ix":2,"l":2},"a":{"a":0,"k":[-127.5,174,0],"ix":1,"l":2},"s":{"a":0,"k":[100,100,100],"ix":6,"l":2}},"ao":0,"shapes":[{"ty":"gr","it":[{"ind":0,"ty":"sh","ix":1,"ks":{"a":0,"k":{"i":[[0,0],[0,0],[0,0]],"o":[[0,0],[0,0],[0,0]],"v":[[-3.937,-58],[-42.5,58],[42.5,-40.65]],"c":true},"ix":2},"nm":"Path 1","mn":"ADBE Vector Shape - Group","hd":false},{"ty":"gf","o":{"a":0,"k":100,"ix":10},"r":1,"bm":0,"g":{"p":3,"k":{"a":0,"k":[0,1,0.908,0.771,0.5,1,0.954,0.885,1,1,1,1,0,1,0.5,0.5,1,0],"ix":9}},"s":{"a":0,"k":[-33.738,26.247],"ix":5},"e":{"a":0,"k":[29.048,-73.423],"ix":6},"t":1,"nm":"Gradient Fill 1","mn":"ADBE Vector Graphic - G-Fill","hd":false},{"ty":"tr","p":{"a":0,"k":[0,0],"ix":2},"a":{"a":0,"k":[0,0],"ix":1},"s":{"a":0,"k":[300,300],"ix":3},"r":{"a":0,"k":0,"ix":6},"o":{"a":0,"k":100,"ix":7},"sk":{"a":0,"k":0,"ix":4},"sa":{"a":0,"k":0,"ix":5},"nm":"Transform"}],"nm":"Polygon 9","np":2,"cix":2,"bm":0,"ix":1,"mn":"ADBE Vector Group","hd":false}],"ip":0,"op":400.666666666667,"st":0.66666666666667,"bm":0},{"ddd":0,"ind":6,"ty":4,"nm":"Polygon5","parent":1,"sr":1,"ks":{"o":{"a":0,"k":100,"ix":11},"r":{"a":0,"k":0,"ix":10},"p":{"a":0,"k":[345,378,0],"ix":2,"l":2},"a":{"a":0,"k":[174,117,0],"ix":1,"l":2},"s":{"a":0,"k":[-100,100,100],"ix":6,"l":2}},"ao":0,"shapes":[{"ty":"gr","it":[{"ind":0,"ty":"sh","ix":1,"ks":{"a":0,"k":{"i":[[0,0],[0,0],[0,0]],"o":[[0,0],[0,0],[0,0]],"v":[[-58,24.927],[58,39],[-40.65,-39]],"c":true},"ix":2},"nm":"Path 1","mn":"ADBE Vector Shape - Group","hd":false},{"ty":"gf","o":{"a":0,"k":100,"ix":10},"r":1,"bm":0,"g":{"p":3,"k":{"a":0,"k":[0,1,0.908,0.771,0.5,1,0.954,0.885,1,1,1,1,0,1,0.5,0.5,1,0],"ix":9}},"s":{"a":0,"k":[18.776,45.291],"ix":5},"e":{"a":0,"k":[-76.916,-17.787],"ix":6},"t":1,"nm":"Gradient Fill 1","mn":"ADBE Vector Graphic - G-Fill","hd":false},{"ty":"tr","p":{"a":0,"k":[0,0],"ix":2},"a":{"a":0,"k":[0,0],"ix":1},"s":{"a":0,"k":[300,300],"ix":3},"r":{"a":0,"k":0,"ix":6},"o":{"a":0,"k":100,"ix":7},"sk":{"a":0,"k":0,"ix":4},"sa":{"a":0,"k":0,"ix":5},"nm":"Transform"}],"nm":"Polygon 11","np":2,"cix":2,"bm":0,"ix":1,"mn":"ADBE Vector Group","hd":false}],"ip":0,"op":400.666666666667,"st":0.66666666666667,"bm":0},{"ddd":0,"ind":7,"ty":4,"nm":"Polygon6","parent":1,"sr":1,"ks":{"o":{"a":0,"k":100,"ix":11},"r":{"a":0,"k":0,"ix":10},"p":{"a":0,"k":[345,373.125,0],"ix":2,"l":2},"a":{"a":0,"k":[-174,-117,0],"ix":1,"l":2},"s":{"a":0,"k":[100,100,100],"ix":6,"l":2}},"ao":0,"shapes":[{"ty":"gr","it":[{"ind":0,"ty":"sh","ix":1,"ks":{"a":0,"k":{"i":[[0,0],[0,0],[0,0]],"o":[[0,0],[0,0],[0,0]],"v":[[58,-24.927],[-58,-39],[40.65,39]],"c":true},"ix":2},"nm":"Path 1","mn":"ADBE Vector Shape - Group","hd":false},{"ty":"gf","o":{"a":0,"k":100,"ix":10},"r":1,"bm":0,"g":{"p":3,"k":{"a":0,"k":[0,1,0.908,0.771,0.5,1,0.954,0.885,1,1,1,1,0,1,0.5,0.5,1,0],"ix":9}},"s":{"a":0,"k":[-18.776,-45.291],"ix":5},"e":{"a":0,"k":[76.916,17.787],"ix":6},"t":1,"nm":"Gradient Fill 1","mn":"ADBE Vector Graphic - G-Fill","hd":false},{"ty":"tr","p":{"a":0,"k":[0,0],"ix":2},"a":{"a":0,"k":[0,0],"ix":1},"s":{"a":0,"k":[300,300],"ix":3},"r":{"a":0,"k":0,"ix":6},"o":{"a":0,"k":100,"ix":7},"sk":{"a":0,"k":0,"ix":4},"sa":{"a":0,"k":0,"ix":5},"nm":"Transform"}],"nm":"Polygon 11","np":2,"cix":2,"bm":0,"ix":1,"mn":"ADBE Vector Group","hd":false}],"ip":0,"op":413.333333333333,"st":13.3333333333333,"bm":0},{"ddd":0,"ind":8,"ty":4,"nm":"Polygon7","parent":1,"sr":1,"ks":{"o":{"a":0,"k":100,"ix":11},"r":{"a":0,"k":0,"ix":10},"p":{"a":0,"k":[348,379.125,0],"ix":2,"l":2},"a":{"a":0,"k":[-127.5,-174,0],"ix":1,"l":2},"s":{"a":0,"k":[100,100,100],"ix":6,"l":2}},"ao":0,"shapes":[{"ty":"gr","it":[{"ind":0,"ty":"sh","ix":1,"ks":{"a":0,"k":{"i":[[0,0],[0,0],[0,0]],"o":[[0,0],[0,0],[0,0]],"v":[[-3.937,58],[-42.5,-58],[42.5,40.65]],"c":true},"ix":2},"nm":"Path 1","mn":"ADBE Vector Shape - Group","hd":false},{"ty":"gf","o":{"a":0,"k":100,"ix":10},"r":1,"bm":0,"g":{"p":3,"k":{"a":0,"k":[0,1,0.908,0.771,0.5,1,0.954,0.885,1,1,1,1,0,1,0.5,0.5,1,0],"ix":9}},"s":{"a":0,"k":[-33.738,-26.247],"ix":5},"e":{"a":0,"k":[29.048,73.423],"ix":6},"t":1,"nm":"Gradient Fill 1","mn":"ADBE Vector Graphic - G-Fill","hd":false},{"ty":"tr","p":{"a":0,"k":[0,0],"ix":2},"a":{"a":0,"k":[0,0],"ix":1},"s":{"a":0,"k":[300,300],"ix":3},"r":{"a":0,"k":0,"ix":6},"o":{"a":0,"k":100,"ix":7},"sk":{"a":0,"k":0,"ix":4},"sa":{"a":0,"k":0,"ix":5},"nm":"Transform"}],"nm":"Polygon 9","np":2,"cix":2,"bm":0,"ix":1,"mn":"ADBE Vector Group","hd":false}],"ip":0,"op":413.333333333333,"st":13.3333333333333,"bm":0},{"ddd":0,"ind":9,"ty":4,"nm":"Polygon8","parent":1,"sr":1,"ks":{"o":{"a":0,"k":100,"ix":11},"r":{"a":0,"k":0,"ix":10},"p":{"a":0,"k":[346.5,379.125,0],"ix":2,"l":2},"a":{"a":0,"k":[0,-186,0],"ix":1,"l":2},"s":{"a":0,"k":[100,100,100],"ix":6,"l":2}},"ao":0,"shapes":[{"ty":"gr","it":[{"ind":0,"ty":"sh","ix":1,"ks":{"a":0,"k":{"i":[[0,0],[0,0],[0,0]],"o":[[0,0],[0,0],[0,0]],"v":[[17.5,62],[0,-62],[-17.5,62]],"c":true},"ix":2},"nm":"Path 1","mn":"ADBE Vector Shape - Group","hd":false},{"ty":"gf","o":{"a":0,"k":100,"ix":10},"r":1,"bm":0,"g":{"p":3,"k":{"a":0,"k":[0,1,0.908,0.771,0.5,1,0.954,0.885,1,1,1,1,0,1,0.5,0.5,1,0],"ix":9}},"s":{"a":0,"k":[5.903,-31.118],"ix":5},"e":{"a":0,"k":[2.546,82.95],"ix":6},"t":1,"nm":"Gradient Fill 1","mn":"ADBE Vector Graphic - G-Fill","hd":false},{"ty":"tr","p":{"a":0,"k":[0,0],"ix":2},"a":{"a":0,"k":[0,0],"ix":1},"s":{"a":0,"k":[300,300],"ix":3},"r":{"a":0,"k":0,"ix":6},"o":{"a":0,"k":100,"ix":7},"sk":{"a":0,"k":0,"ix":4},"sa":{"a":0,"k":0,"ix":5},"nm":"Transform"}],"nm":"Polygon 10","np":2,"cix":2,"bm":0,"ix":1,"mn":"ADBE Vector Group","hd":false}],"ip":0,"op":413.333333333333,"st":13.3333333333333,"bm":0},{"ddd":0,"ind":10,"ty":4,"nm":"Polygon9","parent":1,"sr":1,"ks":{"o":{"a":0,"k":100,"ix":11},"r":{"a":0,"k":0,"ix":10},"p":{"a":0,"k":[345,379.125,0],"ix":2,"l":2},"a":{"a":0,"k":[127.5,-174,0],"ix":1,"l":2},"s":{"a":0,"k":[100,100,100],"ix":6,"l":2}},"ao":0,"shapes":[{"ty":"gr","it":[{"ind":0,"ty":"sh","ix":1,"ks":{"a":0,"k":{"i":[[0,0],[0,0],[0,0]],"o":[[0,0],[0,0],[0,0]],"v":[[-42.5,40.65],[42.5,-58],[3.937,58]],"c":true},"ix":2},"nm":"Path 1","mn":"ADBE Vector Shape - Group","hd":false},{"ty":"gf","o":{"a":0,"k":100,"ix":10},"r":1,"bm":0,"g":{"p":3,"k":{"a":0,"k":[0,1,0.908,0.771,0.5,1,0.954,0.885,1,1,1,1,0,1,0.5,0.5,1,0],"ix":9}},"s":{"a":0,"k":[19.463,-34.513],"ix":5},"e":{"a":0,"k":[-35.205,69.857],"ix":6},"t":1,"nm":"Gradient Fill 1","mn":"ADBE Vector Graphic - G-Fill","hd":false},{"ty":"tr","p":{"a":0,"k":[0,0],"ix":2},"a":{"a":0,"k":[0,0],"ix":1},"s":{"a":0,"k":[300,300],"ix":3},"r":{"a":0,"k":0,"ix":6},"o":{"a":0,"k":100,"ix":7},"sk":{"a":0,"k":0,"ix":4},"sa":{"a":0,"k":0,"ix":5},"nm":"Transform"}],"nm":"Polygon 9","np":2,"cix":2,"bm":0,"ix":1,"mn":"ADBE Vector Group","hd":false}],"ip":0,"op":413.333333333333,"st":13.3333333333333,"bm":0},{"ddd":0,"ind":11,"ty":4,"nm":"Polygon10","parent":1,"sr":1,"ks":{"o":{"a":0,"k":100,"ix":11},"r":{"a":0,"k":0,"ix":10},"p":{"a":0,"k":[348,373.125,0],"ix":2,"l":2},"a":{"a":0,"k":[174,-117,0],"ix":1,"l":2},"s":{"a":0,"k":[100,100,100],"ix":6,"l":2}},"ao":0,"shapes":[{"ty":"gr","it":[{"ind":0,"ty":"sh","ix":1,"ks":{"a":0,"k":{"i":[[0,0],[0,0],[0,0]],"o":[[0,0],[0,0],[0,0]],"v":[[-58,-24.927],[58,-39],[-40.65,39]],"c":true},"ix":2},"nm":"Path 1","mn":"ADBE Vector Shape - Group","hd":false},{"ty":"gf","o":{"a":0,"k":100,"ix":10},"r":1,"bm":0,"g":{"p":3,"k":{"a":0,"k":[0,1,0.908,0.771,0.5,1,0.954,0.885,1,1,1,1,0,1,0.5,0.5,1,0],"ix":9}},"s":{"a":0,"k":[18.776,-45.291],"ix":5},"e":{"a":0,"k":[-76.916,17.787],"ix":6},"t":1,"nm":"Gradient Fill 1","mn":"ADBE Vector Graphic - G-Fill","hd":false},{"ty":"tr","p":{"a":0,"k":[0,0],"ix":2},"a":{"a":0,"k":[0,0],"ix":1},"s":{"a":0,"k":[300,300],"ix":3},"r":{"a":0,"k":0,"ix":6},"o":{"a":0,"k":100,"ix":7},"sk":{"a":0,"k":0,"ix":4},"sa":{"a":0,"k":0,"ix":5},"nm":"Transform"}],"nm":"Polygon 9","np":2,"cix":2,"bm":0,"ix":1,"mn":"ADBE Vector Group","hd":false}],"ip":0,"op":413.333333333333,"st":13.3333333333333,"bm":0}]}],"layers":[{"ddd":0,"ind":1,"ty":3,"nm":"Null 2","sr":1,"ks":{"o":{"a":1,"k":[{"i":{"x":[0.833],"y":[0.833]},"o":{"x":[0.167],"y":[0.167]},"t":116,"s":[100],"e":[0]},{"t":127}],"ix":11},"r":{"a":0,"k":0,"ix":10},"p":{"a":0,"k":[562.5,318,0],"ix":2,"l":2},"a":{"a":0,"k":[0,0,0],"ix":1,"l":2},"s":{"a":0,"k":[100,100,100],"ix":6,"l":2}},"ao":0,"ip":0,"op":205,"st":0,"bm":0},{"ddd":0,"ind":2,"ty":4,"nm":"light 9","sr":1,"ks":{"o":{"a":1,"k":[{"i":{"x":[0.833],"y":[0.833]},"o":{"x":[0.167],"y":[0.167]},"t":116,"s":[100],"e":[0]},{"t":126.999674479167}],"ix":11,"x":"var $bm_rt;\n$bm_rt = thisComp.layer('Null 2').transform.opacity;"},"r":{"a":0,"k":0,"ix":10},"p":{"a":0,"k":[667.5,490.375,0],"ix":2,"l":2},"a":{"a":0,"k":[0,0,0],"ix":1,"l":2},"s":{"a":1,"k":[{"i":{"x":[0.667,0.667,0.667],"y":[1,1,1]},"o":{"x":[0.333,0.333,0.333],"y":[0,0,0]},"t":0,"s":[0,0,100],"e":[100,100,100]},{"i":{"x":[0.833,0.833,0.833],"y":[1,1,1]},"o":{"x":[0.167,0.167,0.167],"y":[0,0,0]},"t":12.088,"s":[100,100,100],"e":[0,0,100]},{"i":{"x":[0.667,0.667,0.667],"y":[1,1,1]},"o":{"x":[0.167,0.167,0.167],"y":[0,0,0]},"t":31,"s":[0,0,100],"e":[100,100,100]},{"i":{"x":[0.833,0.833,0.833],"y":[1,1,1]},"o":{"x":[0.167,0.167,0.167],"y":[0,0,0]},"t":36.667,"s":[100,100,100],"e":[0,0,100]},{"i":{"x":[0.667,0.667,0.667],"y":[1,1,1]},"o":{"x":[0.167,0.167,0.167],"y":[0,0,0]},"t":43.172,"s":[0,0,100],"e":[100,100,100]},{"i":{"x":[0.833,0.833,0.833],"y":[1,1,1]},"o":{"x":[0.167,0.167,0.167],"y":[0,0,0]},"t":53.534,"s":[100,100,100],"e":[0,0,100]},{"i":{"x":[0.667,0.667,0.667],"y":[1,1,1]},"o":{"x":[0.222,0.222,0.222],"y":[0,0,0]},"t":61.788,"s":[0,0,100],"e":[100,100,100]},{"i":{"x":[0.833,0.833,0.833],"y":[1,1,1]},"o":{"x":[0.167,0.167,0.167],"y":[0,0,0]},"t":72.32,"s":[100,100,100],"e":[0,0,100]},{"i":{"x":[0.667,0.667,0.667],"y":[1,1,1]},"o":{"x":[0.167,0.167,0.167],"y":[0,0,0]},"t":82.681,"s":[0,0,100],"e":[100,100,100]},{"i":{"x":[0.833,0.833,0.833],"y":[1,1,1]},"o":{"x":[0.167,0.167,0.167],"y":[0,0,0]},"t":93.043,"s":[100,100,100],"e":[0,0,100]},{"i":{"x":[0.667,0.667,0.667],"y":[1,1,1]},"o":{"x":[0.167,0.167,0.167],"y":[0,0,0]},"t":103.404,"s":[0,0,100],"e":[100,100,100]},{"i":{"x":[0.833,0.833,0.833],"y":[1,1,1]},"o":{"x":[0.167,0.167,0.167],"y":[0,0,0]},"t":113.766,"s":[100,100,100],"e":[0,0,100]},{"i":{"x":[0.667,0.667,0.667],"y":[1,1,1]},"o":{"x":[0.222,0.222,0.222],"y":[0,0,0]},"t":122.02,"s":[0,0,100],"e":[100,100,100]},{"i":{"x":[0.833,0.833,0.833],"y":[1,1,1]},"o":{"x":[0.167,0.167,0.167],"y":[0,0,0]},"t":133.406,"s":[100,100,100],"e":[0,0,100]},{"i":{"x":[0.667,0.667,0.667],"y":[1,1,1]},"o":{"x":[0.167,0.167,0.167],"y":[0,0,0]},"t":143.767,"s":[0,0,100],"e":[100,100,100]},{"i":{"x":[0.833,0.833,0.833],"y":[1,1,1]},"o":{"x":[0.167,0.167,0.167],"y":[0,0,0]},"t":154.129,"s":[100,100,100],"e":[0,0,100]},{"i":{"x":[0.667,0.667,0.667],"y":[1,1,1]},"o":{"x":[0.167,0.167,0.167],"y":[0,0,0]},"t":164.49,"s":[0,0,100],"e":[100,100,100]},{"i":{"x":[0.833,0.833,0.833],"y":[1,1,1]},"o":{"x":[0.167,0.167,0.167],"y":[0,0,0]},"t":174.853,"s":[100,100,100],"e":[0,0,100]},{"i":{"x":[0.667,0.667,0.667],"y":[1,1,1]},"o":{"x":[0.222,0.222,0.222],"y":[0,0,0]},"t":183.107,"s":[0,0,100],"e":[100,100,100]},{"i":{"x":[0.833,0.833,0.833],"y":[1,1,1]},"o":{"x":[0.167,0.167,0.167],"y":[0,0,0]},"t":193.638,"s":[100,100,100],"e":[0,0,100]},{"i":{"x":[0.698,0.698,0.698],"y":[1,1,1]},"o":{"x":[0.167,0.167,0.167],"y":[0,0,0]},"t":204,"s":[0,0,100],"e":[100,100,100]},{"i":{"x":[0.833,0.833,0.833],"y":[1,1,1]},"o":{"x":[0.167,0.167,0.167],"y":[0,0,0]},"t":252.865,"s":[100,100,100],"e":[0,0,100]},{"i":{"x":[0.667,0.667,0.667],"y":[1,1,1]},"o":{"x":[0.167,0.167,0.167],"y":[0,0,0]},"t":262.703,"s":[0,0,100],"e":[100,100,100]},{"i":{"x":[0.833,0.833,0.833],"y":[1,1,1]},"o":{"x":[0.167,0.167,0.167],"y":[0,0,0]},"t":272.542,"s":[100,100,100],"e":[0,0,100]},{"i":{"x":[0.667,0.667,0.667],"y":[1,1,1]},"o":{"x":[0.167,0.167,0.167],"y":[0,0,0]},"t":282.379,"s":[0,0,100],"e":[100,100,100]},{"i":{"x":[0.833,0.833,0.833],"y":[1,1,1]},"o":{"x":[0.167,0.167,0.167],"y":[0,0,0]},"t":291.046,"s":[100,100,100],"e":[0,0,100]},{"i":{"x":[0.667,0.667,0.667],"y":[1,1,1]},"o":{"x":[0.167,0.167,0.167],"y":[0,0,0]},"t":300.883,"s":[0,0,100],"e":[100,100,100]},{"i":{"x":[0.833,0.833,0.833],"y":[1,1,1]},"o":{"x":[0.167,0.167,0.167],"y":[0,0,0]},"t":310.721,"s":[100,100,100],"e":[0,0,100]},{"i":{"x":[0.667,0.667,0.667],"y":[1,1,1]},"o":{"x":[0.167,0.167,0.167],"y":[0,0,0]},"t":320.559,"s":[0,0,100],"e":[100,100,100]},{"i":{"x":[0.833,0.833,0.833],"y":[1,1,1]},"o":{"x":[0.167,0.167,0.167],"y":[0,0,0]},"t":330.398,"s":[100,100,100],"e":[0,0,100]},{"t":340.235026041667}],"ix":6,"l":2}},"ao":0,"ef":[{"ty":25,"nm":"Drop Shadow","np":8,"mn":"ADBE Drop Shadow","ix":1,"en":1,"ef":[{"ty":2,"nm":"Shadow Color","mn":"ADBE Drop Shadow-0001","ix":1,"v":{"a":0,"k":[1,1,1,1],"ix":1}},{"ty":0,"nm":"Opacity","mn":"ADBE Drop Shadow-0002","ix":2,"v":{"a":0,"k":255,"ix":2}},{"ty":0,"nm":"Direction","mn":"ADBE Drop Shadow-0003","ix":3,"v":{"a":0,"k":180,"ix":3}},{"ty":0,"nm":"Distance","mn":"ADBE Drop Shadow-0004","ix":4,"v":{"a":0,"k":0,"ix":4}},{"ty":0,"nm":"Softness","mn":"ADBE Drop Shadow-0005","ix":5,"v":{"a":0,"k":13.339,"ix":5}},{"ty":7,"nm":"Shadow Only","mn":"ADBE Drop Shadow-0006","ix":6,"v":{"a":0,"k":0,"ix":6}}]}],"shapes":[{"ty":"gr","it":[{"ind":0,"ty":"sh","ix":1,"ks":{"a":0,"k":{"i":[[-0.059,-0.012],[0,0],[0.164,-0.047],[0,0],[0.012,-0.059],[0,0],[0.047,0.164],[0,0],[0.059,0.012],[0,0],[-0.164,0.047],[0,0],[-0.012,0.059],[0,0],[-0.047,-0.164],[0,0]],"o":[[0,0],[0.164,0.047],[0,0],[-0.059,0.023],[0,0],[-0.047,0.164],[0,0],[-0.023,-0.059],[0,0],[-0.164,-0.047],[0,0],[0.059,-0.023],[0,0],[0.047,-0.164],[0,0],[0.023,0.059]],"v":[[0.773,-0.656],[2.377,-0.164],[2.377,0.164],[0.773,0.656],[0.656,0.773],[0.164,2.377],[-0.164,2.377],[-0.656,0.773],[-0.773,0.656],[-2.377,0.164],[-2.377,-0.164],[-0.773,-0.656],[-0.656,-0.773],[-0.164,-2.377],[0.164,-2.377],[0.656,-0.773]],"c":true},"ix":2},"nm":"Path 1","mn":"ADBE Vector Shape - Group","hd":false},{"ty":"fl","c":{"a":0,"k":[1,1,1,1],"ix":4},"o":{"a":0,"k":100,"ix":5},"r":1,"bm":0,"nm":"Fill 1","mn":"ADBE Vector Graphic - Fill","hd":false},{"ty":"tr","p":{"a":0,"k":[0,0],"ix":2},"a":{"a":0,"k":[0,0],"ix":1},"s":{"a":0,"k":[300,300],"ix":3},"r":{"a":0,"k":0,"ix":6},"o":{"a":0,"k":100,"ix":7},"sk":{"a":0,"k":0,"ix":4},"sa":{"a":0,"k":0,"ix":5},"nm":"Transform"}],"nm":"Vector","np":2,"cix":2,"bm":0,"ix":1,"mn":"ADBE Vector Group","hd":false}],"ip":0,"op":205,"st":-143.333333333333,"bm":0},{"ddd":0,"ind":3,"ty":4,"nm":"light 10","sr":1,"ks":{"o":{"a":1,"k":[{"i":{"x":[0.833],"y":[0.833]},"o":{"x":[0.167],"y":[0.167]},"t":116,"s":[100],"e":[0]},{"t":126.999674479167}],"ix":11,"x":"var $bm_rt;\n$bm_rt = thisComp.layer('light 9').transform.opacity;"},"r":{"a":0,"k":0,"ix":10},"p":{"a":0,"k":[684,506.875,0],"ix":2,"l":2},"a":{"a":0,"k":[0,0,0],"ix":1,"l":2},"s":{"a":1,"k":[{"i":{"x":[0.667,0.667,0.667],"y":[1,1,1]},"o":{"x":[0.333,0.333,0.333],"y":[0,0,0]},"t":0,"s":[0,0,100],"e":[100,100,100]},{"i":{"x":[0.833,0.833,0.833],"y":[1,1,1]},"o":{"x":[0.167,0.167,0.167],"y":[0,0,0]},"t":11.477,"s":[100,100,100],"e":[0,0,100]},{"i":{"x":[0.667,0.667,0.667],"y":[1,1,1]},"o":{"x":[0.167,0.167,0.167],"y":[0,0,0]},"t":31,"s":[0,0,100],"e":[100,100,100]},{"i":{"x":[0.833,0.833,0.833],"y":[1,1,1]},"o":{"x":[0.167,0.167,0.167],"y":[0,0,0]},"t":40.405,"s":[100,100,100],"e":[0,0,100]},{"i":{"x":[0.667,0.667,0.667],"y":[1,1,1]},"o":{"x":[0.222,0.222,0.222],"y":[0,0,0]},"t":54.667,"s":[0,0,100],"e":[100,100,100]},{"i":{"x":[0.833,0.833,0.833],"y":[1,1,1]},"o":{"x":[0.167,0.167,0.167],"y":[0,0,0]},"t":67.334,"s":[100,100,100],"e":[0,0,100]},{"i":{"x":[0.667,0.667,0.667],"y":[1,1,1]},"o":{"x":[0.167,0.167,0.167],"y":[0,0,0]},"t":81.797,"s":[0,0,100],"e":[100,100,100]},{"i":{"x":[0.833,0.833,0.833],"y":[1,1,1]},"o":{"x":[0.167,0.167,0.167],"y":[0,0,0]},"t":96.261,"s":[100,100,100],"e":[0,0,100]},{"i":{"x":[0.667,0.667,0.667],"y":[1,1,1]},"o":{"x":[0.222,0.222,0.222],"y":[0,0,0]},"t":110.523,"s":[0,0,100],"e":[100,100,100]},{"i":{"x":[0.833,0.833,0.833],"y":[1,1,1]},"o":{"x":[0.167,0.167,0.167],"y":[0,0,0]},"t":124.288,"s":[100,100,100],"e":[0,0,100]},{"i":{"x":[0.667,0.667,0.667],"y":[1,1,1]},"o":{"x":[0.167,0.167,0.167],"y":[0,0,0]},"t":138.752,"s":[0,0,100],"e":[100,100,100]},{"i":{"x":[0.833,0.833,0.833],"y":[1,1,1]},"o":{"x":[0.167,0.167,0.167],"y":[0,0,0]},"t":153.215,"s":[100,100,100],"e":[0,0,100]},{"i":{"x":[0.667,0.667,0.667],"y":[1,1,1]},"o":{"x":[0.222,0.222,0.222],"y":[0,0,0]},"t":167.477,"s":[0,0,100],"e":[100,100,100]},{"i":{"x":[0.833,0.833,0.833],"y":[1,1,1]},"o":{"x":[0.167,0.167,0.167],"y":[0,0,0]},"t":180.144,"s":[100,100,100],"e":[0,0,100]},{"i":{"x":[0.581,0.581,0.581],"y":[-6.389,-6.389,1]},"o":{"x":[0.235,0.235,0.235],"y":[0,0,0]},"t":194.607,"s":[0,0,100],"e":[0,0,100]},{"i":{"x":[0.72,0.72,0.72],"y":[1,1,1]},"o":{"x":[0.275,0.275,0.275],"y":[0.266,0.266,0]},"t":204,"s":[0,0,100],"e":[100,100,100]},{"i":{"x":[0.833,0.833,0.833],"y":[1,1,1]},"o":{"x":[0.167,0.167,0.167],"y":[0,0,0]},"t":255.532,"s":[100,100,100],"e":[0,0,100]},{"i":{"x":[0.667,0.667,0.667],"y":[1,1,1]},"o":{"x":[0.167,0.167,0.167],"y":[0,0,0]},"t":265.37,"s":[0,0,100],"e":[100,100,100]},{"i":{"x":[0.833,0.833,0.833],"y":[1,1,1]},"o":{"x":[0.167,0.167,0.167],"y":[0,0,0]},"t":275.209,"s":[100,100,100],"e":[0,0,100]},{"i":{"x":[0.667,0.667,0.667],"y":[1,1,1]},"o":{"x":[0.167,0.167,0.167],"y":[0,0,0]},"t":285.046,"s":[0,0,100],"e":[100,100,100]},{"i":{"x":[0.833,0.833,0.833],"y":[1,1,1]},"o":{"x":[0.167,0.167,0.167],"y":[0,0,0]},"t":294.379,"s":[100,100,100],"e":[0,0,100]},{"i":{"x":[0.667,0.667,0.667],"y":[1,1,1]},"o":{"x":[0.167,0.167,0.167],"y":[0,0,0]},"t":304.216,"s":[0,0,100],"e":[100,100,100]},{"i":{"x":[0.833,0.833,0.833],"y":[1,1,1]},"o":{"x":[0.167,0.167,0.167],"y":[0,0,0]},"t":314.054,"s":[100,100,100],"e":[0,0,100]},{"i":{"x":[0.667,0.667,0.667],"y":[1,1,1]},"o":{"x":[0.167,0.167,0.167],"y":[0,0,0]},"t":323.892,"s":[0,0,100],"e":[100,100,100]},{"i":{"x":[0.833,0.833,0.833],"y":[1,1,1]},"o":{"x":[0.167,0.167,0.167],"y":[0,0,0]},"t":333.731,"s":[100,100,100],"e":[0,0,100]},{"t":343.568033854167}],"ix":6,"l":2}},"ao":0,"ef":[{"ty":25,"nm":"Drop Shadow","np":8,"mn":"ADBE Drop Shadow","ix":1,"en":1,"ef":[{"ty":2,"nm":"Shadow Color","mn":"ADBE Drop Shadow-0001","ix":1,"v":{"a":0,"k":[1,1,1,1],"ix":1}},{"ty":0,"nm":"Opacity","mn":"ADBE Drop Shadow-0002","ix":2,"v":{"a":0,"k":255,"ix":2}},{"ty":0,"nm":"Direction","mn":"ADBE Drop Shadow-0003","ix":3,"v":{"a":0,"k":180,"ix":3}},{"ty":0,"nm":"Distance","mn":"ADBE Drop Shadow-0004","ix":4,"v":{"a":0,"k":0,"ix":4}},{"ty":0,"nm":"Softness","mn":"ADBE Drop Shadow-0005","ix":5,"v":{"a":0,"k":13.339,"ix":5}},{"ty":7,"nm":"Shadow Only","mn":"ADBE Drop Shadow-0006","ix":6,"v":{"a":0,"k":0,"ix":6}}]}],"shapes":[{"ty":"gr","it":[{"ind":0,"ty":"sh","ix":1,"ks":{"a":0,"k":{"i":[[-0.141,-0.028],[0,0],[0.393,-0.112],[0,0],[0.028,-0.141],[0,0],[0.112,0.393],[0,0],[0.141,0.028],[0,0],[-0.393,0.112],[0,0],[-0.028,0.141],[0,0],[-0.112,-0.393],[0,0]],"o":[[0,0],[0.393,0.112],[0,0],[-0.141,0.056],[0,0],[-0.112,0.393],[0,0],[-0.056,-0.141],[0,0],[-0.393,-0.112],[0,0],[0.141,-0.056],[0,0],[0.112,-0.393],[0,0],[0.056,0.141]],"v":[[1.855,-1.574],[5.705,-0.393],[5.705,0.393],[1.855,1.574],[1.574,1.855],[0.393,5.705],[-0.393,5.705],[-1.574,1.855],[-1.855,1.574],[-5.705,0.393],[-5.705,-0.393],[-1.855,-1.574],[-1.574,-1.855],[-0.393,-5.705],[0.393,-5.705],[1.574,-1.855]],"c":true},"ix":2},"nm":"Path 1","mn":"ADBE Vector Shape - Group","hd":false},{"ty":"fl","c":{"a":0,"k":[1,1,1,1],"ix":4},"o":{"a":0,"k":100,"ix":5},"r":1,"bm":0,"nm":"Fill 1","mn":"ADBE Vector Graphic - Fill","hd":false},{"ty":"tr","p":{"a":0,"k":[0,0],"ix":2},"a":{"a":0,"k":[0,0],"ix":1},"s":{"a":0,"k":[300,300],"ix":3},"r":{"a":0,"k":0,"ix":6},"o":{"a":0,"k":100,"ix":7},"sk":{"a":0,"k":0,"ix":4},"sa":{"a":0,"k":0,"ix":5},"nm":"Transform"}],"nm":"Vector","np":2,"cix":2,"bm":0,"ix":1,"mn":"ADBE Vector Group","hd":false}],"ip":0,"op":205,"st":-139.333333333333,"bm":0},{"ddd":0,"ind":4,"ty":4,"nm":"light 11","sr":1,"ks":{"o":{"a":1,"k":[{"i":{"x":[0.833],"y":[0.833]},"o":{"x":[0.167],"y":[0.167]},"t":116,"s":[100],"e":[0]},{"t":126.999674479167}],"ix":11,"x":"var $bm_rt;\n$bm_rt = thisComp.layer('light 10').transform.opacity;"},"r":{"a":0,"k":0,"ix":10},"p":{"a":0,"k":[410.115,542.991,0],"ix":2,"l":2},"a":{"a":0,"k":[0,0,0],"ix":1,"l":2},"s":{"a":1,"k":[{"i":{"x":[0.667,0.667,0.667],"y":[1,1,1]},"o":{"x":[0.333,0.333,0.333],"y":[0,0,0]},"t":0,"s":[0,0,100],"e":[100,100,100]},{"i":{"x":[0.833,0.833,0.833],"y":[1,1,1]},"o":{"x":[0.167,0.167,0.167],"y":[0,0,0]},"t":13.306,"s":[100,100,100],"e":[0,0,100]},{"i":{"x":[0.667,0.667,0.667],"y":[1,1,1]},"o":{"x":[0.167,0.167,0.167],"y":[0,0,0]},"t":31,"s":[0,0,100],"e":[100,100,100]},{"i":{"x":[0.833,0.833,0.833],"y":[1,1,1]},"o":{"x":[0.167,0.167,0.167],"y":[0,0,0]},"t":46.224,"s":[100,100,100],"e":[0,0,100]},{"i":{"x":[0.667,0.667,0.667],"y":[1,1,1]},"o":{"x":[0.167,0.167,0.167],"y":[0,0,0]},"t":63.733,"s":[0,0,100],"e":[100,100,100]},{"i":{"x":[0.833,0.833,0.833],"y":[1,1,1]},"o":{"x":[0.167,0.167,0.167],"y":[0,0,0]},"t":81.942,"s":[100,100,100],"e":[0,0,100]},{"i":{"x":[0.667,0.667,0.667],"y":[1,1,1]},"o":{"x":[0.167,0.167,0.167],"y":[0,0,0]},"t":98.05,"s":[0,0,100],"e":[100,100,100]},{"i":{"x":[0.833,0.833,0.833],"y":[1,1,1]},"o":{"x":[0.167,0.167,0.167],"y":[0,0,0]},"t":114.859,"s":[100,100,100],"e":[0,0,100]},{"i":{"x":[0.667,0.667,0.667],"y":[1,1,1]},"o":{"x":[0.167,0.167,0.167],"y":[0,0,0]},"t":130.267,"s":[0,0,100],"e":[100,100,100]},{"i":{"x":[0.833,0.833,0.833],"y":[1,1,1]},"o":{"x":[0.167,0.167,0.167],"y":[0,0,0]},"t":143.574,"s":[100,100,100],"e":[0,0,100]},{"i":{"x":[0.667,0.667,0.667],"y":[1,1,1]},"o":{"x":[0.167,0.167,0.167],"y":[0,0,0]},"t":159.682,"s":[0,0,100],"e":[100,100,100]},{"i":{"x":[0.833,0.833,0.833],"y":[1,1,1]},"o":{"x":[0.167,0.167,0.167],"y":[0,0,0]},"t":176.491,"s":[100,100,100],"e":[0,0,100]},{"i":{"x":[0.833,0.833,0.833],"y":[1,1,1]},"o":{"x":[0.167,0.167,0.167],"y":[0,0,0]},"t":194,"s":[0,0,100],"e":[0,0,100]},{"t":247.999674479167}],"ix":6,"l":2}},"ao":0,"ef":[{"ty":25,"nm":"Drop Shadow","np":8,"mn":"ADBE Drop Shadow","ix":1,"en":1,"ef":[{"ty":2,"nm":"Shadow Color","mn":"ADBE Drop Shadow-0001","ix":1,"v":{"a":0,"k":[1,1,1,1],"ix":1}},{"ty":0,"nm":"Opacity","mn":"ADBE Drop Shadow-0002","ix":2,"v":{"a":0,"k":255,"ix":2}},{"ty":0,"nm":"Direction","mn":"ADBE Drop Shadow-0003","ix":3,"v":{"a":0,"k":180,"ix":3}},{"ty":0,"nm":"Distance","mn":"ADBE Drop Shadow-0004","ix":4,"v":{"a":0,"k":0,"ix":4}},{"ty":0,"nm":"Softness","mn":"ADBE Drop Shadow-0005","ix":5,"v":{"a":0,"k":13.339,"ix":5}},{"ty":7,"nm":"Shadow Only","mn":"ADBE Drop Shadow-0006","ix":6,"v":{"a":0,"k":0,"ix":6}}]}],"shapes":[{"ty":"gr","it":[{"ind":0,"ty":"sh","ix":1,"ks":{"a":0,"k":{"i":[[-0.04,-0.008],[0,0],[0.112,-0.032],[0,0],[0.008,-0.04],[0,0],[0.032,0.112],[0,0],[0.04,0.008],[0,0],[-0.112,0.032],[0,0],[-0.008,0.04],[0,0],[-0.032,-0.112],[0,0]],"o":[[0,0],[0.112,0.032],[0,0],[-0.04,0.016],[0,0],[-0.032,0.112],[0,0],[-0.016,-0.04],[0,0],[-0.112,-0.032],[0,0],[0.04,-0.016],[0,0],[0.032,-0.112],[0,0],[0.016,0.04]],"v":[[0.527,-0.447],[1.621,-0.112],[1.621,0.112],[0.527,0.447],[0.447,0.527],[0.112,1.621],[-0.112,1.621],[-0.447,0.527],[-0.527,0.447],[-1.621,0.112],[-1.621,-0.112],[-0.527,-0.447],[-0.447,-0.527],[-0.112,-1.621],[0.112,-1.621],[0.447,-0.527]],"c":true},"ix":2},"nm":"Path 1","mn":"ADBE Vector Shape - Group","hd":false},{"ty":"fl","c":{"a":0,"k":[1,1,1,1],"ix":4},"o":{"a":0,"k":100,"ix":5},"r":1,"bm":0,"nm":"Fill 1","mn":"ADBE Vector Graphic - Fill","hd":false},{"ty":"tr","p":{"a":0,"k":[0,0],"ix":2},"a":{"a":0,"k":[0,0],"ix":1},"s":{"a":0,"k":[300,300],"ix":3},"r":{"a":0,"k":0,"ix":6},"o":{"a":0,"k":100,"ix":7},"sk":{"a":0,"k":0,"ix":4},"sa":{"a":0,"k":0,"ix":5},"nm":"Transform"}],"nm":"Vector","np":2,"cix":2,"bm":0,"ix":1,"mn":"ADBE Vector Group","hd":false}],"ip":0,"op":205,"st":-145.333333333333,"bm":0},{"ddd":0,"ind":5,"ty":4,"nm":"light 12","sr":1,"ks":{"o":{"a":1,"k":[{"i":{"x":[0.833],"y":[0.833]},"o":{"x":[0.167],"y":[0.167]},"t":116,"s":[100],"e":[0]},{"t":126.999674479167}],"ix":11,"x":"var $bm_rt;\n$bm_rt = thisComp.layer('light 11').transform.opacity;"},"r":{"a":0,"k":0,"ix":10},"p":{"a":0,"k":[395.068,548.943,0],"ix":2,"l":2},"a":{"a":0,"k":[0,0,0],"ix":1,"l":2},"s":{"a":1,"k":[{"i":{"x":[0.667,0.667,0.667],"y":[1,1,1]},"o":{"x":[0.333,0.333,0.333],"y":[0,0,0]},"t":0,"s":[0,0,100],"e":[100,100,100]},{"i":{"x":[0.833,0.833,0.833],"y":[1,1,1]},"o":{"x":[0.167,0.167,0.167],"y":[0,0,0]},"t":16.667,"s":[100,100,100],"e":[0,0,100]},{"i":{"x":[0.667,0.667,0.667],"y":[1,1,1]},"o":{"x":[0.167,0.167,0.167],"y":[0,0,0]},"t":31,"s":[0,0,100],"e":[100,100,100]},{"i":{"x":[0.833,0.833,0.833],"y":[1,1,1]},"o":{"x":[0.167,0.167,0.167],"y":[0,0,0]},"t":46.667,"s":[100,100,100],"e":[0,0,100]},{"i":{"x":[0.667,0.667,0.667],"y":[1,1,1]},"o":{"x":[0.202,0.202,0.202],"y":[0,0,0]},"t":58.715,"s":[0,0,100],"e":[100,100,100]},{"i":{"x":[0.833,0.833,0.833],"y":[1,1,1]},"o":{"x":[0.167,0.167,0.167],"y":[0,0,0]},"t":74,"s":[100,100,100],"e":[0,0,100]},{"i":{"x":[0.667,0.667,0.667],"y":[1,1,1]},"o":{"x":[0.167,0.167,0.167],"y":[0,0,0]},"t":88.667,"s":[0,0,100],"e":[100,100,100]},{"i":{"x":[0.833,0.833,0.833],"y":[1,1,1]},"o":{"x":[0.167,0.167,0.167],"y":[0,0,0]},"t":104,"s":[100,100,100],"e":[0,0,100]},{"i":{"x":[0.667,0.667,0.667],"y":[1,1,1]},"o":{"x":[0.202,0.202,0.202],"y":[0,0,0]},"t":116.667,"s":[0,0,100],"e":[100,100,100]},{"i":{"x":[0.833,0.833,0.833],"y":[1,1,1]},"o":{"x":[0.167,0.167,0.167],"y":[0,0,0]},"t":132,"s":[100,100,100],"e":[0,0,100]},{"i":{"x":[0.667,0.667,0.667],"y":[1,1,1]},"o":{"x":[0.167,0.167,0.167],"y":[0,0,0]},"t":146.667,"s":[0,0,100],"e":[100,100,100]},{"i":{"x":[0.833,0.833,0.833],"y":[1,1,1]},"o":{"x":[0.167,0.167,0.167],"y":[0,0,0]},"t":162,"s":[100,100,100],"e":[0,0,100]},{"i":{"x":[0.667,0.667,0.667],"y":[1,1,1]},"o":{"x":[0.202,0.202,0.202],"y":[0,0,0]},"t":174.049,"s":[0,0,100],"e":[100,100,100]},{"i":{"x":[0.833,0.833,0.833],"y":[1,1,1]},"o":{"x":[0.167,0.167,0.167],"y":[0,0,0]},"t":189.334,"s":[100,100,100],"e":[0,0,100]},{"i":{"x":[0.843,0.843,0.843],"y":[1,1,1]},"o":{"x":[0.167,0.167,0.167],"y":[0,0,0]},"t":204,"s":[0,0,100],"e":[0,0,100]},{"i":{"x":[0.667,0.667,0.667],"y":[1,1,1]},"o":{"x":[0.167,0.167,0.167],"y":[0,0,0]},"t":261.604,"s":[0,0,100],"e":[100,100,100]},{"i":{"x":[0.833,0.833,0.833],"y":[1,1,1]},"o":{"x":[0.167,0.167,0.167],"y":[0,0,0]},"t":271.802,"s":[100,100,100],"e":[0,0,100]},{"i":{"x":[0.667,0.667,0.667],"y":[1,1,1]},"o":{"x":[0.167,0.167,0.167],"y":[0,0,0]},"t":282.83,"s":[0,0,100],"e":[100,100,100]},{"i":{"x":[0.833,0.833,0.833],"y":[1,1,1]},"o":{"x":[0.167,0.167,0.167],"y":[0,0,0]},"t":293.856,"s":[100,100,100],"e":[0,0,100]},{"i":{"x":[0.667,0.667,0.667],"y":[1,1,1]},"o":{"x":[0.167,0.167,0.167],"y":[0,0,0]},"t":304.883,"s":[0,0,100],"e":[100,100,100]},{"i":{"x":[0.833,0.833,0.833],"y":[1,1,1]},"o":{"x":[0.167,0.167,0.167],"y":[0,0,0]},"t":315.912,"s":[100,100,100],"e":[0,0,100]},{"i":{"x":[0.667,0.667,0.667],"y":[1,1,1]},"o":{"x":[0.167,0.167,0.167],"y":[0,0,0]},"t":326.937,"s":[0,0,100],"e":[100,100,100]},{"i":{"x":[0.833,0.833,0.833],"y":[1,1,1]},"o":{"x":[0.167,0.167,0.167],"y":[0,0,0]},"t":336.271,"s":[100,100,100],"e":[0,0,100]},{"i":{"x":[0.667,0.667,0.667],"y":[1,1,1]},"o":{"x":[0.167,0.167,0.167],"y":[0,0,0]},"t":347.299,"s":[0,0,100],"e":[100,100,100]},{"i":{"x":[0.833,0.833,0.833],"y":[1,1,1]},"o":{"x":[0.167,0.167,0.167],"y":[0,0,0]},"t":358.325,"s":[100,100,100],"e":[0,0,100]},{"i":{"x":[0.667,0.667,0.667],"y":[1,1,1]},"o":{"x":[0.167,0.167,0.167],"y":[0,0,0]},"t":369.352,"s":[0,0,100],"e":[100,100,100]},{"i":{"x":[0.833,0.833,0.833],"y":[1,1,1]},"o":{"x":[0.167,0.167,0.167],"y":[0,0,0]},"t":380.381,"s":[100,100,100],"e":[0,0,100]},{"t":391.405924479167}],"ix":6,"l":2}},"ao":0,"ef":[{"ty":25,"nm":"Drop Shadow","np":8,"mn":"ADBE Drop Shadow","ix":1,"en":1,"ef":[{"ty":2,"nm":"Shadow Color","mn":"ADBE Drop Shadow-0001","ix":1,"v":{"a":0,"k":[1,1,1,1],"ix":1}},{"ty":0,"nm":"Opacity","mn":"ADBE Drop Shadow-0002","ix":2,"v":{"a":0,"k":255,"ix":2}},{"ty":0,"nm":"Direction","mn":"ADBE Drop Shadow-0003","ix":3,"v":{"a":0,"k":180,"ix":3}},{"ty":0,"nm":"Distance","mn":"ADBE Drop Shadow-0004","ix":4,"v":{"a":0,"k":0,"ix":4}},{"ty":0,"nm":"Softness","mn":"ADBE Drop Shadow-0005","ix":5,"v":{"a":0,"k":13.339,"ix":5}},{"ty":7,"nm":"Shadow Only","mn":"ADBE Drop Shadow-0006","ix":6,"v":{"a":0,"k":0,"ix":6}}]}],"shapes":[{"ty":"gr","it":[{"ind":0,"ty":"sh","ix":1,"ks":{"a":0,"k":{"i":[[-0.11,-0.022],[0,0],[0.307,-0.088],[0,0],[0.022,-0.11],[0,0],[0.088,0.307],[0,0],[0.11,0.022],[0,0],[-0.307,0.088],[0,0],[-0.022,0.11],[0,0],[-0.088,-0.307],[0,0]],"o":[[0,0],[0.307,0.088],[0,0],[-0.11,0.044],[0,0],[-0.088,0.307],[0,0],[-0.044,-0.11],[0,0],[-0.307,-0.088],[0,0],[0.11,-0.044],[0,0],[0.088,-0.307],[0,0],[0.044,0.11]],"v":[[1.45,-1.23],[4.459,-0.307],[4.459,0.307],[1.45,1.23],[1.23,1.45],[0.307,4.459],[-0.307,4.459],[-1.23,1.45],[-1.45,1.23],[-4.459,0.307],[-4.459,-0.307],[-1.45,-1.23],[-1.23,-1.45],[-0.307,-4.459],[0.307,-4.459],[1.23,-1.45]],"c":true},"ix":2},"nm":"Path 1","mn":"ADBE Vector Shape - Group","hd":false},{"ty":"fl","c":{"a":0,"k":[1,1,1,1],"ix":4},"o":{"a":0,"k":100,"ix":5},"r":1,"bm":0,"nm":"Fill 1","mn":"ADBE Vector Graphic - Fill","hd":false},{"ty":"tr","p":{"a":0,"k":[0,0],"ix":2},"a":{"a":0,"k":[0,0],"ix":1},"s":{"a":0,"k":[300,300],"ix":3},"r":{"a":0,"k":0,"ix":6},"o":{"a":0,"k":100,"ix":7},"sk":{"a":0,"k":0,"ix":4},"sa":{"a":0,"k":0,"ix":5},"nm":"Transform"}],"nm":"Vector","np":2,"cix":2,"bm":0,"ix":1,"mn":"ADBE Vector Group","hd":false}],"ip":0,"op":205,"st":-143.333333333333,"bm":0},{"ddd":0,"ind":6,"ty":4,"nm":"light 8","sr":1,"ks":{"o":{"a":1,"k":[{"i":{"x":[0.833],"y":[0.833]},"o":{"x":[0.167],"y":[0.167]},"t":116,"s":[100],"e":[0]},{"t":126.999674479167}],"ix":11,"x":"var $bm_rt;\n$bm_rt = thisComp.layer('light 12').transform.opacity;"},"r":{"a":0,"k":0,"ix":10},"p":{"a":0,"k":[567.5,426.375,0],"ix":2,"l":2},"a":{"a":0,"k":[0,0,0],"ix":1,"l":2},"s":{"a":1,"k":[{"i":{"x":[0.667,0.667,0.667],"y":[-25.134,-25.134,1]},"o":{"x":[0.333,0.333,0.333],"y":[0,0,0]},"t":23.334,"s":[0,0,100],"e":[0,0,100]},{"i":{"x":[0.667,0.667,0.667],"y":[1,1,1]},"o":{"x":[0.333,0.333,0.333],"y":[0.239,0.239,0]},"t":31,"s":[0,0,100],"e":[100,100,100]},{"i":{"x":[0.833,0.833,0.833],"y":[1,1,1]},"o":{"x":[0.167,0.167,0.167],"y":[0,0,0]},"t":38,"s":[100,100,100],"e":[0,0,100]},{"i":{"x":[0.667,0.667,0.667],"y":[1,1,1]},"o":{"x":[0.167,0.167,0.167],"y":[0,0,0]},"t":44.648,"s":[0,0,100],"e":[100,100,100]},{"i":{"x":[0.833,0.833,0.833],"y":[1,1,1]},"o":{"x":[0.167,0.167,0.167],"y":[0,0,0]},"t":54.486,"s":[100,100,100],"e":[0,0,100]},{"i":{"x":[0.667,0.667,0.667],"y":[1,1,1]},"o":{"x":[0.167,0.167,0.167],"y":[0,0,0]},"t":64.324,"s":[0,0,100],"e":[100,100,100]},{"i":{"x":[0.833,0.833,0.833],"y":[1,1,1]},"o":{"x":[0.167,0.167,0.167],"y":[0,0,0]},"t":74.163,"s":[100,100,100],"e":[0,0,100]},{"i":{"x":[0.667,0.667,0.667],"y":[1,1,1]},"o":{"x":[0.167,0.167,0.167],"y":[0,0,0]},"t":84,"s":[0,0,100],"e":[100,100,100]},{"i":{"x":[0.833,0.833,0.833],"y":[1,1,1]},"o":{"x":[0.167,0.167,0.167],"y":[0,0,0]},"t":92.667,"s":[100,100,100],"e":[0,0,100]},{"i":{"x":[0.667,0.667,0.667],"y":[1,1,1]},"o":{"x":[0.167,0.167,0.167],"y":[0,0,0]},"t":102.505,"s":[0,0,100],"e":[100,100,100]},{"i":{"x":[0.833,0.833,0.833],"y":[1,1,1]},"o":{"x":[0.167,0.167,0.167],"y":[0,0,0]},"t":112.342,"s":[100,100,100],"e":[0,0,100]},{"i":{"x":[0.667,0.667,0.667],"y":[1,1,1]},"o":{"x":[0.167,0.167,0.167],"y":[0,0,0]},"t":122,"s":[0,0,100],"e":[100,100,100]},{"i":{"x":[0.833,0.833,0.833],"y":[1,1,1]},"o":{"x":[0.167,0.167,0.167],"y":[0,0,0]},"t":133.334,"s":[100,100,100],"e":[0,0,100]},{"i":{"x":[0.667,0.667,0.667],"y":[1,1,1]},"o":{"x":[0.167,0.167,0.167],"y":[0,0,0]},"t":143.172,"s":[0,0,100],"e":[100,100,100]},{"i":{"x":[0.833,0.833,0.833],"y":[1,1,1]},"o":{"x":[0.167,0.167,0.167],"y":[0,0,0]},"t":153.009,"s":[100,100,100],"e":[0,0,100]},{"i":{"x":[0.667,0.667,0.667],"y":[1,1,1]},"o":{"x":[0.167,0.167,0.167],"y":[0,0,0]},"t":162.847,"s":[0,0,100],"e":[100,100,100]},{"i":{"x":[0.833,0.833,0.833],"y":[1,1,1]},"o":{"x":[0.167,0.167,0.167],"y":[0,0,0]},"t":172.685,"s":[100,100,100],"e":[0,0,100]},{"i":{"x":[0.667,0.667,0.667],"y":[1,1,1]},"o":{"x":[0.167,0.167,0.167],"y":[0,0,0]},"t":182.523,"s":[0,0,100],"e":[100,100,100]},{"i":{"x":[0.833,0.833,0.833],"y":[1,1,1]},"o":{"x":[0.167,0.167,0.167],"y":[0,0,0]},"t":191.189,"s":[100,100,100],"e":[0,0,100]},{"i":{"x":[0.667,0.667,0.667],"y":[1,1,1]},"o":{"x":[0.167,0.167,0.167],"y":[0,0,0]},"t":204,"s":[0,0,100],"e":[100,100,100]},{"i":{"x":[0.833,0.833,0.833],"y":[1,1,1]},"o":{"x":[0.167,0.167,0.167],"y":[0,0,0]},"t":249.875,"s":[100,100,100],"e":[0,0,100]},{"i":{"x":[0.667,0.667,0.667],"y":[1,1,1]},"o":{"x":[0.167,0.167,0.167],"y":[0,0,0]},"t":259.713,"s":[0,0,100],"e":[100,100,100]},{"i":{"x":[0.833,0.833,0.833],"y":[1,1,1]},"o":{"x":[0.167,0.167,0.167],"y":[0,0,0]},"t":269.334,"s":[100,100,100],"e":[0,0,100]},{"i":{"x":[0.667,0.667,0.667],"y":[1,1,1]},"o":{"x":[0.167,0.167,0.167],"y":[0,0,0]},"t":279.172,"s":[0,0,100],"e":[100,100,100]},{"i":{"x":[0.833,0.833,0.833],"y":[1,1,1]},"o":{"x":[0.167,0.167,0.167],"y":[0,0,0]},"t":289.009,"s":[100,100,100],"e":[0,0,100]},{"i":{"x":[0.667,0.667,0.667],"y":[1,1,1]},"o":{"x":[0.167,0.167,0.167],"y":[0,0,0]},"t":298.847,"s":[0,0,100],"e":[100,100,100]},{"i":{"x":[0.833,0.833,0.833],"y":[1,1,1]},"o":{"x":[0.167,0.167,0.167],"y":[0,0,0]},"t":308.685,"s":[100,100,100],"e":[0,0,100]},{"i":{"x":[0.667,0.667,0.667],"y":[1,1,1]},"o":{"x":[0.167,0.167,0.167],"y":[0,0,0]},"t":318.523,"s":[0,0,100],"e":[100,100,100]},{"i":{"x":[0.833,0.833,0.833],"y":[1,1,1]},"o":{"x":[0.167,0.167,0.167],"y":[0,0,0]},"t":327.189,"s":[100,100,100],"e":[0,0,100]},{"i":{"x":[0.667,0.667,0.667],"y":[1,1,1]},"o":{"x":[0.167,0.167,0.167],"y":[0,0,0]},"t":337.027,"s":[0,0,100],"e":[100,100,100]},{"i":{"x":[0.833,0.833,0.833],"y":[1,1,1]},"o":{"x":[0.167,0.167,0.167],"y":[0,0,0]},"t":346.865,"s":[100,100,100],"e":[0,0,100]},{"i":{"x":[0.667,0.667,0.667],"y":[1,1,1]},"o":{"x":[0.167,0.167,0.167],"y":[0,0,0]},"t":356.703,"s":[0,0,100],"e":[100,100,100]},{"i":{"x":[0.833,0.833,0.833],"y":[1,1,1]},"o":{"x":[0.167,0.167,0.167],"y":[0,0,0]},"t":366.542,"s":[100,100,100],"e":[0,0,100]},{"i":{"x":[0.667,0.667,0.667],"y":[1,1,1]},"o":{"x":[0.167,0.167,0.167],"y":[0,0,0]},"t":376.379,"s":[0,0,100],"e":[100,100,100]},{"i":{"x":[0.833,0.833,0.833],"y":[1,1,1]},"o":{"x":[0.167,0.167,0.167],"y":[0,0,0]},"t":387.189,"s":[100,100,100],"e":[0,0,100]},{"i":{"x":[0.667,0.667,0.667],"y":[1,1,1]},"o":{"x":[0.167,0.167,0.167],"y":[0,0,0]},"t":397.027,"s":[0,0,100],"e":[100,100,100]},{"i":{"x":[0.833,0.833,0.833],"y":[1,1,1]},"o":{"x":[0.167,0.167,0.167],"y":[0,0,0]},"t":406.865,"s":[100,100,100],"e":[0,0,100]},{"i":{"x":[0.667,0.667,0.667],"y":[1,1,1]},"o":{"x":[0.167,0.167,0.167],"y":[0,0,0]},"t":416.703,"s":[0,0,100],"e":[100,100,100]},{"i":{"x":[0.833,0.833,0.833],"y":[1,1,1]},"o":{"x":[0.167,0.167,0.167],"y":[0,0,0]},"t":426.542,"s":[100,100,100],"e":[0,0,100]},{"i":{"x":[0.667,0.667,0.667],"y":[1,1,1]},"o":{"x":[0.167,0.167,0.167],"y":[0,0,0]},"t":436.379,"s":[0,0,100],"e":[100,100,100]},{"i":{"x":[0.833,0.833,0.833],"y":[1,1,1]},"o":{"x":[0.167,0.167,0.167],"y":[0,0,0]},"t":445.046,"s":[100,100,100],"e":[0,0,100]},{"i":{"x":[0.667,0.667,0.667],"y":[1,1,1]},"o":{"x":[0.167,0.167,0.167],"y":[0,0,0]},"t":454.883,"s":[0,0,100],"e":[100,100,100]},{"i":{"x":[0.833,0.833,0.833],"y":[1,1,1]},"o":{"x":[0.167,0.167,0.167],"y":[0,0,0]},"t":464.721,"s":[100,100,100],"e":[0,0,100]},{"i":{"x":[0.667,0.667,0.667],"y":[1,1,1]},"o":{"x":[0.167,0.167,0.167],"y":[0,0,0]},"t":474.559,"s":[0,0,100],"e":[100,100,100]},{"i":{"x":[0.833,0.833,0.833],"y":[1,1,1]},"o":{"x":[0.167,0.167,0.167],"y":[0,0,0]},"t":484.398,"s":[100,100,100],"e":[0,0,100]},{"t":494.235026041667}],"ix":6,"l":2}},"ao":0,"ef":[{"ty":25,"nm":"Drop Shadow","np":8,"mn":"ADBE Drop Shadow","ix":1,"en":1,"ef":[{"ty":2,"nm":"Shadow Color","mn":"ADBE Drop Shadow-0001","ix":1,"v":{"a":0,"k":[1,1,1,1],"ix":1}},{"ty":0,"nm":"Opacity","mn":"ADBE Drop Shadow-0002","ix":2,"v":{"a":0,"k":255,"ix":2}},{"ty":0,"nm":"Direction","mn":"ADBE Drop Shadow-0003","ix":3,"v":{"a":0,"k":180,"ix":3}},{"ty":0,"nm":"Distance","mn":"ADBE Drop Shadow-0004","ix":4,"v":{"a":0,"k":0,"ix":4}},{"ty":0,"nm":"Softness","mn":"ADBE Drop Shadow-0005","ix":5,"v":{"a":0,"k":13.339,"ix":5}},{"ty":7,"nm":"Shadow Only","mn":"ADBE Drop Shadow-0006","ix":6,"v":{"a":0,"k":0,"ix":6}}]}],"shapes":[{"ty":"gr","it":[{"ind":0,"ty":"sh","ix":1,"ks":{"a":0,"k":{"i":[[-0.059,-0.012],[0,0],[0.164,-0.047],[0,0],[0.012,-0.059],[0,0],[0.047,0.164],[0,0],[0.059,0.012],[0,0],[-0.164,0.047],[0,0],[-0.012,0.059],[0,0],[-0.047,-0.164],[0,0]],"o":[[0,0],[0.164,0.047],[0,0],[-0.059,0.023],[0,0],[-0.047,0.164],[0,0],[-0.023,-0.059],[0,0],[-0.164,-0.047],[0,0],[0.059,-0.023],[0,0],[0.047,-0.164],[0,0],[0.023,0.059]],"v":[[0.773,-0.656],[2.377,-0.164],[2.377,0.164],[0.773,0.656],[0.656,0.773],[0.164,2.377],[-0.164,2.377],[-0.656,0.773],[-0.773,0.656],[-2.377,0.164],[-2.377,-0.164],[-0.773,-0.656],[-0.656,-0.773],[-0.164,-2.377],[0.164,-2.377],[0.656,-0.773]],"c":true},"ix":2},"nm":"Path 1","mn":"ADBE Vector Shape - Group","hd":false},{"ty":"fl","c":{"a":0,"k":[1,1,1,1],"ix":4},"o":{"a":0,"k":100,"ix":5},"r":1,"bm":0,"nm":"Fill 1","mn":"ADBE Vector Graphic - Fill","hd":false},{"ty":"tr","p":{"a":0,"k":[0,0],"ix":2},"a":{"a":0,"k":[0,0],"ix":1},"s":{"a":0,"k":[300,300],"ix":3},"r":{"a":0,"k":0,"ix":6},"o":{"a":0,"k":100,"ix":7},"sk":{"a":0,"k":0,"ix":4},"sa":{"a":0,"k":0,"ix":5},"nm":"Transform"}],"nm":"Vector","np":2,"cix":2,"bm":0,"ix":1,"mn":"ADBE Vector Group","hd":false}],"ip":23.3333333333333,"op":205,"st":10.6666666666667,"bm":0},{"ddd":0,"ind":7,"ty":4,"nm":"light 7","sr":1,"ks":{"o":{"a":1,"k":[{"i":{"x":[0.833],"y":[0.833]},"o":{"x":[0.167],"y":[0.167]},"t":116,"s":[100],"e":[0]},{"t":126.999674479167}],"ix":11,"x":"var $bm_rt;\n$bm_rt = thisComp.layer('light 8').transform.opacity;"},"r":{"a":0,"k":0,"ix":10},"p":{"a":0,"k":[584,442.875,0],"ix":2,"l":2},"a":{"a":0,"k":[0,0,0],"ix":1,"l":2},"s":{"a":1,"k":[{"i":{"x":[0.667,0.667,0.667],"y":[-23.561,-23.561,1]},"o":{"x":[0.333,0.333,0.333],"y":[0,0,0]},"t":25.334,"s":[0,0,100],"e":[0,0,100]},{"i":{"x":[0.667,0.667,0.667],"y":[1,1,1]},"o":{"x":[0.333,0.333,0.333],"y":[0.252,0.252,0]},"t":31,"s":[0,0,100],"e":[100,100,100]},{"i":{"x":[0.833,0.833,0.833],"y":[1,1,1]},"o":{"x":[0.167,0.167,0.167],"y":[0,0,0]},"t":36.81,"s":[100,100,100],"e":[0,0,100]},{"i":{"x":[0.667,0.667,0.667],"y":[1,1,1]},"o":{"x":[0.167,0.167,0.167],"y":[0,0,0]},"t":46.648,"s":[0,0,100],"e":[100,100,100]},{"i":{"x":[0.833,0.833,0.833],"y":[1,1,1]},"o":{"x":[0.167,0.167,0.167],"y":[0,0,0]},"t":56.486,"s":[100,100,100],"e":[0,0,100]},{"i":{"x":[0.667,0.667,0.667],"y":[1,1,1]},"o":{"x":[0.167,0.167,0.167],"y":[0,0,0]},"t":66.324,"s":[0,0,100],"e":[100,100,100]},{"i":{"x":[0.833,0.833,0.833],"y":[1,1,1]},"o":{"x":[0.167,0.167,0.167],"y":[0,0,0]},"t":76.163,"s":[100,100,100],"e":[0,0,100]},{"i":{"x":[0.667,0.667,0.667],"y":[1,1,1]},"o":{"x":[0.167,0.167,0.167],"y":[0,0,0]},"t":86,"s":[0,0,100],"e":[100,100,100]},{"i":{"x":[0.833,0.833,0.833],"y":[1,1,1]},"o":{"x":[0.167,0.167,0.167],"y":[0,0,0]},"t":95.334,"s":[100,100,100],"e":[0,0,100]},{"i":{"x":[0.667,0.667,0.667],"y":[1,1,1]},"o":{"x":[0.167,0.167,0.167],"y":[0,0,0]},"t":105.172,"s":[0,0,100],"e":[100,100,100]},{"i":{"x":[0.833,0.833,0.833],"y":[1,1,1]},"o":{"x":[0.167,0.167,0.167],"y":[0,0,0]},"t":115.009,"s":[100,100,100],"e":[0,0,100]},{"i":{"x":[0.667,0.667,0.667],"y":[1,1,1]},"o":{"x":[0.167,0.167,0.167],"y":[0,0,0]},"t":124,"s":[0,0,100],"e":[100,100,100]},{"i":{"x":[0.833,0.833,0.833],"y":[1,1,1]},"o":{"x":[0.167,0.167,0.167],"y":[0,0,0]},"t":135.334,"s":[100,100,100],"e":[0,0,100]},{"i":{"x":[0.667,0.667,0.667],"y":[1,1,1]},"o":{"x":[0.167,0.167,0.167],"y":[0,0,0]},"t":145.172,"s":[0,0,100],"e":[100,100,100]},{"i":{"x":[0.833,0.833,0.833],"y":[1,1,1]},"o":{"x":[0.167,0.167,0.167],"y":[0,0,0]},"t":155.009,"s":[100,100,100],"e":[0,0,100]},{"i":{"x":[0.667,0.667,0.667],"y":[1,1,1]},"o":{"x":[0.167,0.167,0.167],"y":[0,0,0]},"t":164.847,"s":[0,0,100],"e":[100,100,100]},{"i":{"x":[0.833,0.833,0.833],"y":[1,1,1]},"o":{"x":[0.167,0.167,0.167],"y":[0,0,0]},"t":174.685,"s":[100,100,100],"e":[0,0,100]},{"i":{"x":[0.667,0.667,0.667],"y":[1,1,1]},"o":{"x":[0.167,0.167,0.167],"y":[0,0,0]},"t":184.523,"s":[0,0,100],"e":[100,100,100]},{"i":{"x":[0.833,0.833,0.833],"y":[1,1,1]},"o":{"x":[0.167,0.167,0.167],"y":[0,0,0]},"t":193.856,"s":[100,100,100],"e":[0,0,100]},{"i":{"x":[0.667,0.667,0.667],"y":[1,1,1]},"o":{"x":[0.167,0.167,0.167],"y":[0,0,0]},"t":204,"s":[0,0,100],"e":[100,100,100]},{"i":{"x":[0.833,0.833,0.833],"y":[1,1,1]},"o":{"x":[0.167,0.167,0.167],"y":[0,0,0]},"t":251.875,"s":[100,100,100],"e":[0,0,100]},{"i":{"x":[0.667,0.667,0.667],"y":[1,1,1]},"o":{"x":[0.167,0.167,0.167],"y":[0,0,0]},"t":261.713,"s":[0,0,100],"e":[100,100,100]},{"i":{"x":[0.833,0.833,0.833],"y":[1,1,1]},"o":{"x":[0.167,0.167,0.167],"y":[0,0,0]},"t":270.667,"s":[100,100,100],"e":[0,0,100]},{"i":{"x":[0.667,0.667,0.667],"y":[1,1,1]},"o":{"x":[0.167,0.167,0.167],"y":[0,0,0]},"t":280.505,"s":[0,0,100],"e":[100,100,100]},{"i":{"x":[0.833,0.833,0.833],"y":[1,1,1]},"o":{"x":[0.167,0.167,0.167],"y":[0,0,0]},"t":290.342,"s":[100,100,100],"e":[0,0,100]},{"i":{"x":[0.667,0.667,0.667],"y":[1,1,1]},"o":{"x":[0.167,0.167,0.167],"y":[0,0,0]},"t":300.18,"s":[0,0,100],"e":[100,100,100]},{"i":{"x":[0.833,0.833,0.833],"y":[1,1,1]},"o":{"x":[0.167,0.167,0.167],"y":[0,0,0]},"t":310.019,"s":[100,100,100],"e":[0,0,100]},{"i":{"x":[0.667,0.667,0.667],"y":[1,1,1]},"o":{"x":[0.167,0.167,0.167],"y":[0,0,0]},"t":319.856,"s":[0,0,100],"e":[100,100,100]},{"i":{"x":[0.833,0.833,0.833],"y":[1,1,1]},"o":{"x":[0.167,0.167,0.167],"y":[0,0,0]},"t":329.189,"s":[100,100,100],"e":[0,0,100]},{"i":{"x":[0.667,0.667,0.667],"y":[1,1,1]},"o":{"x":[0.167,0.167,0.167],"y":[0,0,0]},"t":339.027,"s":[0,0,100],"e":[100,100,100]},{"i":{"x":[0.833,0.833,0.833],"y":[1,1,1]},"o":{"x":[0.167,0.167,0.167],"y":[0,0,0]},"t":348.865,"s":[100,100,100],"e":[0,0,100]},{"i":{"x":[0.667,0.667,0.667],"y":[1,1,1]},"o":{"x":[0.167,0.167,0.167],"y":[0,0,0]},"t":358.703,"s":[0,0,100],"e":[100,100,100]},{"i":{"x":[0.833,0.833,0.833],"y":[1,1,1]},"o":{"x":[0.167,0.167,0.167],"y":[0,0,0]},"t":368.542,"s":[100,100,100],"e":[0,0,100]},{"i":{"x":[0.667,0.667,0.667],"y":[1,1,1]},"o":{"x":[0.167,0.167,0.167],"y":[0,0,0]},"t":378.379,"s":[0,0,100],"e":[100,100,100]},{"i":{"x":[0.833,0.833,0.833],"y":[1,1,1]},"o":{"x":[0.167,0.167,0.167],"y":[0,0,0]},"t":387.856,"s":[100,100,100],"e":[0,0,100]},{"i":{"x":[0.667,0.667,0.667],"y":[1,1,1]},"o":{"x":[0.167,0.167,0.167],"y":[0,0,0]},"t":397.694,"s":[0,0,100],"e":[100,100,100]},{"i":{"x":[0.833,0.833,0.833],"y":[1,1,1]},"o":{"x":[0.167,0.167,0.167],"y":[0,0,0]},"t":407.532,"s":[100,100,100],"e":[0,0,100]},{"i":{"x":[0.667,0.667,0.667],"y":[1,1,1]},"o":{"x":[0.167,0.167,0.167],"y":[0,0,0]},"t":417.37,"s":[0,0,100],"e":[100,100,100]},{"i":{"x":[0.833,0.833,0.833],"y":[1,1,1]},"o":{"x":[0.167,0.167,0.167],"y":[0,0,0]},"t":427.209,"s":[100,100,100],"e":[0,0,100]},{"i":{"x":[0.667,0.667,0.667],"y":[1,1,1]},"o":{"x":[0.167,0.167,0.167],"y":[0,0,0]},"t":437.046,"s":[0,0,100],"e":[100,100,100]},{"i":{"x":[0.833,0.833,0.833],"y":[1,1,1]},"o":{"x":[0.167,0.167,0.167],"y":[0,0,0]},"t":446.379,"s":[100,100,100],"e":[0,0,100]},{"i":{"x":[0.667,0.667,0.667],"y":[1,1,1]},"o":{"x":[0.167,0.167,0.167],"y":[0,0,0]},"t":456.216,"s":[0,0,100],"e":[100,100,100]},{"i":{"x":[0.833,0.833,0.833],"y":[1,1,1]},"o":{"x":[0.167,0.167,0.167],"y":[0,0,0]},"t":466.054,"s":[100,100,100],"e":[0,0,100]},{"i":{"x":[0.667,0.667,0.667],"y":[1,1,1]},"o":{"x":[0.167,0.167,0.167],"y":[0,0,0]},"t":475.892,"s":[0,0,100],"e":[100,100,100]},{"i":{"x":[0.833,0.833,0.833],"y":[1,1,1]},"o":{"x":[0.167,0.167,0.167],"y":[0,0,0]},"t":485.731,"s":[100,100,100],"e":[0,0,100]},{"t":495.568033854167}],"ix":6,"l":2}},"ao":0,"ef":[{"ty":25,"nm":"Drop Shadow","np":8,"mn":"ADBE Drop Shadow","ix":1,"en":1,"ef":[{"ty":2,"nm":"Shadow Color","mn":"ADBE Drop Shadow-0001","ix":1,"v":{"a":0,"k":[1,1,1,1],"ix":1}},{"ty":0,"nm":"Opacity","mn":"ADBE Drop Shadow-0002","ix":2,"v":{"a":0,"k":255,"ix":2}},{"ty":0,"nm":"Direction","mn":"ADBE Drop Shadow-0003","ix":3,"v":{"a":0,"k":180,"ix":3}},{"ty":0,"nm":"Distance","mn":"ADBE Drop Shadow-0004","ix":4,"v":{"a":0,"k":0,"ix":4}},{"ty":0,"nm":"Softness","mn":"ADBE Drop Shadow-0005","ix":5,"v":{"a":0,"k":13.339,"ix":5}},{"ty":7,"nm":"Shadow Only","mn":"ADBE Drop Shadow-0006","ix":6,"v":{"a":0,"k":0,"ix":6}}]}],"shapes":[{"ty":"gr","it":[{"ind":0,"ty":"sh","ix":1,"ks":{"a":0,"k":{"i":[[-0.141,-0.028],[0,0],[0.393,-0.112],[0,0],[0.028,-0.141],[0,0],[0.112,0.393],[0,0],[0.141,0.028],[0,0],[-0.393,0.112],[0,0],[-0.028,0.141],[0,0],[-0.112,-0.393],[0,0]],"o":[[0,0],[0.393,0.112],[0,0],[-0.141,0.056],[0,0],[-0.112,0.393],[0,0],[-0.056,-0.141],[0,0],[-0.393,-0.112],[0,0],[0.141,-0.056],[0,0],[0.112,-0.393],[0,0],[0.056,0.141]],"v":[[1.855,-1.574],[5.705,-0.393],[5.705,0.393],[1.855,1.574],[1.574,1.855],[0.393,5.705],[-0.393,5.705],[-1.574,1.855],[-1.855,1.574],[-5.705,0.393],[-5.705,-0.393],[-1.855,-1.574],[-1.574,-1.855],[-0.393,-5.705],[0.393,-5.705],[1.574,-1.855]],"c":true},"ix":2},"nm":"Path 1","mn":"ADBE Vector Shape - Group","hd":false},{"ty":"fl","c":{"a":0,"k":[1,1,1,1],"ix":4},"o":{"a":0,"k":100,"ix":5},"r":1,"bm":0,"nm":"Fill 1","mn":"ADBE Vector Graphic - Fill","hd":false},{"ty":"tr","p":{"a":0,"k":[0,0],"ix":2},"a":{"a":0,"k":[0,0],"ix":1},"s":{"a":0,"k":[300,300],"ix":3},"r":{"a":0,"k":0,"ix":6},"o":{"a":0,"k":100,"ix":7},"sk":{"a":0,"k":0,"ix":4},"sa":{"a":0,"k":0,"ix":5},"nm":"Transform"}],"nm":"Vector","np":2,"cix":2,"bm":0,"ix":1,"mn":"ADBE Vector Group","hd":false}],"ip":25.3333333333333,"op":205,"st":12.6666666666667,"bm":0},{"ddd":0,"ind":8,"ty":2,"nm":"coin_right01","refId":"image_0","sr":1,"ks":{"o":{"a":0,"k":100,"ix":11},"r":{"a":0,"k":0,"ix":10},"p":{"a":1,"k":[{"i":{"x":0.58,"y":1},"o":{"x":0.333,"y":0},"t":17.333,"s":[713.982,542.811,0],"e":[714,530.875,0],"to":[0,0,0],"ti":[0,0,0]},{"i":{"x":0.6,"y":0.326},"o":{"x":0.26,"y":0},"t":20,"s":[714,530.875,0],"e":[713.982,542.811,0],"to":[0,0,0],"ti":[0,0,0]},{"t":21.3330078125}],"ix":2,"l":2},"a":{"a":0,"k":[42,42,0],"ix":1,"l":2},"s":{"a":0,"k":[100,100,100],"ix":6,"l":2}},"ao":0,"ip":0,"op":205,"st":-156,"bm":0},{"ddd":0,"ind":9,"ty":2,"nm":"coin_right02","refId":"image_1","sr":1,"ks":{"o":{"a":0,"k":100,"ix":11},"r":{"a":0,"k":0,"ix":10},"p":{"a":1,"k":[{"i":{"x":0.6,"y":1},"o":{"x":0.001,"y":0},"t":18.666,"s":[749.773,559.385,0],"e":[749.745,532.375,0],"to":[0,0,0],"ti":[0,0,0]},{"i":{"x":0.667,"y":1},"o":{"x":0.42,"y":0},"t":21.333,"s":[749.745,532.375,0],"e":[749.773,559.385,0],"to":[0,0,0],"ti":[0,0,0]},{"t":23.3333333333333}],"ix":2,"l":2},"a":{"a":0,"k":[39,25.5,0],"ix":1,"l":2},"s":{"a":0,"k":[100,100,100],"ix":6,"l":2}},"ao":0,"ip":0,"op":205,"st":-154.666666666667,"bm":0},{"ddd":0,"ind":10,"ty":2,"nm":"coin_left01","refId":"image_2","sr":1,"ks":{"o":{"a":0,"k":100,"ix":11},"r":{"a":0,"k":0,"ix":10},"p":{"a":1,"k":[{"i":{"x":0.667,"y":1},"o":{"x":0.333,"y":0},"t":17.333,"s":[374.956,572.858,0],"e":[375,552.875,0],"to":[0,0,0],"ti":[0,0,0]},{"i":{"x":0.667,"y":1},"o":{"x":0.333,"y":0},"t":20,"s":[375,552.875,0],"e":[374.956,572.858,0],"to":[0,0,0],"ti":[0,0,0]},{"t":21.3330078125}],"ix":2,"l":2},"a":{"a":0,"k":[21,12,0],"ix":1,"l":2},"s":{"a":0,"k":[100,100,100],"ix":6,"l":2}},"ao":0,"ip":0,"op":205,"st":-156,"bm":0},{"ddd":0,"ind":11,"ty":2,"nm":"coin_left02","refId":"image_3","sr":1,"ks":{"o":{"a":0,"k":100,"ix":11},"r":{"a":0,"k":0,"ix":10},"p":{"a":1,"k":[{"i":{"x":0.667,"y":1},"o":{"x":0.333,"y":0.001},"t":18,"s":[416.984,554.854,0],"e":[416.999,549.875,0],"to":[0,0,0],"ti":[0,0,0]},{"i":{"x":0.667,"y":1},"o":{"x":0.333,"y":0},"t":20.667,"s":[416.999,549.875,0],"e":[416.984,554.854,0],"to":[0,0,0],"ti":[0,0,0]},{"t":22}],"ix":2,"l":2},"a":{"a":0,"k":[33,18,0],"ix":1,"l":2},"s":{"a":0,"k":[100,100,100],"ix":6,"l":2}},"ao":0,"ip":0,"op":205,"st":-154,"bm":0},{"ddd":0,"ind":12,"ty":3,"nm":"▽ treasure_box","sr":1,"ks":{"o":{"a":0,"k":100,"ix":11},"r":{"a":1,"k":[{"i":{"x":[0.999],"y":[1]},"o":{"x":[0.42],"y":[0]},"t":0,"s":[0],"e":[6]},{"i":{"x":[0.999],"y":[1]},"o":{"x":[0.42],"y":[0]},"t":1.333,"s":[6],"e":[-4]},{"i":{"x":[0.999],"y":[1]},"o":{"x":[0.42],"y":[0]},"t":2.667,"s":[-4],"e":[6]},{"i":{"x":[0.999],"y":[1]},"o":{"x":[0.42],"y":[0]},"t":4,"s":[6],"e":[-6]},{"i":{"x":[0.999],"y":[1]},"o":{"x":[0.42],"y":[0]},"t":5.333,"s":[-6],"e":[5]},{"i":{"x":[0.999],"y":[1]},"o":{"x":[0.42],"y":[0]},"t":6.667,"s":[5],"e":[0]},{"t":8}],"ix":10},"p":{"a":0,"k":[562.5,585,0],"ix":2,"l":2},"a":{"a":0,"k":[135,258,0],"ix":1,"l":2},"s":{"a":1,"k":[{"i":{"x":[0.74,0.74,0.74],"y":[1,1,1]},"o":{"x":[0.4,0.4,0.4],"y":[0,0.8,0]},"t":8,"s":[100,100,100],"e":[100,70,100]},{"i":{"x":[0.999,0.999,0.999],"y":[1,1,1]},"o":{"x":[0.42,0.42,0.42],"y":[0,0,0]},"t":10.667,"s":[100,70,100],"e":[100,100,100]},{"i":{"x":[0.58,0.58,0.58],"y":[1,1,1]},"o":{"x":[0.001,0.001,0.001],"y":[0,0,0]},"t":12,"s":[100,100,100],"e":[80,110,100]},{"i":{"x":[0.6,0.6,0.6],"y":[1,0.2,1]},"o":{"x":[0.26,0.26,0.26],"y":[0,0,0]},"t":14,"s":[80,110,100],"e":[80,120.861,100]},{"i":{"x":[0.6,0.6,0.6],"y":[1,0.2,1]},"o":{"x":[0.26,0.26,0.26],"y":[0,0,0]},"t":15.333,"s":[80,120.861,100],"e":[80,138.804,100]},{"i":{"x":[0.6,0.6,0.6],"y":[0.2,0.2,1]},"o":{"x":[0.26,0.26,0.26],"y":[0,0,0]},"t":16.667,"s":[80,138.804,100],"e":[100,100,100]},{"i":{"x":[0.833,0.833,0.833],"y":[1,1,1]},"o":{"x":[0.167,0.167,0.167],"y":[0,0,0]},"t":20,"s":[100,100,100],"e":[100,100,100]},{"i":{"x":[0.833,0.833,0.833],"y":[0.833,0.833,0.833]},"o":{"x":[0.167,0.167,0.167],"y":[0.167,0.167,0.167]},"t":126,"s":[100,100,100],"e":[100,90,100]},{"i":{"x":[0.833,0.833,0.833],"y":[0.833,0.833,0.833]},"o":{"x":[0.167,0.167,0.167],"y":[0.167,0.167,0.167]},"t":129,"s":[100,90,100],"e":[100,100,100]},{"t":132}],"ix":6,"l":2}},"ao":0,"ip":0,"op":205,"st":-156,"bm":0},{"ddd":0,"ind":13,"ty":2,"nm":"lock","parent":12,"refId":"image_4","sr":1,"ks":{"o":{"a":1,"k":[{"i":{"x":[0.833],"y":[0.833]},"o":{"x":[0.167],"y":[0.167]},"t":14,"s":[100],"e":[0]},{"t":15.3330078125}],"ix":11},"r":{"a":0,"k":0,"ix":10},"p":{"a":0,"k":[133.5,132,0],"ix":2,"l":2},"a":{"a":0,"k":[45,48.5,0],"ix":1,"l":2},"s":{"a":0,"k":[100,100,100],"ix":6,"l":2}},"ao":0,"ip":0,"op":205,"st":-156,"bm":0},{"ddd":0,"ind":14,"ty":2,"nm":"up","parent":12,"refId":"image_5","sr":1,"ks":{"o":{"a":1,"k":[{"i":{"x":[0.833],"y":[0.833]},"o":{"x":[0.167],"y":[0.167]},"t":14,"s":[100],"e":[0]},{"t":15.3330078125}],"ix":11},"r":{"a":0,"k":0,"ix":10},"p":{"a":0,"k":[135,66,0],"ix":2,"l":2},"a":{"a":0,"k":[135.5,66,0],"ix":1,"l":2},"s":{"a":0,"k":[100,100,100],"ix":6,"l":2}},"ao":0,"ip":0,"op":205,"st":-156,"bm":0},{"ddd":0,"ind":15,"ty":2,"nm":"bottom","parent":12,"refId":"image_6","sr":1,"ks":{"o":{"a":0,"k":100,"ix":11},"r":{"a":0,"k":0,"ix":10},"p":{"a":0,"k":[135,195,0],"ix":2,"l":2},"a":{"a":0,"k":[135.5,63,0],"ix":1,"l":2},"s":{"a":0,"k":[100,100,100],"ix":6,"l":2}},"ao":0,"ip":0,"op":205,"st":-156,"bm":0},{"ddd":0,"ind":17,"ty":3,"nm":"▽ →coins","parent":12,"sr":1,"ks":{"o":{"a":0,"k":100,"ix":11},"r":{"a":0,"k":0,"ix":10},"p":{"a":0,"k":[132,119.125,0],"ix":2,"l":2},"a":{"a":0,"k":[109.5,52.5,0],"ix":1,"l":2},"s":{"a":0,"k":[100,100,100],"ix":6,"l":2}},"ao":0,"ip":20,"op":205,"st":-154.666666666667,"bm":0},{"ddd":0,"ind":18,"ty":3,"nm":"▽ diamond_01","parent":17,"sr":1,"ks":{"o":{"a":0,"k":100,"ix":11},"r":{"a":0,"k":0,"ix":10},"p":{"a":1,"k":[{"i":{"x":0.667,"y":1},"o":{"x":0.333,"y":0},"t":22.667,"s":[109,100,0],"e":[132,64.5,0],"to":[3.833,-5.917,0],"ti":[-3.229,5.396,0]},{"i":{"x":0.667,"y":1},"o":{"x":0.167,"y":0},"t":26,"s":[132,64.5,0],"e":[128.375,67.625,0],"to":[3.229,-5.396,0],"ti":[0.5,-0.25,0]},{"i":{"x":0.667,"y":1},"o":{"x":0.167,"y":0},"t":28.667,"s":[128.375,67.625,0],"e":[129,66,0],"to":[-0.5,0.25,0],"ti":[-0.104,0.271,0]},{"t":31}],"ix":2,"l":2},"a":{"a":0,"k":[21,21,0],"ix":1,"l":2},"s":{"a":1,"k":[{"i":{"x":[0.667,0.667,0.667],"y":[1,1,1]},"o":{"x":[0.333,0.333,0.333],"y":[0,0,0]},"t":123,"s":[100,100,100],"e":[120,120,100]},{"i":{"x":[0.667,0.667,0.667],"y":[1,1,1]},"o":{"x":[0.333,0.333,0.333],"y":[0,0,0]},"t":125.75,"s":[120,120,100],"e":[0,0,100]},{"t":131}],"ix":6,"l":2}},"ao":0,"ip":22.6666666666667,"op":205,"st":-152,"bm":0},{"ddd":0,"ind":19,"ty":4,"nm":"star","parent":18,"sr":1,"ks":{"o":{"a":0,"k":100,"ix":11},"r":{"a":0,"k":0,"ix":10},"p":{"a":0,"k":[13.759,16.449,0],"ix":2,"l":2},"a":{"a":0,"k":[0,0,0],"ix":1,"l":2},"s":{"a":0,"k":[-100,100,100],"ix":6,"l":2}},"ao":0,"shapes":[{"ty":"gr","it":[{"ty":"sr","sy":1,"d":1,"pt":{"a":0,"k":4,"ix":3},"p":{"a":0,"k":[0,0],"ix":4},"r":{"a":0,"k":0,"ix":5},"ir":{"a":0,"k":0.109,"ix":6},"is":{"a":0,"k":0,"ix":8},"or":{"a":0,"k":0.994,"ix":7},"os":{"a":0,"k":0,"ix":9},"ix":1,"nm":"Polystar Path 1","mn":"ADBE Vector Shape - Star","hd":false},{"ty":"fl","c":{"a":0,"k":[1,1,1,1],"ix":4},"o":{"a":0,"k":100,"ix":5},"r":1,"bm":0,"nm":"Fill 1","mn":"ADBE Vector Graphic - Fill","hd":false},{"ty":"tr","p":{"a":0,"k":[0,0],"ix":2},"a":{"a":0,"k":[0,0],"ix":1},"s":{"a":0,"k":[300,301.833],"ix":3},"r":{"a":0,"k":-15.998,"ix":6},"o":{"a":0,"k":100,"ix":7},"sk":{"a":0,"k":0,"ix":4},"sa":{"a":0,"k":0,"ix":5},"nm":"Transform"}],"nm":"star","np":2,"cix":2,"bm":0,"ix":1,"mn":"ADBE Vector Group","hd":false}],"ip":20,"op":205,"st":-154.666666666667,"bm":0},{"ddd":0,"ind":20,"ty":2,"nm":"diamond 5","parent":18,"refId":"image_7","sr":1,"ks":{"o":{"a":0,"k":100,"ix":11},"r":{"a":0,"k":0,"ix":10},"p":{"a":0,"k":[21,21,0],"ix":2,"l":2},"a":{"a":0,"k":[21,21,0],"ix":1,"l":2},"s":{"a":1,"k":[{"i":{"x":[0.667,0.667,0.667],"y":[1,1,1]},"o":{"x":[0.333,0.333,0.333],"y":[0,0,0]},"t":123,"s":[100,100,100],"e":[120,120,100]},{"i":{"x":[0.667,0.667,0.667],"y":[1,1,1]},"o":{"x":[0.333,0.333,0.333],"y":[0,0,0]},"t":125.75,"s":[120,120,100],"e":[0,0,100]},{"t":131.000325520833}],"ix":6,"l":2}},"ao":0,"ip":20,"op":205,"st":-154.666666666667,"bm":0},{"ddd":0,"ind":21,"ty":2,"nm":"coin_01","parent":17,"refId":"image_8","sr":1,"ks":{"o":{"a":0,"k":100,"ix":11},"r":{"a":0,"k":0,"ix":10},"p":{"a":1,"k":[{"i":{"x":0.58,"y":1},"o":{"x":0.001,"y":0},"t":20,"s":[30,84.5,0],"e":[30,70,0],"to":[0,-2.417,0],"ti":[0,0.75,0]},{"i":{"x":0.58,"y":1},"o":{"x":0.167,"y":0},"t":22.666,"s":[30,70,0],"e":[30,80,0],"to":[0,-0.75,0],"ti":[0,-0.833,0]},{"i":{"x":0.58,"y":1},"o":{"x":0.167,"y":0},"t":24.666,"s":[30,80,0],"e":[30,75,0],"to":[0,0.833,0],"ti":[0,0.833,0]},{"t":26.6663411458333}],"ix":2,"l":2},"a":{"a":0,"k":[30,30,0],"ix":1,"l":2},"s":{"a":1,"k":[{"i":{"x":[0.667,0.667,0.667],"y":[1,1,1]},"o":{"x":[0.333,0.333,0.333],"y":[0,0,0]},"t":125,"s":[100,100,100],"e":[120,120,100]},{"i":{"x":[0.667,0.667,0.667],"y":[1,1,1]},"o":{"x":[0.333,0.333,0.333],"y":[0,0,0]},"t":127.75,"s":[120,120,100],"e":[0,0,100]},{"t":133.000325520833}],"ix":6,"l":2}},"ao":0,"ip":20,"op":205,"st":-154.666666666667,"bm":0},{"ddd":0,"ind":22,"ty":2,"nm":"coin_02","parent":17,"refId":"image_9","sr":1,"ks":{"o":{"a":0,"k":100,"ix":11},"r":{"a":0,"k":0,"ix":10},"p":{"a":1,"k":[{"i":{"x":0.58,"y":1},"o":{"x":0.001,"y":0},"t":21.334,"s":[51,77.5,0],"e":[51,59,0],"to":[0,-3.083,0],"ti":[0,1.667,0]},{"i":{"x":0.58,"y":1},"o":{"x":0.001,"y":0},"t":24,"s":[51,59,0],"e":[51,67.5,0],"to":[0,-1.667,0],"ti":[0,-0.667,0]},{"i":{"x":0.58,"y":1},"o":{"x":0.001,"y":0},"t":26,"s":[51,67.5,0],"e":[51,63,0],"to":[0,0.667,0],"ti":[0,0.75,0]},{"t":27.9996744791667}],"ix":2,"l":2},"a":{"a":0,"k":[21,21,0],"ix":1,"l":2},"s":{"a":1,"k":[{"i":{"x":[0.667,0.667,0.667],"y":[1,1,1]},"o":{"x":[0.333,0.333,0.333],"y":[0,0,0]},"t":125,"s":[100,100,100],"e":[120,120,100]},{"i":{"x":[0.667,0.667,0.667],"y":[1,1,1]},"o":{"x":[0.333,0.333,0.333],"y":[0,0,0]},"t":127.75,"s":[120,120,100],"e":[0,0,100]},{"t":132.999674479167}],"ix":6,"l":2}},"ao":0,"ip":21.3333333333333,"op":205,"st":-153.333333333333,"bm":0},{"ddd":0,"ind":23,"ty":2,"nm":"coin_03","parent":17,"refId":"image_10","sr":1,"ks":{"o":{"a":0,"k":100,"ix":11},"r":{"a":0,"k":0,"ix":10},"p":{"a":1,"k":[{"i":{"x":0.58,"y":1},"o":{"x":0.001,"y":0},"t":23.334,"s":[198,72.5,0],"e":[198,59.5,0],"to":[0,-2.167,0],"ti":[0,0.583,0]},{"i":{"x":0.58,"y":1},"o":{"x":0.001,"y":0},"t":26,"s":[198,59.5,0],"e":[198,69,0],"to":[0,-0.583,0],"ti":[0,-0.583,0]},{"i":{"x":0.58,"y":1},"o":{"x":0.001,"y":0},"t":28,"s":[198,69,0],"e":[198,63,0],"to":[0,0.583,0],"ti":[0,1,0]},{"t":29.9996744791667}],"ix":2,"l":2},"a":{"a":0,"k":[21,21,0],"ix":1,"l":2},"s":{"a":1,"k":[{"i":{"x":[0.667,0.667,0.667],"y":[1,1,1]},"o":{"x":[0.333,0.333,0.333],"y":[0,0,0]},"t":125,"s":[100,100,100],"e":[120,120,100]},{"i":{"x":[0.667,0.667,0.667],"y":[1,1,1]},"o":{"x":[0.333,0.333,0.333],"y":[0,0,0]},"t":127.75,"s":[120,120,100],"e":[0,0,100]},{"t":132.999674479167}],"ix":6,"l":2}},"ao":0,"ip":23.3333333333333,"op":205,"st":-151.333333333333,"bm":0},{"ddd":0,"ind":24,"ty":2,"nm":"coin_04","parent":17,"refId":"image_11","sr":1,"ks":{"o":{"a":0,"k":100,"ix":11},"r":{"a":0,"k":0,"ix":10},"p":{"a":1,"k":[{"i":{"x":0.58,"y":1},"o":{"x":0.001,"y":0},"t":21,"s":[129,81.5,0],"e":[129,67,0],"to":[0,-2.417,0],"ti":[0,0.917,0]},{"i":{"x":0.58,"y":1},"o":{"x":0.001,"y":0},"t":23.666,"s":[129,67,0],"e":[129,76,0],"to":[0,-0.917,0],"ti":[0,-0.833,0]},{"i":{"x":0.58,"y":1},"o":{"x":0.001,"y":0},"t":25.666,"s":[129,76,0],"e":[129,72,0],"to":[0,0.833,0],"ti":[0,0.667,0]},{"t":27.0003255208333}],"ix":2,"l":2},"a":{"a":0,"k":[24,24,0],"ix":1,"l":2},"s":{"a":1,"k":[{"i":{"x":[0.667,0.667,0.667],"y":[1,1,1]},"o":{"x":[0.333,0.333,0.333],"y":[0,0,0]},"t":124,"s":[100,100,100],"e":[120,120,100]},{"i":{"x":[0.667,0.667,0.667],"y":[1,1,1]},"o":{"x":[0.333,0.333,0.333],"y":[0,0,0]},"t":126.75,"s":[120,120,100],"e":[0,0,100]},{"t":132.000325520833}],"ix":6,"l":2}},"ao":0,"ip":21,"op":206,"st":-153.666666666667,"bm":0},{"ddd":0,"ind":25,"ty":2,"nm":"coin_05","parent":17,"refId":"image_12","sr":1,"ks":{"o":{"a":0,"k":100,"ix":11},"r":{"a":0,"k":0,"ix":10},"p":{"a":1,"k":[{"i":{"x":0.58,"y":1},"o":{"x":0.001,"y":0},"t":21,"s":[177,84.5,0],"e":[177,75,0],"to":[0,-1.583,0],"ti":[0,1.583,0]},{"t":23.6663411458333}],"ix":2,"l":2},"a":{"a":0,"k":[21,21,0],"ix":1,"l":2},"s":{"a":1,"k":[{"i":{"x":[0.667,0.667,0.667],"y":[1,1,1]},"o":{"x":[0.333,0.333,0.333],"y":[0,0,0]},"t":124,"s":[100,100,100],"e":[120,120,100]},{"i":{"x":[0.667,0.667,0.667],"y":[1,1,1]},"o":{"x":[0.333,0.333,0.333],"y":[0,0,0]},"t":126.75,"s":[120,120,100],"e":[0,0,100]},{"t":132.000325520833}],"ix":6,"l":2}},"ao":0,"ip":21,"op":206,"st":-153.666666666667,"bm":0},{"ddd":0,"ind":26,"ty":3,"nm":"▽ diamond_02","parent":17,"sr":1,"ks":{"o":{"a":0,"k":100,"ix":11},"r":{"a":0,"k":0,"ix":10},"p":{"a":1,"k":[{"i":{"x":0.667,"y":1},"o":{"x":0.333,"y":0},"t":23,"s":[43.5,73.5,0],"e":[43.5,44.5,0],"to":[0,-4.833,0],"ti":[0,3.5,0]},{"i":{"x":0.667,"y":1},"o":{"x":0.333,"y":0},"t":25.666,"s":[43.5,44.5,0],"e":[43.5,52.5,0],"to":[0,-3.5,0],"ti":[0,-0.833,0]},{"i":{"x":0.667,"y":1},"o":{"x":0.333,"y":0},"t":27.666,"s":[43.5,52.5,0],"e":[43.5,49.5,0],"to":[0,0.833,0],"ti":[0,0.5,0]},{"t":29.6663411458333}],"ix":2,"l":2},"a":{"a":0,"k":[22.5,22.5,0],"ix":1,"l":2},"s":{"a":1,"k":[{"i":{"x":[0.667,0.667,0.667],"y":[1,1,1]},"o":{"x":[0.333,0.333,0.333],"y":[0,0,0]},"t":124,"s":[100,100,100],"e":[120,120,100]},{"i":{"x":[0.667,0.667,0.667],"y":[1,1,1]},"o":{"x":[0.333,0.333,0.333],"y":[0,0,0]},"t":126.75,"s":[120,120,100],"e":[0,0,100]},{"t":132.000325520833}],"ix":6,"l":2}},"ao":0,"ip":23,"op":206,"st":-151.666666666667,"bm":0},{"ddd":0,"ind":27,"ty":4,"nm":"light 6","parent":26,"sr":1,"ks":{"o":{"a":0,"k":100,"ix":11},"r":{"a":0,"k":0,"ix":10},"p":{"a":0,"k":[25.092,16.065,0],"ix":2,"l":2},"a":{"a":0,"k":[0,0,0],"ix":1,"l":2},"s":{"a":0,"k":[-100,100,100],"ix":6,"l":2}},"ao":0,"shapes":[{"ty":"gr","it":[{"ty":"sr","sy":1,"d":1,"pt":{"a":0,"k":4,"ix":3},"p":{"a":0,"k":[0,0],"ix":4},"r":{"a":0,"k":0,"ix":5},"ir":{"a":0,"k":0.11,"ix":6},"is":{"a":0,"k":0,"ix":8},"or":{"a":0,"k":0.985,"ix":7},"os":{"a":0,"k":0,"ix":9},"ix":1,"nm":"Polystar Path 1","mn":"ADBE Vector Shape - Star","hd":false},{"ty":"fl","c":{"a":0,"k":[1,1,1,1],"ix":4},"o":{"a":0,"k":100,"ix":5},"r":1,"bm":0,"nm":"Fill 1","mn":"ADBE Vector Graphic - Fill","hd":false},{"ty":"tr","p":{"a":0,"k":[0,0],"ix":2},"a":{"a":0,"k":[0,0],"ix":1},"s":{"a":0,"k":[304.1,300],"ix":3},"r":{"a":0,"k":-65.133,"ix":6},"o":{"a":0,"k":100,"ix":7},"sk":{"a":0,"k":0,"ix":4},"sa":{"a":0,"k":0,"ix":5},"nm":"Transform"}],"nm":"light","np":2,"cix":2,"bm":0,"ix":1,"mn":"ADBE Vector Group","hd":false}],"ip":20,"op":205,"st":-154.666666666667,"bm":0},{"ddd":0,"ind":28,"ty":2,"nm":"diamond 4","parent":26,"refId":"image_13","sr":1,"ks":{"o":{"a":0,"k":100,"ix":11},"r":{"a":0,"k":0,"ix":10},"p":{"a":0,"k":[22.5,22.5,0],"ix":2,"l":2},"a":{"a":0,"k":[22.5,22.5,0],"ix":1,"l":2},"s":{"a":0,"k":[100,100,100],"ix":6,"l":2}},"ao":0,"ip":20,"op":205,"st":-154.666666666667,"bm":0},{"ddd":0,"ind":29,"ty":3,"nm":"▽ diamond_03","parent":17,"sr":1,"ks":{"o":{"a":0,"k":100,"ix":11},"r":{"a":0,"k":0,"ix":10},"p":{"a":1,"k":[{"i":{"x":0.667,"y":1},"o":{"x":0.333,"y":0},"t":21.334,"s":[102,81,0],"e":[102,52,0],"to":[0,-4.833,0],"ti":[0,3.167,0]},{"i":{"x":0.667,"y":1},"o":{"x":0.333,"y":0},"t":24,"s":[102,52,0],"e":[102,62,0],"to":[0,-3.167,0],"ti":[0,-0.833,0]},{"i":{"x":0.667,"y":1},"o":{"x":0.333,"y":0},"t":26,"s":[102,62,0],"e":[102,57,0],"to":[0,0.833,0],"ti":[0,0.833,0]},{"t":27.9996744791667}],"ix":2,"l":2},"a":{"a":0,"k":[24,24,0],"ix":1,"l":2},"s":{"a":0,"k":[100,100,100],"ix":6,"l":2}},"ao":0,"ip":21.3333333333333,"op":205,"st":-153.333333333333,"bm":0},{"ddd":0,"ind":30,"ty":4,"nm":"light 5","parent":29,"sr":1,"ks":{"o":{"a":0,"k":0,"ix":11},"r":{"a":0,"k":0,"ix":10},"p":{"a":0,"k":[10.433,23.061,0],"ix":2,"l":2},"a":{"a":0,"k":[0,0,0],"ix":1,"l":2},"s":{"a":0,"k":[-100,100,100],"ix":6,"l":2}},"ao":0,"shapes":[{"ty":"gr","it":[{"ty":"sr","sy":1,"d":1,"pt":{"a":0,"k":4,"ix":3},"p":{"a":0,"k":[0,0],"ix":4},"r":{"a":0,"k":0,"ix":5},"ir":{"a":0,"k":0.143,"ix":6},"is":{"a":0,"k":0,"ix":8},"or":{"a":0,"k":1.305,"ix":7},"os":{"a":0,"k":0,"ix":9},"ix":1,"nm":"Polystar Path 1","mn":"ADBE Vector Shape - Star","hd":false},{"ty":"fl","c":{"a":0,"k":[1,1,1,1],"ix":4},"o":{"a":0,"k":100,"ix":5},"r":1,"bm":0,"nm":"Fill 1","mn":"ADBE Vector Graphic - Fill","hd":false},{"ty":"tr","p":{"a":0,"k":[0,0],"ix":2},"a":{"a":0,"k":[0,0],"ix":1},"s":{"a":0,"k":[300,316.681],"ix":3},"r":{"a":0,"k":6.801,"ix":6},"o":{"a":0,"k":100,"ix":7},"sk":{"a":0,"k":0,"ix":4},"sa":{"a":0,"k":0,"ix":5},"nm":"Transform"}],"nm":"light","np":2,"cix":2,"bm":0,"ix":1,"mn":"ADBE Vector Group","hd":false}],"ip":20,"op":205,"st":-154.666666666667,"bm":0},{"ddd":0,"ind":31,"ty":2,"nm":"diamond 3","parent":29,"refId":"image_14","sr":1,"ks":{"o":{"a":0,"k":100,"ix":11},"r":{"a":0,"k":0,"ix":10},"p":{"a":0,"k":[24,24,0],"ix":2,"l":2},"a":{"a":0,"k":[24,24,0],"ix":1,"l":2},"s":{"a":1,"k":[{"i":{"x":[0.667,0.667,0.667],"y":[1,1,1]},"o":{"x":[0.333,0.333,0.333],"y":[0,0,0]},"t":123,"s":[100,100,100],"e":[120,120,100]},{"i":{"x":[0.667,0.667,0.667],"y":[1,1,1]},"o":{"x":[0.333,0.333,0.333],"y":[0,0,0]},"t":125.75,"s":[120,120,100],"e":[0,0,100]},{"t":131.000325520833}],"ix":6,"l":2}},"ao":0,"ip":20,"op":205,"st":-154.666666666667,"bm":0},{"ddd":0,"ind":32,"ty":2,"nm":"coin_06","parent":17,"refId":"image_15","sr":1,"ks":{"o":{"a":0,"k":100,"ix":11},"r":{"a":0,"k":0,"ix":10},"p":{"a":1,"k":[{"i":{"x":0.58,"y":1},"o":{"x":0.001,"y":0},"t":20,"s":[153,83,0],"e":[153,63,0],"to":[0,-3.333,0],"ti":[0,3.333,0]},{"t":22.6663411458333}],"ix":2,"l":2},"a":{"a":0,"k":[33,33,0],"ix":1,"l":2},"s":{"a":1,"k":[{"i":{"x":[0.667,0.667,0.667],"y":[1,1,1]},"o":{"x":[0.333,0.333,0.333],"y":[0,0,0]},"t":123,"s":[100,100,100],"e":[120,120,100]},{"i":{"x":[0.667,0.667,0.667],"y":[1,1,1]},"o":{"x":[0.333,0.333,0.333],"y":[0,0,0]},"t":125.75,"s":[120,120,100],"e":[0,0,100]},{"t":131.000325520833}],"ix":6,"l":2}},"ao":0,"ip":20,"op":205,"st":-154.666666666667,"bm":0},{"ddd":0,"ind":33,"ty":2,"nm":"coin_07","parent":17,"refId":"image_16","sr":1,"ks":{"o":{"a":0,"k":100,"ix":11},"r":{"a":0,"k":0,"ix":10},"p":{"a":1,"k":[{"i":{"x":0.58,"y":1},"o":{"x":0.001,"y":0},"t":20,"s":[87,92,0],"e":[87,67,0],"to":[0,-4.167,0],"ti":[0,2.25,0]},{"i":{"x":0.58,"y":1},"o":{"x":0.001,"y":0},"t":22.666,"s":[87,67,0],"e":[87,78.5,0],"to":[0,-2.25,0],"ti":[0,-0.833,0]},{"i":{"x":0.58,"y":1},"o":{"x":0.001,"y":0},"t":24.666,"s":[87,78.5,0],"e":[87,72,0],"to":[0,0.833,0],"ti":[0,1.083,0]},{"t":26.0003255208333}],"ix":2,"l":2},"a":{"a":0,"k":[30,30,0],"ix":1,"l":2},"s":{"a":1,"k":[{"i":{"x":[0.667,0.667,0.667],"y":[1,1,1]},"o":{"x":[0.333,0.333,0.333],"y":[0,0,0]},"t":123,"s":[100,100,100],"e":[120,120,100]},{"i":{"x":[0.667,0.667,0.667],"y":[1,1,1]},"o":{"x":[0.333,0.333,0.333],"y":[0,0,0]},"t":125.75,"s":[120,120,100],"e":[0,0,100]},{"t":131.000325520833}],"ix":6,"l":2}},"ao":0,"ip":20,"op":205,"st":-154.666666666667,"bm":0},{"ddd":0,"ind":34,"ty":3,"nm":"▽ diamond_04","parent":17,"sr":1,"ks":{"o":{"a":0,"k":100,"ix":11},"r":{"a":0,"k":0,"ix":10},"p":{"a":1,"k":[{"i":{"x":0.667,"y":1},"o":{"x":0.333,"y":0},"t":20,"s":[63,69,0],"e":[63,40,0],"to":[0,-4.833,0],"ti":[0,3.167,0]},{"i":{"x":0.667,"y":1},"o":{"x":0.333,"y":0},"t":22.666,"s":[63,40,0],"e":[63,50,0],"to":[0,-3.167,0],"ti":[0,-0.833,0]},{"i":{"x":0.667,"y":1},"o":{"x":0.333,"y":0},"t":24.666,"s":[63,50,0],"e":[63,45,0],"to":[0,0.833,0],"ti":[0,0.833,0]},{"t":26.6663411458333}],"ix":2,"l":2},"a":{"a":0,"k":[24,24,0],"ix":1,"l":2},"s":{"a":0,"k":[100,100,100],"ix":6,"l":2}},"ao":0,"ip":20,"op":205,"st":-154.666666666667,"bm":0},{"ddd":0,"ind":35,"ty":4,"nm":"light 4","parent":34,"sr":1,"ks":{"o":{"a":0,"k":0,"ix":11},"r":{"a":0,"k":0,"ix":10},"p":{"a":0,"k":[19.911,14.532,0],"ix":2,"l":2},"a":{"a":0,"k":[0,0,0],"ix":1,"l":2},"s":{"a":0,"k":[-100,100,100],"ix":6,"l":2}},"ao":0,"shapes":[{"ty":"gr","it":[{"ty":"sr","sy":1,"d":1,"pt":{"a":0,"k":4,"ix":3},"p":{"a":0,"k":[0,0],"ix":4},"r":{"a":0,"k":0,"ix":5},"ir":{"a":0,"k":0.109,"ix":6},"is":{"a":0,"k":0,"ix":8},"or":{"a":0,"k":1.396,"ix":7},"os":{"a":0,"k":0,"ix":9},"ix":1,"nm":"Polystar Path 1","mn":"ADBE Vector Shape - Star","hd":false},{"ty":"fl","c":{"a":0,"k":[1,1,1,1],"ix":4},"o":{"a":0,"k":100,"ix":5},"r":1,"bm":0,"nm":"Fill 1","mn":"ADBE Vector Graphic - Fill","hd":false},{"ty":"tr","p":{"a":0,"k":[0,0],"ix":2},"a":{"a":0,"k":[0,0],"ix":1},"s":{"a":0,"k":[300.929,300],"ix":3},"r":{"a":0,"k":12.655,"ix":6},"o":{"a":0,"k":100,"ix":7},"sk":{"a":0,"k":0,"ix":4},"sa":{"a":0,"k":0,"ix":5},"nm":"Transform"}],"nm":"light","np":2,"cix":2,"bm":0,"ix":1,"mn":"ADBE Vector Group","hd":false}],"ip":20,"op":205,"st":-154.666666666667,"bm":0},{"ddd":0,"ind":36,"ty":2,"nm":"diamond 2","parent":34,"refId":"image_17","sr":1,"ks":{"o":{"a":0,"k":100,"ix":11},"r":{"a":0,"k":0,"ix":10},"p":{"a":0,"k":[24,24,0],"ix":2,"l":2},"a":{"a":0,"k":[24,24,0],"ix":1,"l":2},"s":{"a":1,"k":[{"i":{"x":[0.667,0.667,0.667],"y":[1,1,1]},"o":{"x":[0.333,0.333,0.333],"y":[0,0,0]},"t":124,"s":[100,100,100],"e":[120,120,100]},{"i":{"x":[0.667,0.667,0.667],"y":[1,1,1]},"o":{"x":[0.333,0.333,0.333],"y":[0,0,0]},"t":126.75,"s":[120,120,100],"e":[0,0,100]},{"t":132.000325520833}],"ix":6,"l":2}},"ao":0,"ip":20,"op":205,"st":-154.666666666667,"bm":0},{"ddd":0,"ind":37,"ty":3,"nm":"▽ diamond_05","parent":17,"sr":1,"ks":{"o":{"a":0,"k":100,"ix":11},"r":{"a":0,"k":0,"ix":10},"p":{"a":1,"k":[{"i":{"x":0.667,"y":1},"o":{"x":0.333,"y":0},"t":20,"s":[174,69,0],"e":[174,39.5,0],"to":[0,-4.917,0],"ti":[0,3.167,0]},{"i":{"x":0.667,"y":1},"o":{"x":0.333,"y":0},"t":22.666,"s":[174,39.5,0],"e":[174,50,0],"to":[0,-3.167,0],"ti":[0,-0.917,0]},{"i":{"x":0.667,"y":1},"o":{"x":0.333,"y":0},"t":24.666,"s":[174,50,0],"e":[174,45,0],"to":[0,0.917,0],"ti":[0,0.833,0]},{"t":26.6663411458333}],"ix":2,"l":2},"a":{"a":0,"k":[45,45,0],"ix":1,"l":2},"s":{"a":1,"k":[{"i":{"x":[0.667,0.667,0.667],"y":[1,1,1]},"o":{"x":[0.333,0.333,0.333],"y":[0,0,0]},"t":123,"s":[100,100,100],"e":[120,120,100]},{"i":{"x":[0.667,0.667,0.667],"y":[1,1,1]},"o":{"x":[0.333,0.333,0.333],"y":[0,0,0]},"t":125.75,"s":[120,120,100],"e":[0,0,100]},{"t":131.000325520833}],"ix":6,"l":2}},"ao":0,"ip":20,"op":205,"st":-154.666666666667,"bm":0},{"ddd":0,"ind":38,"ty":4,"nm":"light 3","parent":37,"sr":1,"ks":{"o":{"a":0,"k":1,"ix":11},"r":{"a":0,"k":0,"ix":10},"p":{"a":0,"k":[56.81,31.444,0],"ix":2,"l":2},"a":{"a":0,"k":[0,0,0],"ix":1,"l":2},"s":{"a":0,"k":[-100,100,100],"ix":6,"l":2}},"ao":0,"shapes":[{"ty":"gr","it":[{"ty":"sr","sy":1,"d":1,"pt":{"a":0,"k":4,"ix":3},"p":{"a":0,"k":[0,0],"ix":4},"r":{"a":0,"k":0,"ix":5},"ir":{"a":0,"k":0.188,"ix":6},"is":{"a":0,"k":0,"ix":8},"or":{"a":0,"k":2.402,"ix":7},"os":{"a":0,"k":0,"ix":9},"ix":1,"nm":"Polystar Path 1","mn":"ADBE Vector Shape - Star","hd":false},{"ty":"fl","c":{"a":0,"k":[1,1,1,1],"ix":4},"o":{"a":0,"k":100,"ix":5},"r":1,"bm":0,"nm":"Fill 1","mn":"ADBE Vector Graphic - Fill","hd":false},{"ty":"tr","p":{"a":0,"k":[0,0],"ix":2},"a":{"a":0,"k":[0,0],"ix":1},"s":{"a":0,"k":[300.914,300],"ix":3},"r":{"a":0,"k":-22.03,"ix":6},"o":{"a":0,"k":100,"ix":7},"sk":{"a":0,"k":0,"ix":4},"sa":{"a":0,"k":0,"ix":5},"nm":"Transform"}],"nm":"light","np":2,"cix":2,"bm":0,"ix":1,"mn":"ADBE Vector Group","hd":false}],"ip":20,"op":205,"st":-154.666666666667,"bm":0},{"ddd":0,"ind":39,"ty":2,"nm":"diamond","parent":37,"refId":"image_18","sr":1,"ks":{"o":{"a":0,"k":100,"ix":11},"r":{"a":0,"k":0,"ix":10},"p":{"a":0,"k":[45,45,0],"ix":2,"l":2},"a":{"a":0,"k":[45,45,0],"ix":1,"l":2},"s":{"a":0,"k":[100,100,100],"ix":6,"l":2}},"ao":0,"ip":20,"op":205,"st":-154.666666666667,"bm":0},{"ddd":0,"ind":40,"ty":2,"nm":"coin_08","parent":17,"refId":"image_19","sr":1,"ks":{"o":{"a":0,"k":100,"ix":11},"r":{"a":0,"k":0,"ix":10},"p":{"a":1,"k":[{"i":{"x":0.58,"y":1},"o":{"x":0.001,"y":0},"t":20,"s":[54,74,0],"e":[54,48,0],"to":[0,-4.333,0],"ti":[0,2.417,0]},{"i":{"x":0.58,"y":1},"o":{"x":0.001,"y":0},"t":22.666,"s":[54,48,0],"e":[54,59.5,0],"to":[0,-2.417,0],"ti":[0,-1,0]},{"i":{"x":0.58,"y":1},"o":{"x":0.001,"y":0},"t":24.666,"s":[54,59.5,0],"e":[54,54,0],"to":[0,1,0],"ti":[0,0.917,0]},{"t":26.6663411458333}],"ix":2,"l":2},"a":{"a":0,"k":[39,39,0],"ix":1,"l":2},"s":{"a":1,"k":[{"i":{"x":[0.667,0.667,0.667],"y":[1,1,1]},"o":{"x":[0.333,0.333,0.333],"y":[0,0,0]},"t":123,"s":[100,100,100],"e":[120,120,100]},{"i":{"x":[0.667,0.667,0.667],"y":[1,1,1]},"o":{"x":[0.333,0.333,0.333],"y":[0,0,0]},"t":125.75,"s":[120,120,100],"e":[0,0,100]},{"t":131.000325520833}],"ix":6,"l":2}},"ao":0,"ip":20,"op":205,"st":-154.666666666667,"bm":0},{"ddd":0,"ind":42,"ty":2,"nm":"light 2","parent":12,"refId":"image_20","sr":1,"ks":{"o":{"a":1,"k":[{"i":{"x":[0.833],"y":[0.833]},"o":{"x":[0.167],"y":[0.167]},"t":14,"s":[0],"e":[100]},{"t":15.3330078125}],"ix":11,"x":"var $bm_rt;\n$bm_rt = thisComp.layer('light 12').transform.opacity;"},"r":{"a":1,"k":[{"i":{"x":[0.833],"y":[0.833]},"o":{"x":[0.167],"y":[0.167]},"t":31,"s":[0],"e":[360]},{"t":204}],"ix":10},"p":{"a":0,"k":[133.5,126,0],"ix":2,"l":2},"a":{"a":0,"k":[96,96,0],"ix":1,"l":2},"s":{"a":1,"k":[{"i":{"x":[0.667,0.667,0.667],"y":[1,1,1]},"o":{"x":[0.333,0.333,0.333],"y":[0,0,0]},"t":123,"s":[100,100,100],"e":[120,120,100]},{"i":{"x":[0.667,0.667,0.667],"y":[1,1,1]},"o":{"x":[0.333,0.333,0.333],"y":[0,0,0]},"t":125.75,"s":[120,120,100],"e":[0,0,100]},{"t":131}],"ix":6,"l":2}},"ao":0,"ip":14,"op":205,"st":-158,"bm":0},{"ddd":0,"ind":43,"ty":2,"nm":"up 2","parent":12,"refId":"image_21","sr":1,"ks":{"o":{"a":1,"k":[{"i":{"x":[0.833],"y":[0.833]},"o":{"x":[0.167],"y":[0.167]},"t":14,"s":[0],"e":[100]},{"t":15.3336588541667}],"ix":11},"r":{"a":0,"k":0,"ix":10},"p":{"a":0,"k":[135,72,0],"ix":2,"l":2},"a":{"a":0,"k":[135.5,72,0],"ix":1,"l":2},"s":{"a":0,"k":[100,100,100],"ix":6,"l":2}},"ao":0,"ip":14,"op":205,"st":-157.333333333333,"bm":0},{"ddd":0,"ind":44,"ty":0,"nm":"light_light","refId":"comp_0","sr":1,"ks":{"o":{"a":1,"k":[{"i":{"x":[0.833],"y":[0.833]},"o":{"x":[0.167],"y":[0.167]},"t":116,"s":[100],"e":[0]},{"t":126.999674479167}],"ix":11},"r":{"a":0,"k":0,"ix":10},"p":{"a":0,"k":[562.5,276,0],"ix":2,"l":2},"a":{"a":0,"k":[562.5,258,0],"ix":1,"l":2},"s":{"a":0,"k":[100,100,100],"ix":6,"l":2}},"ao":0,"w":1125,"h":516,"ip":16.6666666666667,"op":205,"st":16.6666666666667,"bm":0},{"ddd":0,"ind":46,"ty":4,"nm":"shadow","sr":1,"ks":{"o":{"a":0,"k":60,"ix":11},"r":{"a":0,"k":0,"ix":10},"p":{"a":0,"k":[561,587.875,0],"ix":2,"l":2},"a":{"a":0,"k":[0,0,0],"ix":1,"l":2},"s":{"a":0,"k":[100,100,100],"ix":6,"l":2}},"ao":0,"shapes":[{"ty":"gr","it":[{"d":1,"ty":"el","s":{"a":0,"k":[156,10],"ix":2},"p":{"a":0,"k":[0,0],"ix":3},"nm":"Ellipse Path 1","mn":"ADBE Vector Shape - Ellipse","hd":false},{"ty":"fl","c":{"a":0,"k":[0.996078431606,0.953254878521,0.843137264252,1],"ix":4},"o":{"a":0,"k":100,"ix":5},"r":1,"bm":0,"nm":"Fill 1","mn":"ADBE Vector Graphic - Fill","hd":false},{"ty":"tr","p":{"a":0,"k":[0,0],"ix":2},"a":{"a":0,"k":[0,0],"ix":1},"s":{"a":0,"k":[300,300],"ix":3},"r":{"a":0,"k":0,"ix":6},"o":{"a":0,"k":100,"ix":7},"sk":{"a":0,"k":0,"ix":4},"sa":{"a":0,"k":0,"ix":5},"nm":"Transform"}],"nm":"shadow","np":2,"cix":2,"bm":0,"ix":1,"mn":"ADBE Vector Group","hd":false}],"ip":0,"op":205,"st":-152.666666666667,"bm":0}],"markers":[{"tm":-143.3330078125,"cm":"box appear","dr":0},{"tm":-132.6669921875,"cm":"001_start_coin&light_appear\r","dr":0},{"tm":-72,"cm":"001_end","dr":0},{"tm":0,"cm":"shake_start","dr":0},{"tm":8,"cm":"floor_start","dr":0},{"tm":14,"cm":"open_start","dr":0},{"tm":15.3330078125,"cm":"open_end","dr":0},{"tm":20,"cm":"box_end","dr":0},{"tm":31,"cm":"coin_end","dr":0},{"tm":204,"cm":"lottie002_end","dr":0}]}