{"v":"5.6.8","fr":30,"ip":30,"op":116,"w":330,"h":400,"nm":"shuchu-fasong-dingdoudi","ddd":0,"assets":[{"id":"image_0","w":330,"h":400,"u":"https://lf16-gecko-source.tiktokcdn.com/obj/byte-gurd-source-sg/tiktok/fe/live/tiktok_live_revenue_golden_envelope/resource/lotties/images/","p":"shuchu-fasong__0-00-03-11_1.4a0f615f.png","e":0},{"id":"image_1","w":330,"h":400,"u":"https://lf16-gecko-source.tiktokcdn.com/obj/byte-gurd-source-sg/tiktok/fe/live/tiktok_live_revenue_golden_envelope/resource/lotties/images/","p":"shuchu-fasong__0-00-03-11_.2c475330.png","e":0},{"id":"image_2","w":192,"h":42,"u":"","p":"%s","e":0},{"id":"image_3","w":192,"h":48,"u":"","p":"%s","e":0},{"id":"image_4","w":192,"h":192,"u":"","p":"%s","e":0},{"id":"image_5","w":102,"h":107,"u":"https://lf16-gecko-source.tiktokcdn.com/obj/byte-gurd-source-sg/tiktok/fe/live/tiktok_live_revenue_golden_envelope/resource/lotties/images/","p":"lock_9-16718.a50b39f6.png","e":0},{"id":"image_6","w":271,"h":126,"u":"https://lf16-gecko-source.tiktokcdn.com/obj/byte-gurd-source-sg/tiktok/fe/live/tiktok_live_revenue_golden_envelope/resource/lotties/images/","p":"bottom_9-16673.af638808.png","e":0},{"id":"image_7","w":272,"h":127,"u":"https://lf16-gecko-source.tiktokcdn.com/obj/byte-gurd-source-sg/tiktok/fe/live/tiktok_live_revenue_golden_envelope/resource/lotties/images/","p":"up_9-16692.d9a48e2e.png","e":0},{"id":"image_8","w":272,"h":157,"u":"https://lf16-gecko-source.tiktokcdn.com/obj/byte-gurd-source-sg/tiktok/fe/live/tiktok_live_revenue_golden_envelope/resource/lotties/images/","p":"up_24-2981.43c3e942.png","e":0},{"id":"image_9","w":24,"h":135,"u":"https://lf16-gecko-source.tiktokcdn.com/obj/byte-gurd-source-sg/tiktok/fe/live/tiktok_live_revenue_golden_envelope/resource/lotties/images/","p":"guangshu.fbd5e5d9.png","e":0},{"id":"image_10","w":24,"h":24,"u":"https://lf16-gecko-source.tiktokcdn.com/obj/byte-gurd-source-sg/tiktok/fe/live/tiktok_live_revenue_golden_envelope/resource/lotties/images/","p":"guangdian.a3cf34b7.png","e":0},{"id":"comp_0","layers":[{"ddd":0,"ind":1,"ty":4,"nm":"Shape Layer 3","td":1,"sr":1,"ks":{"o":{"a":0,"k":100,"ix":11},"r":{"a":0,"k":0,"ix":10},"p":{"a":0,"k":[108,32.984,0],"ix":2},"a":{"a":0,"k":[0,0,0],"ix":1},"s":{"a":0,"k":[100,100,100],"ix":6}},"ao":0,"shapes":[{"ty":"gr","it":[{"ty":"rc","d":1,"s":{"a":0,"k":[192,42],"ix":2},"p":{"a":0,"k":[0,0],"ix":3},"r":{"a":0,"k":6,"ix":4},"nm":"Rectangle Path 1","mn":"ADBE Vector Shape - Rect","hd":false},{"ty":"gs","o":{"a":0,"k":100,"ix":9},"w":{"a":0,"k":0,"ix":10},"g":{"p":3,"k":{"a":0,"k":[0,0.341,0.773,0.992,0.499,0.314,0.816,0.994,0.999,0.286,0.859,0.996,0,0.5,0.499,0.375,0.999,0.25],"ix":8}},"s":{"a":0,"k":[0,0],"ix":4},"e":{"a":0,"k":[100,0],"ix":5},"t":1,"lc":1,"lj":1,"ml":4,"ml2":{"a":0,"k":4,"ix":13},"bm":0,"nm":"Gradient Stroke 1","mn":"ADBE Vector Graphic - G-Stroke","hd":false},{"ty":"fl","c":{"a":0,"k":[1,1,1,1],"ix":4},"o":{"a":0,"k":100,"ix":5},"r":1,"bm":0,"nm":"Fill 1","mn":"ADBE Vector Graphic - Fill","hd":false},{"ty":"tr","p":{"a":0,"k":[0,0],"ix":2},"a":{"a":0,"k":[0,0],"ix":1},"s":{"a":0,"k":[100,100],"ix":3},"r":{"a":0,"k":0,"ix":6},"o":{"a":0,"k":100,"ix":7},"sk":{"a":0,"k":0,"ix":4},"sa":{"a":0,"k":0,"ix":5},"nm":"Transform"}],"nm":"Rectangle 1","np":3,"cix":2,"bm":0,"ix":1,"mn":"ADBE Vector Group","hd":false}],"ip":0,"op":310,"st":0,"bm":0},{"ddd":0,"ind":2,"ty":2,"nm":"label.png","cl":"png","tt":1,"refId":"image_2","sr":1,"ks":{"o":{"a":0,"k":100,"ix":11},"r":{"a":0,"k":0,"ix":10},"p":{"a":0,"k":[108,32.984,0],"ix":2},"a":{"a":0,"k":[96,21,0],"ix":1},"s":{"a":0,"k":[100,100,100],"ix":6}},"ao":0,"ip":0,"op":310,"st":0,"bm":0},{"ddd":0,"ind":3,"ty":2,"nm":"preview_text.png","cl":"png","refId":"image_3","sr":1,"ks":{"o":{"a":0,"k":100,"ix":11},"r":{"a":0,"k":0,"ix":10},"p":{"a":0,"k":[108,244.984,0],"ix":2},"a":{"a":0,"k":[96,24,0],"ix":1},"s":{"a":0,"k":[100,100,100],"ix":6}},"ao":0,"ip":0,"op":320,"st":0,"bm":0},{"ddd":0,"ind":7,"ty":4,"nm":"Shape Layer 2","td":1,"sr":1,"ks":{"o":{"a":0,"k":100,"ix":11},"r":{"a":0,"k":0,"ix":10},"p":{"a":0,"k":[108,107.984,0],"ix":2},"a":{"a":0,"k":[0,0,0],"ix":1},"s":{"a":0,"k":[100,100,100],"ix":6}},"ao":0,"shapes":[{"ty":"gr","it":[{"ty":"rc","d":1,"s":{"a":0,"k":[192,192],"ix":2},"p":{"a":0,"k":[0,0],"ix":3},"r":{"a":0,"k":6,"ix":4},"nm":"Rectangle Path 1","mn":"ADBE Vector Shape - Rect","hd":false},{"ty":"gs","o":{"a":0,"k":100,"ix":9},"w":{"a":0,"k":0,"ix":10},"g":{"p":3,"k":{"a":0,"k":[0,0.341,0.773,0.992,0.499,0.314,0.816,0.994,0.998,0.286,0.859,0.996,0,1,0.499,0.625,0.999,0.25],"ix":8}},"s":{"a":0,"k":[0,0],"ix":4},"e":{"a":0,"k":[100,0],"ix":5},"t":1,"lc":1,"lj":1,"ml":4,"ml2":{"a":0,"k":4,"ix":13},"bm":0,"nm":"Gradient Stroke 1","mn":"ADBE Vector Graphic - G-Stroke","hd":false},{"ty":"fl","c":{"a":0,"k":[0.411765005074,0.796078012504,0.811765005074,1],"ix":4},"o":{"a":0,"k":100,"ix":5},"r":1,"bm":0,"nm":"Fill 1","mn":"ADBE Vector Graphic - Fill","hd":false},{"ty":"tr","p":{"a":0,"k":[0,0],"ix":2},"a":{"a":0,"k":[0,0],"ix":1},"s":{"a":0,"k":[100,100],"ix":3},"r":{"a":0,"k":0,"ix":6},"o":{"a":0,"k":100,"ix":7},"sk":{"a":0,"k":0,"ix":4},"sa":{"a":0,"k":0,"ix":5},"nm":"Transform"}],"nm":"Rectangle 1","np":3,"cix":2,"bm":0,"ix":1,"mn":"ADBE Vector Group","hd":false}],"ip":0,"op":310,"st":0,"bm":0},{"ddd":0,"ind":8,"ty":2,"nm":"preview_image.png","cl":"png","parent":9,"tt":1,"refId":"image_4","sr":1,"ks":{"o":{"a":0,"k":100,"ix":11},"r":{"a":0,"k":0,"ix":10},"p":{"a":0,"k":[-187,-577.75,0],"ix":2},"a":{"a":0,"k":[96,96,0],"ix":1},"s":{"a":0,"k":[100,100,100],"ix":6}},"ao":0,"ip":0,"op":310,"st":0,"bm":0},{"ddd":0,"ind":9,"ty":4,"nm":"Shape Layer 1","sr":1,"ks":{"o":{"a":0,"k":100,"ix":11},"r":{"a":0,"k":0,"ix":10},"p":{"a":0,"k":[107.5,144,0],"ix":2},"a":{"a":0,"k":[-187.234,-541.734,0],"ix":1},"s":{"a":0,"k":[100,100,100],"ix":6}},"ao":0,"shapes":[{"ty":"gr","it":[{"ty":"rc","d":1,"s":{"a":0,"k":[216,288],"ix":2},"p":{"a":0,"k":[0,0],"ix":3},"r":{"a":0,"k":6,"ix":4},"nm":"Rectangle Path 1","mn":"ADBE Vector Shape - Rect","hd":false},{"ty":"fl","c":{"a":0,"k":[0,0,0,1],"ix":4},"o":{"a":0,"k":30,"ix":5},"r":1,"bm":0,"nm":"Fill 1","mn":"ADBE Vector Graphic - Fill","hd":false},{"ty":"tr","p":{"a":0,"k":[-187.234,-541.734],"ix":2},"a":{"a":0,"k":[0,0],"ix":1},"s":{"a":0,"k":[100,100],"ix":3},"r":{"a":0,"k":0,"ix":6},"o":{"a":0,"k":100,"ix":7},"sk":{"a":0,"k":0,"ix":4},"sa":{"a":0,"k":0,"ix":5},"nm":"Transform"}],"nm":"Rectangle 1","np":3,"cix":2,"bm":0,"ix":1,"mn":"ADBE Vector Group","hd":false}],"ip":0,"op":310,"st":0,"bm":0}]},{"id":"comp_1","layers":[{"ddd":0,"ind":1,"ty":3,"nm":"Null 1","sr":1,"ks":{"o":{"a":0,"k":0,"ix":11},"r":{"a":0,"k":0,"ix":10},"p":{"a":0,"k":[205,378,0],"ix":2},"a":{"a":0,"k":[0,0,0],"ix":1},"s":{"a":1,"k":[{"i":{"x":[0.35,0.35,0.35],"y":[1,1,1]},"o":{"x":[0,0,0.65],"y":[0,0,0]},"t":0,"s":[100,100,100]},{"i":{"x":[0.34,0.34,0.34],"y":[1,1,1]},"o":{"x":[0,0,0.333],"y":[0,0,0]},"t":4,"s":[117.647,85,100]},{"i":{"x":[1,1,0.35],"y":[1,1,1]},"o":{"x":[0.66,0.66,0.66],"y":[0,0,0]},"t":12,"s":[80,125,100]},{"i":{"x":[0.5,0.5,0.5],"y":[1,1,1]},"o":{"x":[0,0,0.167],"y":[0,0,0]},"t":19,"s":[117.647,85,100]},{"i":{"x":[0.68,0.68,0.68],"y":[1,1,1]},"o":{"x":[0.5,0.5,0.5],"y":[0,0,0]},"t":23,"s":[86.957,115,100]},{"t":27,"s":[100,100,100]}],"ix":6}},"ao":0,"ip":0,"op":310,"st":0,"bm":0},{"ddd":0,"ind":2,"ty":2,"nm":"suoyan2","parent":1,"refId":"image_5","sr":1,"ks":{"o":{"a":0,"k":100,"ix":11},"r":{"a":0,"k":0,"ix":10},"p":{"a":0,"k":[-0.5,-115,0],"ix":2},"a":{"a":0,"k":[51,53.5,0],"ix":1},"s":{"a":0,"k":[100,100,100],"ix":6}},"ao":0,"ip":19,"op":310,"st":19,"bm":0},{"ddd":0,"ind":3,"ty":2,"nm":"suoyan","parent":1,"refId":"image_5","sr":1,"ks":{"o":{"a":0,"k":100,"ix":11},"r":{"a":0,"k":0,"ix":10},"p":{"a":0,"k":[-0.5,-115,0],"ix":2},"a":{"a":0,"k":[51,53.5,0],"ix":1},"s":{"a":0,"k":[100,100,100],"ix":6}},"ao":0,"ip":0,"op":8,"st":0,"bm":0},{"ddd":0,"ind":4,"ty":2,"nm":"dizuo","parent":1,"refId":"image_6","sr":1,"ks":{"o":{"a":0,"k":100,"ix":11},"r":{"a":0,"k":0,"ix":10},"p":{"a":0,"k":[-0.5,-65,0],"ix":2},"a":{"a":0,"k":[135.5,63,0],"ix":1},"s":{"a":0,"k":[100,100,100],"ix":6}},"ao":0,"ip":0,"op":310,"st":0,"bm":0},{"ddd":0,"ind":5,"ty":2,"nm":"gaizi2","parent":1,"refId":"image_7","sr":1,"ks":{"o":{"a":0,"k":100,"ix":11},"r":{"a":0,"k":0,"ix":10},"p":{"a":0,"k":[-0.5,-171,0],"ix":2},"a":{"a":0,"k":[136,63.5,0],"ix":1},"s":{"a":0,"k":[100,100,100],"ix":6}},"ao":0,"ip":19,"op":310,"st":16,"bm":0},{"ddd":0,"ind":6,"ty":2,"nm":"gaizi","parent":1,"refId":"image_7","sr":1,"ks":{"o":{"a":0,"k":100,"ix":11},"r":{"a":0,"k":0,"ix":10},"p":{"a":0,"k":[-0.5,-171,0],"ix":2},"a":{"a":0,"k":[136,63.5,0],"ix":1},"s":{"a":0,"k":[100,100,100],"ix":6}},"ao":0,"ip":0,"op":8,"st":0,"bm":0},{"ddd":0,"ind":7,"ty":2,"nm":"gaizi-on","parent":1,"refId":"image_8","sr":1,"ks":{"o":{"a":0,"k":100,"ix":11},"r":{"a":0,"k":0,"ix":10},"p":{"a":0,"k":[0,-125.5,0],"ix":2},"a":{"a":0,"k":[136,157,0],"ix":1},"s":{"a":0,"k":[100,100,100],"ix":6}},"ao":0,"ip":8,"op":19,"st":1,"bm":0}]},{"id":"comp_2","layers":[{"ddd":0,"ind":1,"ty":2,"nm":"guangshu.png","cl":"png","refId":"image_9","sr":1,"ks":{"o":{"a":1,"k":[{"i":{"x":[0.833],"y":[0.833]},"o":{"x":[0.167],"y":[0.167]},"t":87,"s":[0]},{"i":{"x":[0.833],"y":[0.833]},"o":{"x":[0.167],"y":[0.167]},"t":90,"s":[100]},{"i":{"x":[0.833],"y":[0.833]},"o":{"x":[0.167],"y":[0.167]},"t":97,"s":[100]},{"t":100,"s":[0]}],"ix":11},"r":{"a":0,"k":125,"ix":10},"p":{"a":1,"k":[{"i":{"x":1,"y":1},"o":{"x":0.66,"y":0},"t":87,"s":[266.842,297.842,0],"to":[0,0,0],"ti":[0,0,0]},{"t":97,"s":[200.842,252.842,0]}],"ix":2},"a":{"a":0,"k":[12,135,0],"ix":1},"s":{"a":1,"k":[{"i":{"x":[0.696,0.696,0.696],"y":[1,0.374,1]},"o":{"x":[0.362,0.362,0.362],"y":[0,0,0]},"t":87,"s":[15,10,100]},{"i":{"x":[0.999,0.999,0.999],"y":[1,1,1]},"o":{"x":[0.661,0.661,0.661],"y":[0,0.248,0]},"t":90,"s":[45,14.349,100]},{"t":97,"s":[50,70,100]}],"ix":6}},"ao":0,"ip":87,"op":333,"st":13,"bm":0},{"ddd":0,"ind":2,"ty":2,"nm":"guangdian.png","cl":"png","refId":"image_10","sr":1,"ks":{"o":{"a":1,"k":[{"i":{"x":[0.833],"y":[0.833]},"o":{"x":[0.167],"y":[0.167]},"t":87,"s":[0]},{"i":{"x":[0.833],"y":[0.833]},"o":{"x":[0.167],"y":[0.167]},"t":90,"s":[100]},{"i":{"x":[0.833],"y":[0.833]},"o":{"x":[0.167],"y":[0.167]},"t":97,"s":[100]},{"t":100,"s":[0]}],"ix":11},"r":{"a":0,"k":0,"ix":10},"p":{"a":1,"k":[{"i":{"x":1,"y":1},"o":{"x":0.66,"y":0},"t":87,"s":[266.842,297.842,0],"to":[0,0,0],"ti":[0,0,0]},{"t":97,"s":[200.842,252.842,0]}],"ix":2},"a":{"a":0,"k":[12,12,0],"ix":1},"s":{"a":1,"k":[{"i":{"x":[0.833,0.833,0.833],"y":[0.833,0.833,0.833]},"o":{"x":[0.167,0.167,0.167],"y":[0.167,0.167,0.167]},"t":87,"s":[15,15,100]},{"t":90,"s":[45,45,100]}],"ix":6}},"ao":0,"ip":87,"op":333,"st":13,"bm":0}]},{"id":"comp_3","layers":[{"ddd":0,"ind":1,"ty":2,"nm":"guangshu.png","cl":"png","refId":"image_9","sr":1,"ks":{"o":{"a":1,"k":[{"i":{"x":[0.833],"y":[0.833]},"o":{"x":[0.167],"y":[0.167]},"t":81,"s":[0]},{"i":{"x":[0.833],"y":[0.833]},"o":{"x":[0.167],"y":[0.167]},"t":84,"s":[100]},{"i":{"x":[0.833],"y":[0.833]},"o":{"x":[0.167],"y":[0.167]},"t":91,"s":[100]},{"t":94,"s":[0]}],"ix":11},"r":{"a":0,"k":-50,"ix":10},"p":{"a":1,"k":[{"i":{"x":1,"y":1},"o":{"x":0.66,"y":0},"t":81,"s":[23.842,115.842,0],"to":[0,0,0],"ti":[0,0,0]},{"t":91,"s":[97.842,174.842,0]}],"ix":2},"a":{"a":0,"k":[12,135,0],"ix":1},"s":{"a":1,"k":[{"i":{"x":[0.696,0.696,0.696],"y":[1,0.374,1]},"o":{"x":[0.362,0.362,0.362],"y":[0,0,0]},"t":81,"s":[15,10,100]},{"i":{"x":[0.999,0.999,0.999],"y":[1,1,1]},"o":{"x":[0.661,0.661,0.661],"y":[0,0.248,0]},"t":84,"s":[65,14.349,100]},{"t":91,"s":[50,70,100]}],"ix":6}},"ao":0,"ip":81,"op":327,"st":7,"bm":0},{"ddd":0,"ind":2,"ty":2,"nm":"guangdian.png","cl":"png","refId":"image_10","sr":1,"ks":{"o":{"a":1,"k":[{"i":{"x":[0.833],"y":[0.833]},"o":{"x":[0.167],"y":[0.167]},"t":81,"s":[0]},{"i":{"x":[0.833],"y":[0.833]},"o":{"x":[0.167],"y":[0.167]},"t":84,"s":[100]},{"i":{"x":[0.833],"y":[0.833]},"o":{"x":[0.167],"y":[0.167]},"t":91,"s":[100]},{"t":94,"s":[0]}],"ix":11},"r":{"a":0,"k":0,"ix":10},"p":{"a":1,"k":[{"i":{"x":1,"y":1},"o":{"x":0.66,"y":0},"t":81,"s":[23.842,115.842,0],"to":[0,0,0],"ti":[0,0,0]},{"t":91,"s":[97.842,174.842,0]}],"ix":2},"a":{"a":0,"k":[12,12,0],"ix":1},"s":{"a":1,"k":[{"i":{"x":[0.833,0.833,0.833],"y":[0.833,0.833,0.833]},"o":{"x":[0.167,0.167,0.167],"y":[0.167,0.167,0.167]},"t":81,"s":[15,15,100]},{"t":84,"s":[70,70,100]}],"ix":6}},"ao":0,"ip":81,"op":327,"st":7,"bm":0}]},{"id":"comp_4","layers":[{"ddd":0,"ind":1,"ty":2,"nm":"guangshu.png","cl":"png","refId":"image_9","sr":1,"ks":{"o":{"a":1,"k":[{"i":{"x":[0.833],"y":[0.833]},"o":{"x":[0.167],"y":[0.167]},"t":74,"s":[0]},{"i":{"x":[0.833],"y":[0.833]},"o":{"x":[0.167],"y":[0.167]},"t":77,"s":[100]},{"i":{"x":[0.833],"y":[0.833]},"o":{"x":[0.167],"y":[0.167]},"t":84,"s":[100]},{"t":87,"s":[0]}],"ix":11},"r":{"a":0,"k":50,"ix":10},"p":{"a":1,"k":[{"i":{"x":0.999,"y":1},"o":{"x":0.66,"y":0},"t":74,"s":[255.179,88.41,0],"to":[0,0,0],"ti":[0,0,0]},{"t":84,"s":[140.179,186.91,0]}],"ix":2},"a":{"a":0,"k":[12,135,0],"ix":1},"s":{"a":1,"k":[{"i":{"x":[0.696,0.696,0.696],"y":[1,0.374,1]},"o":{"x":[0.362,0.362,0.362],"y":[0,0,0]},"t":74,"s":[10,10,100]},{"i":{"x":[0.999,0.999,0.999],"y":[1,1,1]},"o":{"x":[0.661,0.661,0.661],"y":[0,0.248,0]},"t":77,"s":[30,14.349,100]},{"t":84,"s":[50,70,100]}],"ix":6}},"ao":0,"ip":74,"op":320,"st":0,"bm":0},{"ddd":0,"ind":2,"ty":2,"nm":"guangdian.png","cl":"png","refId":"image_10","sr":1,"ks":{"o":{"a":1,"k":[{"i":{"x":[0.833],"y":[0.833]},"o":{"x":[0.167],"y":[0.167]},"t":74,"s":[0]},{"i":{"x":[0.833],"y":[0.833]},"o":{"x":[0.167],"y":[0.167]},"t":77,"s":[100]},{"i":{"x":[0.833],"y":[0.833]},"o":{"x":[0.167],"y":[0.167]},"t":84,"s":[100]},{"t":87,"s":[0]}],"ix":11},"r":{"a":0,"k":0,"ix":10},"p":{"a":1,"k":[{"i":{"x":0.999,"y":1},"o":{"x":0.66,"y":0},"t":74,"s":[256.842,86.842,0],"to":[0,0,0],"ti":[0,0,0]},{"t":84,"s":[141.842,185.342,0]}],"ix":2},"a":{"a":0,"k":[12,12,0],"ix":1},"s":{"a":1,"k":[{"i":{"x":[0.833,0.833,0.833],"y":[0.833,0.833,0.833]},"o":{"x":[0.167,0.167,0.167],"y":[0.167,0.167,0.167]},"t":74,"s":[10,10,100]},{"t":77,"s":[30,30,100]}],"ix":6}},"ao":0,"ip":74,"op":320,"st":0,"bm":0}]},{"id":"comp_5","layers":[{"ddd":0,"ind":1,"ty":4,"nm":"Shape Layer 5","td":1,"sr":1,"ks":{"o":{"a":0,"k":100,"ix":11},"r":{"a":0,"k":0,"ix":10},"p":{"a":0,"k":[165,150,0],"ix":2},"a":{"a":0,"k":[0,0,0],"ix":1},"s":{"a":0,"k":[100,100,100],"ix":6}},"ao":0,"shapes":[{"ty":"gr","it":[{"ty":"rc","d":1,"s":{"a":0,"k":[330,300],"ix":2},"p":{"a":0,"k":[0,0],"ix":3},"r":{"a":0,"k":0,"ix":4},"nm":"Rectangle Path 1","mn":"ADBE Vector Shape - Rect","hd":false},{"ty":"gf","o":{"a":0,"k":100,"ix":10},"r":1,"bm":0,"g":{"p":3,"k":{"a":0,"k":[0,0.533,0.808,1,0.849,0.267,0.698,1,1,0,0.588,1,0,0,0.051,0.5,0.1,1,0.5,1,0.9,1,0.949,0.5,0.999,0],"ix":9}},"s":{"a":0,"k":[-0.071,-150.071],"ix":5},"e":{"a":0,"k":[2.264,151.623],"ix":6},"t":1,"nm":"Gradient Fill 1","mn":"ADBE Vector Graphic - G-Fill","hd":false},{"ty":"tr","p":{"a":0,"k":[0,0],"ix":2},"a":{"a":0,"k":[0,0],"ix":1},"s":{"a":0,"k":[100,100],"ix":3},"r":{"a":0,"k":0,"ix":6},"o":{"a":0,"k":100,"ix":7},"sk":{"a":0,"k":0,"ix":4},"sa":{"a":0,"k":0,"ix":5},"nm":"Transform"}],"nm":"Rectangle 1","np":3,"cix":2,"bm":0,"ix":1,"mn":"ADBE Vector Group","hd":false}],"ip":0,"op":30,"st":0,"bm":0},{"ddd":0,"ind":2,"ty":4,"nm":"Shape Layer 6","tt":1,"sr":1,"ks":{"o":{"a":1,"k":[{"i":{"x":[0.833],"y":[0.833]},"o":{"x":[0.167],"y":[0.167]},"t":0,"s":[0]},{"i":{"x":[0.833],"y":[0.833]},"o":{"x":[0.167],"y":[0.167]},"t":12.5,"s":[100]},{"t":17.5,"s":[0]}],"ix":11},"r":{"a":0,"k":45,"ix":10},"p":{"a":0,"k":[165,150,0],"ix":2},"a":{"a":0,"k":[85.38,60.38,0],"ix":1},"s":{"a":1,"k":[{"i":{"x":[1,1,0.667],"y":[1,1,1]},"o":{"x":[0.66,0.66,0.66],"y":[0,0,0]},"t":0,"s":[100,100,100]},{"t":17.5,"s":[0,0,100]}],"ix":6}},"ao":0,"shapes":[{"ty":"gr","it":[{"ind":0,"ty":"sh","ix":1,"ks":{"a":0,"k":{"i":[[0,-8.837],[0,0],[8.837,0],[0,0],[0,8.837],[0,0],[-8.837,0],[0,0]],"o":[[0,0],[0,8.837],[0,0],[-8.837,0],[0,0],[0,-8.837],[0,0],[8.837,0]],"v":[[113.231,-97.23],[164.477,148.477],[148.477,164.477],[-97.23,113.231],[-113.23,97.23],[-164.477,-148.477],[-148.477,-164.477],[97.23,-113.23]],"c":true},"ix":2},"nm":"Path 1","mn":"ADBE Vector Shape - Group","hd":false},{"ty":"gs","o":{"a":0,"k":100,"ix":9},"w":{"a":1,"k":[{"i":{"x":[0.999],"y":[1]},"o":{"x":[0.66],"y":[0]},"t":0,"s":[1]},{"t":17.5,"s":[12]}],"ix":10},"g":{"p":3,"k":{"a":0,"k":[0,0.341,0.773,0.992,0.499,0.314,0.816,0.994,0.998,0.286,0.859,0.996,0,1,0.499,0.625,0.999,0.25],"ix":8}},"s":{"a":0,"k":[0,0],"ix":4},"e":{"a":0,"k":[66.767,65.529],"ix":5},"t":1,"lc":1,"lj":1,"ml":4,"ml2":{"a":0,"k":4,"ix":13},"bm":0,"nm":"Gradient Stroke 1","mn":"ADBE Vector Graphic - G-Stroke","hd":false},{"ty":"gf","o":{"a":1,"k":[{"i":{"x":[0.999],"y":[1]},"o":{"x":[0.66],"y":[0]},"t":0,"s":[20]},{"t":17.5,"s":[100]}],"ix":10},"r":1,"bm":0,"g":{"p":3,"k":{"a":0,"k":[0.527,0.439,0.827,0.996,0.929,0.378,0.812,0.998,1,0.318,0.796,1,0.528,0,0.764,0.3,0.999,0.6],"ix":9}},"s":{"a":0,"k":[0,0],"ix":5},"e":{"a":0,"k":[88.755,88.518],"ix":6},"t":2,"h":{"a":0,"k":0,"ix":7},"a":{"a":0,"k":0,"ix":8},"nm":"Gradient Fill 1","mn":"ADBE Vector Graphic - G-Fill","hd":false},{"ty":"tr","p":{"a":0,"k":[85.38,60.38],"ix":2},"a":{"a":0,"k":[0,0],"ix":1},"s":{"a":0,"k":[100,100],"ix":3},"r":{"a":0,"k":0,"ix":6},"o":{"a":0,"k":100,"ix":7},"sk":{"a":0,"k":0,"ix":4},"sa":{"a":0,"k":0,"ix":5},"nm":"Transform"}],"nm":"Rectangle 1","np":3,"cix":2,"bm":0,"ix":1,"mn":"ADBE Vector Group","hd":false}],"ip":0,"op":30,"st":0,"bm":0}]}],"layers":[{"ddd":0,"ind":1,"ty":2,"nm":"shuchu-fasong (0-00-03-11)1.png","cl":"png","parent":8,"refId":"image_0","sr":1,"ks":{"o":{"a":0,"k":100,"ix":11},"r":{"a":0,"k":0,"ix":10},"p":{"a":0,"k":[231.343,227.612,0],"ix":2},"a":{"a":0,"k":[165,200,0],"ix":1},"s":{"a":0,"k":[149.254,149.254,100],"ix":6}},"ao":0,"ip":78,"op":320,"st":0,"bm":0},{"ddd":0,"ind":2,"ty":2,"nm":"shuchu-fasong (0-00-03-11).png","cl":"png","parent":8,"refId":"image_1","sr":1,"ks":{"o":{"a":0,"k":100,"ix":11},"r":{"a":0,"k":0,"ix":10},"p":{"a":0,"k":[231.343,227.612,0],"ix":2},"a":{"a":0,"k":[165,200,0],"ix":1},"s":{"a":1,"k":[{"i":{"x":[0.833,0.833,0.833],"y":[0.833,0.833,0.833]},"o":{"x":[0.167,0.167,0.167],"y":[0.167,0.167,0.167]},"t":78,"s":[105,105,100]},{"i":{"x":[0.833,0.833,0.833],"y":[0.833,0.833,0.833]},"o":{"x":[0.167,0.167,0.167],"y":[0.167,0.167,0.167]},"t":80,"s":[120,120,100]},{"i":{"x":[0.833,0.833,0.833],"y":[0.833,0.833,0.833]},"o":{"x":[0.167,0.167,0.167],"y":[0.167,0.167,0.167]},"t":85,"s":[120,120,100]},{"i":{"x":[0.833,0.833,0.833],"y":[0.833,0.833,0.833]},"o":{"x":[0.167,0.167,0.167],"y":[0.167,0.167,0.167]},"t":87,"s":[130,130,100]},{"i":{"x":[0.833,0.833,0.833],"y":[0.833,0.833,0.833]},"o":{"x":[0.167,0.167,0.167],"y":[0.167,0.167,0.167]},"t":92,"s":[130,130,100]},{"i":{"x":[0.833,0.833,0.833],"y":[0.833,0.833,0.833]},"o":{"x":[0.167,0.167,0.167],"y":[0.167,0.167,0.167]},"t":94,"s":[140,140,100]},{"i":{"x":[0.833,0.833,0.833],"y":[0.833,0.833,0.833]},"o":{"x":[0.167,0.167,0.167],"y":[0.167,0.167,0.167]},"t":99,"s":[140,140,100]},{"t":101,"s":[149.254,149.254,100]}],"ix":6}},"ao":0,"ip":78,"op":320,"st":0,"bm":0},{"ddd":0,"ind":5,"ty":4,"nm":"Shape Layer 1","td":1,"sr":1,"ks":{"o":{"a":0,"k":100,"ix":11},"r":{"a":0,"k":0,"ix":10},"p":{"a":1,"k":[{"i":{"x":0.833,"y":0.833},"o":{"x":0.167,"y":0.167},"t":66,"s":[150.179,71.271,0],"to":[0,4.333,0],"ti":[0,-4.333,0]},{"t":70,"s":[150.179,97.271,0]}],"ix":2},"a":{"a":0,"k":[-415.52,-645.729,0],"ix":1},"s":{"a":0,"k":[100,100,100],"ix":6}},"ao":0,"shapes":[{"ty":"gr","it":[{"ty":"rc","d":1,"s":{"a":0,"k":[299.358,250],"ix":2},"p":{"a":0,"k":[0,0],"ix":3},"r":{"a":0,"k":0,"ix":4},"nm":"Rectangle Path 1","mn":"ADBE Vector Shape - Rect","hd":false},{"ty":"fl","c":{"a":0,"k":[1,0,0,1],"ix":4},"o":{"a":0,"k":100,"ix":5},"r":1,"bm":0,"nm":"Fill 1","mn":"ADBE Vector Graphic - Fill","hd":false},{"ty":"tr","p":{"a":0,"k":[-415.52,-645.729],"ix":2},"a":{"a":0,"k":[0,0],"ix":1},"s":{"a":0,"k":[100,100],"ix":3},"r":{"a":0,"k":0,"ix":6},"o":{"a":0,"k":100,"ix":7},"sk":{"a":0,"k":0,"ix":4},"sa":{"a":0,"k":0,"ix":5},"nm":"Transform"}],"nm":"Rectangle 1","np":3,"cix":2,"bm":0,"ix":1,"mn":"ADBE Vector Group","hd":false}],"ip":64,"op":70,"st":0,"bm":0},{"ddd":0,"ind":6,"ty":0,"nm":"fengmian-fasong","tt":1,"refId":"comp_0","sr":1,"ks":{"o":{"a":0,"k":100,"ix":11},"r":{"a":0,"k":0,"ix":10},"p":{"s":true,"x":{"a":1,"k":[{"i":{"x":[0.42],"y":[1]},"o":{"x":[0.41],"y":[1.44]},"t":30,"s":[-111.5]},{"t":45,"s":[143.5]}],"ix":3},"y":{"a":1,"k":[{"i":{"x":[0.42],"y":[1]},"o":{"x":[0.41],"y":[0]},"t":30,"s":[189]},{"i":{"x":[0.833],"y":[1]},"o":{"x":[0.41],"y":[0]},"t":45,"s":[189]},{"i":{"x":[0.35],"y":[1]},"o":{"x":[0.319],"y":[0]},"t":55,"s":[189]},{"i":{"x":[1],"y":[1]},"o":{"x":[0.65],"y":[0]},"t":63,"s":[76]},{"t":68,"s":[258]}],"ix":4}},"a":{"a":0,"k":[108,144,0],"ix":1},"s":{"a":1,"k":[{"i":{"x":[0.35,0.35,0.35],"y":[1,1,1]},"o":{"x":[0.319,0.319,0.319],"y":[0,0,0]},"t":55,"s":[100,100,100]},{"i":{"x":[0.999,0.999,0.999],"y":[1,1,1]},"o":{"x":[0.65,0.65,0.65],"y":[0,0,0]},"t":63,"s":[50,50,100]},{"t":68,"s":[30,30,100]}],"ix":6}},"ao":0,"w":216,"h":288,"ip":64,"op":94.5,"st":0,"bm":0},{"ddd":0,"ind":7,"ty":0,"nm":"fengmian-fasong","refId":"comp_0","sr":1,"ks":{"o":{"a":0,"k":100,"ix":11},"r":{"a":0,"k":0,"ix":10},"p":{"s":true,"x":{"a":1,"k":[{"i":{"x":[0.42],"y":[1]},"o":{"x":[0.41],"y":[1.44]},"t":30,"s":[-111.5]},{"t":45,"s":[143.5]}],"ix":3},"y":{"a":1,"k":[{"i":{"x":[0.42],"y":[1]},"o":{"x":[0.41],"y":[0]},"t":30,"s":[189]},{"i":{"x":[0.833],"y":[1]},"o":{"x":[0.41],"y":[0]},"t":45,"s":[189]},{"i":{"x":[0.35],"y":[1]},"o":{"x":[0.319],"y":[0]},"t":55,"s":[189]},{"i":{"x":[1],"y":[1]},"o":{"x":[0.65],"y":[0]},"t":63,"s":[76]},{"t":68,"s":[258]}],"ix":4}},"a":{"a":0,"k":[108,144,0],"ix":1},"s":{"a":1,"k":[{"i":{"x":[0.35,0.35,0.35],"y":[1,1,1]},"o":{"x":[0.319,0.319,0.319],"y":[0,0,0]},"t":55,"s":[100,100,100]},{"i":{"x":[0.999,0.999,0.999],"y":[1,1,1]},"o":{"x":[0.65,0.65,0.65],"y":[0,0,0]},"t":63,"s":[50,50,100]},{"t":68,"s":[30,30,100]}],"ix":6}},"ao":0,"w":216,"h":288,"ip":0,"op":64,"st":0,"bm":0},{"ddd":0,"ind":8,"ty":3,"nm":"box open 2","sr":1,"ks":{"o":{"a":1,"k":[{"i":{"x":[0.833],"y":[0.833]},"o":{"x":[0.167],"y":[0.167]},"t":55,"s":[0]},{"t":61,"s":[100]}],"ix":11},"r":{"a":0,"k":0,"ix":10},"p":{"a":0,"k":[144,215,0],"ix":2},"a":{"a":0,"k":[200,250,0],"ix":1},"s":{"a":1,"k":[{"i":{"x":[0.63,0.63,0.63],"y":[0.9,0.9,1]},"o":{"x":[1,1,1],"y":[-0.62,-0.62,0]},"t":101,"s":[67,67,100]},{"t":115,"s":[0,0,100]}],"ix":6}},"ao":0,"ip":55,"op":116,"st":51,"bm":0},{"ddd":0,"ind":9,"ty":0,"nm":"box open 2","refId":"comp_1","sr":1,"ks":{"o":{"a":1,"k":[{"i":{"x":[0.833],"y":[0.833]},"o":{"x":[0.167],"y":[0.167]},"t":55,"s":[0]},{"t":61,"s":[100]}],"ix":11},"r":{"a":0,"k":0,"ix":10},"p":{"a":0,"k":[144,215,0],"ix":2},"a":{"a":0,"k":[200,250,0],"ix":1},"s":{"a":1,"k":[{"i":{"x":[0.63,0.63,0.63],"y":[0.9,0.9,1]},"o":{"x":[1,1,1],"y":[-0.62,-0.62,0]},"t":101,"s":[67,67,100]},{"t":115,"s":[0,0,100]}],"ix":6}},"ao":0,"sy":[{"c":{"a":0,"k":[0.439903259277,0.824166059494,0.998282849789,1],"ix":5},"o":{"a":0,"k":100,"ix":2},"s":{"a":1,"k":[{"i":{"x":[0.833],"y":[0.833]},"o":{"x":[0.167],"y":[0.167]},"t":78,"s":[0]},{"i":{"x":[0.833],"y":[0.833]},"o":{"x":[0.167],"y":[0.167]},"t":80,"s":[10]},{"i":{"x":[0.833],"y":[0.833]},"o":{"x":[0.167],"y":[0.167]},"t":85,"s":[10]},{"i":{"x":[0.833],"y":[0.833]},"o":{"x":[0.167],"y":[0.167]},"t":87,"s":[20]},{"i":{"x":[0.833],"y":[0.833]},"o":{"x":[0.167],"y":[0.167]},"t":92,"s":[20]},{"i":{"x":[0.833],"y":[0.833]},"o":{"x":[0.167],"y":[0.167]},"t":94,"s":[30]},{"i":{"x":[0.833],"y":[0.833]},"o":{"x":[0.167],"y":[0.167]},"t":99,"s":[30]},{"t":101,"s":[40]}],"ix":10},"r":{"a":0,"k":70,"ix":11},"ch":{"a":0,"k":0,"ix":9},"bm":{"a":0,"k":11,"ix":1},"no":{"a":0,"k":0,"ix":3},"j":{"a":0,"k":0,"ix":12},"ty":3,"nm":"Outer Glow"}],"w":400,"h":500,"ip":55,"op":78,"st":51,"bm":0},{"ddd":0,"ind":11,"ty":0,"nm":"guangshu3","refId":"comp_2","sr":1,"ks":{"o":{"a":0,"k":100,"ix":11},"r":{"a":0,"k":0,"ix":10},"p":{"a":0,"k":[165,200,0],"ix":2},"a":{"a":0,"k":[165,200,0],"ix":1},"s":{"a":0,"k":[100,100,100],"ix":6}},"ao":0,"w":330,"h":400,"ip":87,"op":320,"st":0,"bm":0},{"ddd":0,"ind":13,"ty":0,"nm":"guangshu2","refId":"comp_3","sr":1,"ks":{"o":{"a":0,"k":85,"ix":11},"r":{"a":0,"k":0,"ix":10},"p":{"a":0,"k":[165,200,0],"ix":2},"a":{"a":0,"k":[165,200,0],"ix":1},"s":{"a":0,"k":[100,100,100],"ix":6}},"ao":0,"w":330,"h":400,"ip":81,"op":320,"st":0,"bm":0},{"ddd":0,"ind":15,"ty":0,"nm":"guangshu1","refId":"comp_4","sr":1,"ks":{"o":{"a":0,"k":70,"ix":11},"r":{"a":0,"k":183,"ix":10},"p":{"a":0,"k":[127,208,0],"ix":2},"a":{"a":0,"k":[165,200,0],"ix":1},"s":{"a":0,"k":[120,120,100],"ix":6}},"ao":0,"w":330,"h":400,"ip":78,"op":324,"st":4,"bm":0},{"ddd":0,"ind":16,"ty":0,"nm":"guangshu1","refId":"comp_4","sr":1,"ks":{"o":{"a":0,"k":70,"ix":11},"r":{"a":0,"k":0,"ix":10},"p":{"a":0,"k":[165,200,0],"ix":2},"a":{"a":0,"k":[165,200,0],"ix":1},"s":{"a":0,"k":[100,100,100],"ix":6}},"ao":0,"w":330,"h":400,"ip":74,"op":320,"st":0,"bm":0},{"ddd":0,"ind":17,"ty":0,"nm":"light off","refId":"comp_5","sr":1,"ks":{"o":{"a":0,"k":90,"ix":11},"r":{"a":0,"k":0,"ix":10},"p":{"a":0,"k":[144.5,209,0],"ix":2},"a":{"a":0,"k":[165,150,0],"ix":1},"s":{"a":0,"k":[120,120,100],"ix":6}},"ao":0,"w":330,"h":300,"ip":88.5,"op":118.5,"st":88.5,"bm":0},{"ddd":0,"ind":18,"ty":0,"nm":"light off","refId":"comp_5","sr":1,"ks":{"o":{"a":0,"k":70,"ix":11},"r":{"a":0,"k":0,"ix":10},"p":{"a":0,"k":[144.5,209,0],"ix":2},"a":{"a":0,"k":[165,150,0],"ix":1},"s":{"a":0,"k":[120,120,100],"ix":6}},"ao":0,"w":330,"h":300,"ip":81.5,"op":111.5,"st":81.5,"bm":0},{"ddd":0,"ind":19,"ty":0,"nm":"light off","refId":"comp_5","sr":1,"ks":{"o":{"a":0,"k":50,"ix":11},"r":{"a":0,"k":0,"ix":10},"p":{"a":0,"k":[144.5,209,0],"ix":2},"a":{"a":0,"k":[165,150,0],"ix":1},"s":{"a":0,"k":[120,120,100],"ix":6}},"ao":0,"w":330,"h":300,"ip":74.5,"op":104.5,"st":74.5,"bm":0},{"ddd":0,"ind":20,"ty":0,"nm":"light off","refId":"comp_5","sr":1,"ks":{"o":{"a":0,"k":30,"ix":11},"r":{"a":0,"k":0,"ix":10},"p":{"a":0,"k":[144.5,209,0],"ix":2},"a":{"a":0,"k":[165,150,0],"ix":1},"s":{"a":0,"k":[120,120,100],"ix":6}},"ao":0,"w":330,"h":300,"ip":67.5,"op":97.5,"st":67.5,"bm":0}],"markers":[{"tm":30,"cm":"1","dr":0},{"tm":115,"cm":"2","dr":0}]}