{"v":"5.8.1","fr":20,"ip":0,"op":32,"w":1125,"h":636,"nm":"empty-light","ddd":0,"assets":[{"id":"image_0","w":84,"h":84,"u":"https://lf16-gecko-source.tiktokcdn.com/obj/byte-gurd-source-sg/tiktok/fe/live/tiktok_live_revenue_golden_envelope/resource/lotties/images/","p":"img_0.dcbdda3d.png","e":0},{"id":"image_1","w":78,"h":51,"u":"https://lf16-gecko-source.tiktokcdn.com/obj/byte-gurd-source-sg/tiktok/fe/live/tiktok_live_revenue_golden_envelope/resource/lotties/images/","p":"img_1.1ccba93c.png","e":0},{"id":"image_2","w":90,"h":97,"u":"https://lf16-gecko-source.tiktokcdn.com/obj/byte-gurd-source-sg/tiktok/fe/live/tiktok_live_revenue_golden_envelope/resource/lotties/images/","p":"img_2.64199c8e.png","e":0},{"id":"image_3","w":271,"h":157,"u":"https://lf16-gecko-source.tiktokcdn.com/obj/byte-gurd-source-sg/tiktok/fe/live/tiktok_live_revenue_golden_envelope/resource/lotties/images/","p":"img_3.091c38ce.png","e":0},{"id":"image_4","w":271,"h":132,"u":"https://lf16-gecko-source.tiktokcdn.com/obj/byte-gurd-source-sg/tiktok/fe/live/tiktok_live_revenue_golden_envelope/resource/lotties/images/","p":"img_4.84d0df9d.png","e":0},{"id":"image_5","w":271,"h":126,"u":"https://lf16-gecko-source.tiktokcdn.com/obj/byte-gurd-source-sg/tiktok/fe/live/tiktok_live_revenue_golden_envelope/resource/lotties/images/","p":"img_5.c76c270c.png","e":0},{"id":"image_6","w":42,"h":24,"u":"https://lf16-gecko-source.tiktokcdn.com/obj/byte-gurd-source-sg/tiktok/fe/live/tiktok_live_revenue_golden_envelope/resource/lotties/images/","p":"img_6.26c12c77.png","e":0},{"id":"image_7","w":66,"h":36,"u":"https://lf16-gecko-source.tiktokcdn.com/obj/byte-gurd-source-sg/tiktok/fe/live/tiktok_live_revenue_golden_envelope/resource/lotties/images/","p":"img_7.17508dd4.png","e":0},{"id":"image_8","w":1125,"h":636,"u":"https://lf16-gecko-source.tiktokcdn.com/obj/byte-gurd-source-sg/tiktok/fe/live/tiktok_live_revenue_golden_envelope/resource/lotties/images/","p":"img_8.9b02b6ee.png","e":0}],"layers":[{"ddd":0,"ind":1,"ty":2,"nm":"coin_right04","parent":3,"refId":"image_0","sr":1,"ks":{"o":{"a":0,"k":100,"ix":11},"r":{"a":0,"k":0,"ix":10},"p":{"a":1,"k":[{"i":{"x":0.58,"y":1},"o":{"x":0.333,"y":0},"t":20,"s":[286.482,215.811,0],"e":[286.5,203.875,0],"to":[0,0,0],"ti":[0,0,0]},{"i":{"x":0.6,"y":0.326},"o":{"x":0.26,"y":0},"t":22.223,"s":[286.5,203.875,0],"e":[286.482,215.811,0],"to":[0,0,0],"ti":[0,0,0]},{"t":23.3330078125}],"ix":2,"l":2},"a":{"a":0,"k":[42,42,0],"ix":1,"l":2},"s":{"a":0,"k":[100,100,100],"ix":6,"l":2}},"ao":0,"ip":0,"op":205,"st":-156,"bm":0},{"ddd":0,"ind":2,"ty":2,"nm":"coin_right03","parent":3,"refId":"image_1","sr":1,"ks":{"o":{"a":0,"k":100,"ix":11},"r":{"a":0,"k":0,"ix":10},"p":{"a":1,"k":[{"i":{"x":0.6,"y":1},"o":{"x":0.001,"y":0},"t":21.111,"s":[322.273,232.384,0],"e":[322.245,205.375,0],"to":[0,0,0],"ti":[0,0,0]},{"i":{"x":0.667,"y":1},"o":{"x":0.42,"y":0},"t":23.333,"s":[322.245,205.375,0],"e":[322.273,232.384,0],"to":[0,0,0],"ti":[0,0,0]},{"t":25.0003255208333}],"ix":2,"l":2},"a":{"a":0,"k":[39,25.5,0],"ix":1,"l":2},"s":{"a":0,"k":[100,100,100],"ix":6,"l":2}},"ao":0,"ip":0,"op":205,"st":-154.666666666667,"bm":0},{"ddd":0,"ind":3,"ty":3,"nm":"▽ treasure_box 2","sr":1,"ks":{"o":{"a":0,"k":100,"ix":11},"r":{"a":1,"k":[{"i":{"x":[0.999],"y":[1]},"o":{"x":[0.42],"y":[0]},"t":1.833,"s":[0],"e":[0.7]},{"i":{"x":[0.999],"y":[1]},"o":{"x":[0.42],"y":[0]},"t":3,"s":[0.7],"e":[-0.7]},{"i":{"x":[0.999],"y":[1]},"o":{"x":[0.42],"y":[0]},"t":4.166,"s":[-0.7],"e":[0.7]},{"i":{"x":[0.999],"y":[1]},"o":{"x":[0.42],"y":[0]},"t":5.333,"s":[0.7],"e":[-0.7]},{"i":{"x":[0.999],"y":[1]},"o":{"x":[0.42],"y":[0]},"t":6.5,"s":[-0.7],"e":[0.7]},{"i":{"x":[0.999],"y":[1]},"o":{"x":[0.42],"y":[0]},"t":7.666,"s":[0.7],"e":[0]},{"t":8.8330078125}],"ix":10},"p":{"a":0,"k":[562.5,585,0],"ix":2,"l":2},"a":{"a":0,"k":[135,258,0],"ix":1,"l":2},"s":{"a":0,"k":[100,100,100],"ix":6,"l":2}},"ao":0,"ip":0,"op":205,"st":-156,"bm":0},{"ddd":0,"ind":4,"ty":3,"nm":"▽ treasure_box","sr":1,"ks":{"o":{"a":0,"k":100,"ix":11},"r":{"a":1,"k":[{"i":{"x":[0.999],"y":[1]},"o":{"x":[0.42],"y":[0]},"t":0,"s":[0],"e":[6]},{"i":{"x":[0.999],"y":[1]},"o":{"x":[0.42],"y":[0]},"t":1.333,"s":[6],"e":[-4]},{"i":{"x":[0.999],"y":[1]},"o":{"x":[0.42],"y":[0]},"t":2.667,"s":[-4],"e":[6]},{"i":{"x":[0.999],"y":[1]},"o":{"x":[0.42],"y":[0]},"t":4,"s":[6],"e":[-6]},{"i":{"x":[0.999],"y":[1]},"o":{"x":[0.42],"y":[0]},"t":5.333,"s":[-6],"e":[5]},{"i":{"x":[0.999],"y":[1]},"o":{"x":[0.42],"y":[0]},"t":6.667,"s":[5],"e":[0]},{"t":8}],"ix":10},"p":{"a":0,"k":[562.5,585,0],"ix":2,"l":2},"a":{"a":0,"k":[135,258,0],"ix":1,"l":2},"s":{"a":1,"k":[{"i":{"x":[0.74,0.74,0.74],"y":[1,1,1]},"o":{"x":[0.4,0.4,0.4],"y":[0,0.8,0]},"t":8,"s":[100,100,100],"e":[100,70,100]},{"i":{"x":[0.999,0.999,0.999],"y":[1,1,1]},"o":{"x":[0.42,0.42,0.42],"y":[0,0,0]},"t":10.667,"s":[100,70,100],"e":[100,100,100]},{"i":{"x":[0.58,0.58,0.58],"y":[1,1,1]},"o":{"x":[0.001,0.001,0.001],"y":[0,0,0]},"t":12,"s":[100,100,100],"e":[80,110,100]},{"i":{"x":[0.6,0.6,0.6],"y":[1,0.2,1]},"o":{"x":[0.26,0.26,0.26],"y":[0,0,0]},"t":14,"s":[80,110,100],"e":[80,120.861,100]},{"i":{"x":[0.6,0.6,0.6],"y":[1,0.2,1]},"o":{"x":[0.26,0.26,0.26],"y":[0,0,0]},"t":15.333,"s":[80,120.861,100],"e":[80,138.804,100]},{"i":{"x":[0.6,0.6,0.6],"y":[0.2,0.2,1]},"o":{"x":[0.26,0.26,0.26],"y":[0,0,0]},"t":16.667,"s":[80,138.804,100],"e":[100,100,100]},{"t":20}],"ix":6,"l":2}},"ao":0,"ip":0,"op":32,"st":-156,"bm":0},{"ddd":0,"ind":5,"ty":3,"nm":"▽ up","parent":4,"sr":1,"ks":{"o":{"a":0,"k":0,"ix":11},"r":{"a":0,"k":0,"ix":10},"p":{"a":0,"k":[135,88.5,0],"ix":2,"l":2},"a":{"a":0,"k":[135,88.5,0],"ix":1,"l":2},"s":{"a":0,"k":[100,100,100],"ix":6,"l":2}},"ao":0,"ip":0,"op":32,"st":-156,"bm":0},{"ddd":0,"ind":6,"ty":2,"nm":"lock","parent":5,"refId":"image_2","sr":1,"ks":{"o":{"a":1,"k":[{"i":{"x":[0.833],"y":[0.833]},"o":{"x":[0.167],"y":[0.167]},"t":14,"s":[100],"e":[0]},{"t":15.3330078125}],"ix":11},"r":{"a":0,"k":0,"ix":10},"p":{"a":0,"k":[133.5,132,0],"ix":2,"l":2},"a":{"a":0,"k":[45,48.5,0],"ix":1,"l":2},"s":{"a":0,"k":[100,100,100],"ix":6,"l":2}},"ao":0,"ip":0,"op":32,"st":-156,"bm":0},{"ddd":0,"ind":7,"ty":2,"nm":"up_24-2981.png","cl":"png","parent":5,"refId":"image_3","sr":1,"ks":{"o":{"a":1,"k":[{"i":{"x":[0.833],"y":[0.833]},"o":{"x":[0.167],"y":[0.167]},"t":14,"s":[0],"e":[100]},{"t":15.333984375}],"ix":11},"r":{"a":0,"k":0,"ix":10},"p":{"a":0,"k":[135,53.559,0],"ix":2,"l":2},"a":{"a":0,"k":[135.5,78.5,0],"ix":1,"l":2},"s":{"a":0,"k":[100,100,100],"ix":6,"l":2}},"ao":0,"ip":14,"op":203,"st":-2,"bm":0},{"ddd":0,"ind":8,"ty":2,"nm":"up","parent":5,"refId":"image_4","sr":1,"ks":{"o":{"a":1,"k":[{"i":{"x":[0.833],"y":[0.833]},"o":{"x":[0.167],"y":[0.167]},"t":14,"s":[100],"e":[0]},{"t":15.3330078125}],"ix":11},"r":{"a":0,"k":0,"ix":10},"p":{"a":0,"k":[135,66,0],"ix":2,"l":2},"a":{"a":0,"k":[135.5,66,0],"ix":1,"l":2},"s":{"a":0,"k":[100,100,100],"ix":6,"l":2}},"ao":0,"ip":0,"op":32,"st":-156,"bm":0},{"ddd":0,"ind":9,"ty":2,"nm":"bottom","parent":4,"refId":"image_5","sr":1,"ks":{"o":{"a":0,"k":100,"ix":11},"r":{"a":0,"k":0,"ix":10},"p":{"a":0,"k":[135,195,0],"ix":2,"l":2},"a":{"a":0,"k":[135.5,63,0],"ix":1,"l":2},"s":{"a":0,"k":[100,100,100],"ix":6,"l":2}},"ao":0,"ip":0,"op":32,"st":-156,"bm":0},{"ddd":0,"ind":11,"ty":2,"nm":"coin_left04","parent":3,"refId":"image_6","sr":1,"ks":{"o":{"a":0,"k":100,"ix":11},"r":{"a":0,"k":0,"ix":10},"p":{"a":1,"k":[{"i":{"x":0.667,"y":0.989},"o":{"x":0.333,"y":0.009},"t":0,"s":[-49.544,245.858,0],"e":[-52.544,245.858,0],"to":[0,0,0],"ti":[0,0,0]},{"i":{"x":0.667,"y":1},"o":{"x":0.333,"y":0},"t":20,"s":[-52.544,245.858,0],"e":[-52.5,225.875,0],"to":[0,0,0],"ti":[0,0,0]},{"i":{"x":0.667,"y":1},"o":{"x":0.333,"y":0},"t":22.223,"s":[-52.5,225.875,0],"e":[-52.544,245.858,0],"to":[0,0,0],"ti":[0,0,0]},{"t":23.3330078125}],"ix":2,"l":2},"a":{"a":0,"k":[21,12,0],"ix":1,"l":2},"s":{"a":0,"k":[100,100,100],"ix":6,"l":2}},"ao":0,"ip":0,"op":205,"st":-156,"bm":0},{"ddd":0,"ind":12,"ty":2,"nm":"coin_left03","parent":3,"refId":"image_7","sr":1,"ks":{"o":{"a":0,"k":100,"ix":11},"r":{"a":0,"k":0,"ix":10},"p":{"a":1,"k":[{"i":{"x":0.667,"y":0.992},"o":{"x":0.333,"y":0.007},"t":0,"s":[-7.516,227.853,0],"e":[-10.516,227.853,0],"to":[0,0,0],"ti":[0,0,0]},{"i":{"x":0.667,"y":1},"o":{"x":0.333,"y":0.001},"t":20.556,"s":[-10.516,227.853,0],"e":[-10.501,222.875,0],"to":[0,0,0],"ti":[0,0,0]},{"i":{"x":0.667,"y":1},"o":{"x":0.333,"y":0},"t":22.778,"s":[-10.501,222.875,0],"e":[-10.516,227.853,0],"to":[0,0,0],"ti":[0,0,0]},{"t":23.888671875}],"ix":2,"l":2},"a":{"a":0,"k":[33,18,0],"ix":1,"l":2},"s":{"a":0,"k":[100,100,100],"ix":6,"l":2}},"ao":0,"ip":0,"op":205,"st":-154,"bm":0},{"ddd":0,"ind":13,"ty":4,"nm":"shadow","sr":1,"ks":{"o":{"a":0,"k":60,"ix":11},"r":{"a":0,"k":0,"ix":10},"p":{"a":0,"k":[561,587.875,0],"ix":2,"l":2},"a":{"a":0,"k":[0,0,0],"ix":1,"l":2},"s":{"a":0,"k":[100,100,100],"ix":6,"l":2}},"ao":0,"shapes":[{"ty":"gr","it":[{"d":1,"ty":"el","s":{"a":0,"k":[156,10],"ix":2},"p":{"a":0,"k":[0,0],"ix":3},"nm":"Ellipse Path 1","mn":"ADBE Vector Shape - Ellipse","hd":false},{"ty":"fl","c":{"a":0,"k":[0.874509803922,0.956862745098,1,1],"ix":4},"o":{"a":0,"k":100,"ix":5},"r":1,"bm":0,"nm":"Fill 1","mn":"ADBE Vector Graphic - Fill","hd":false},{"ty":"tr","p":{"a":0,"k":[0,-2.5],"ix":2},"a":{"a":0,"k":[0,0],"ix":1},"s":{"a":0,"k":[300,300],"ix":3},"r":{"a":0,"k":0,"ix":6},"o":{"a":0,"k":100,"ix":7},"sk":{"a":0,"k":0,"ix":4},"sa":{"a":0,"k":0,"ix":5},"nm":"Transform"}],"nm":"shadow","np":2,"cix":2,"bm":0,"ix":1,"mn":"ADBE Vector Group","hd":false}],"ip":0,"op":32,"st":-152.666666666667,"bm":0},{"ddd":0,"ind":14,"ty":2,"nm":"lingxing.png","cl":"png","refId":"image_8","sr":1,"ks":{"o":{"a":0,"k":100,"ix":11},"r":{"a":0,"k":0,"ix":10},"p":{"a":0,"k":[562.5,318,0],"ix":2,"l":2},"a":{"a":0,"k":[562.5,318,0],"ix":1,"l":2},"s":{"a":0,"k":[100,100,100],"ix":6,"l":2}},"ao":0,"ip":0,"op":32,"st":0,"bm":0}],"markers":[{"tm":-143.3330078125,"cm":"box appear","dr":0},{"tm":-132.6669921875,"cm":"001_start_coin&light_appear\r","dr":0},{"tm":-72,"cm":"001_end","dr":0},{"tm":0,"cm":"shake_start","dr":0},{"tm":8,"cm":"floor_start","dr":0},{"tm":14,"cm":"open_start","dr":0},{"tm":15.3330078125,"cm":"open_end","dr":0},{"tm":20,"cm":"box_end","dr":0},{"tm":31,"cm":"coin_end","dr":0},{"tm":204,"cm":"lottie002_end","dr":0}]}