{"v":"5.6.9","fr":50,"ip":0,"op":29,"w":120,"h":120,"nm":"bg","ddd":0,"assets":[{"id":"image_0","w":120,"h":120,"u":"https://lf16-gecko-source.tiktokcdn.com/obj/byte-gurd-source-sg/tiktok/fe/live/tiktok_live_revenue_golden_envelope/resource/lotties/images/","p":"img_0.5e73f786.png","e":0},{"id":"image_1","w":144,"h":144,"u":"https://lf16-gecko-source.tiktokcdn.com/obj/byte-gurd-source-sg/tiktok/fe/live/tiktok_live_revenue_golden_envelope/resource/lotties/images/","p":"img_1.ebd24625.png","e":0},{"id":"image_2","w":120,"h":120,"u":"https://lf16-gecko-source.tiktokcdn.com/obj/byte-gurd-source-sg/tiktok/fe/live/tiktok_live_revenue_golden_envelope/resource/lotties/images/","p":"img_2.df51d9d5.png","e":0}],"layers":[{"ddd":0,"ind":1,"ty":2,"nm":"bg_b.png","cl":"png","parent":3,"td":1,"refId":"image_0","sr":1,"ks":{"o":{"a":0,"k":100,"ix":11},"r":{"a":0,"k":0,"ix":10},"p":{"a":0,"k":[60,60,0],"ix":2},"a":{"a":0,"k":[60,60,0],"ix":1},"s":{"a":0,"k":[100,100,100],"ix":6}},"ao":0,"ip":0,"op":29,"st":0,"bm":0},{"ddd":0,"ind":2,"ty":2,"nm":"icon_small.png","cl":"png","tt":1,"refId":"image_1","sr":1,"ks":{"o":{"a":0,"k":100,"ix":11},"r":{"a":0,"k":0,"ix":10},"p":{"a":1,"k":[{"i":{"x":0.4,"y":1},"o":{"x":0.333,"y":0},"t":5,"s":[-120,120,0],"e":[-18,6,0],"to":[0,0,0],"ti":[0,0,0]},{"i":{"x":0.4,"y":1},"o":{"x":0.2,"y":0},"t":19,"s":[-18,6,0],"e":[-24,12,0],"to":[0,0,0],"ti":[0,0,0]},{"t":28}],"ix":2},"a":{"a":0,"k":[0,0,0],"ix":1},"s":{"a":0,"k":[100,100,100],"ix":6}},"ao":0,"ip":0,"op":29,"st":0,"bm":0},{"ddd":0,"ind":3,"ty":2,"nm":"bg.png","cl":"png","refId":"image_2","sr":1,"ks":{"o":{"a":0,"k":100,"ix":11},"r":{"a":0,"k":0,"ix":10},"p":{"a":0,"k":[60,60,0],"ix":2},"a":{"a":0,"k":[60,60,0],"ix":1},"s":{"a":1,"k":[{"i":{"x":[0.3,0.3,0.667],"y":[1,1,1]},"o":{"x":[0.333,0.333,0.333],"y":[0,0,0]},"t":0,"s":[0,0,100],"e":[100,100,100]},{"t":15}],"ix":6}},"ao":0,"ip":0,"op":29,"st":0,"bm":0}],"markers":[]}