{"pia_version":"1.0","build_time":1716448508351,"build_id":"408d76b7","public_path":"/obj/byte-gurd-source-sg/tiktok/fe/live/fe_tiktok_ecommerce_search_feedback/","name":"@e-commerce/search-feedback","description":"e-commerce search feedback","worker":true,"pages":{"search-feedback":{"filePath":"search-feedback.html","predictors":[{"rel":"auto","href":"assets/js/pia-runtime-5UNTIMNQ.js"},{"rel":"auto","href":"assets/js/search-feedback-82a44517.js"},{"rel":"auto","href":"assets/js/search-feedback-82a44517-text.js"},{"rel":"auto","href":"assets/js/search-feedback-LMDUMLA3.css"},{"rel":"auto","href":"https://lf19-gecko-source.tiktokcdn.com/obj/byte-gurd-source-sg/tiktok/fe/common/gando_libs/react_v17.0.2.js"},{"rel":"auto","href":"https://lf19-gecko-source.tiktokcdn.com/obj/byte-gurd-source-sg/tiktok/fe/common/gando_libs/react-dom_v17.0.2.js"}]}}}