{"v":"5.9.6","fr":25,"ip":0,"op":100,"w":777,"h":776,"nm":"light","ddd":0,"assets":[{"id":"star","w":23,"h":25,"u":"https://lf19-gecko-source.tiktokcdn.com/obj/byte-gurd-source-sg/tiktok/fe/live/tiktok_live_ecommerce_shop_showcase/resource/lotties/images/","p":"star.d8023bd9.png","e":0},{"id":"yellow","w":74,"h":74,"u":"https://lf19-gecko-source.tiktokcdn.com/obj/byte-gurd-source-sg/tiktok/fe/live/tiktok_live_ecommerce_shop_showcase/resource/lotties/images/","p":"yellow.22160388.png","e":0},{"id":"coupon","w":750,"h":750,"u":"","p":"%s","e":0},{"id":"light","w":777,"h":776,"u":"https://lf19-gecko-source.tiktokcdn.com/obj/byte-gurd-source-sg/tiktok/fe/live/tiktok_live_ecommerce_shop_showcase/resource/lotties/images/","p":"light.861efec4.png","e":0}],"layers":[{"ddd":0,"ind":1,"ty":2,"nm":"star.png","cl":"png","refId":"star","sr":1,"ks":{"o":{"a":0,"k":100,"ix":11},"r":{"a":0,"k":0,"ix":10},"p":{"a":0,"k":[148.5,176,0],"ix":2,"l":2},"a":{"a":0,"k":[11.5,12.5,0],"ix":1,"l":2},"s":{"a":1,"k":[{"i":{"x":[0.833,0.833,0.833],"y":[0.833,0.833,0.833]},"o":{"x":[0.167,0.167,0.167],"y":[0.167,0.167,0.167]},"t":0,"s":[0,0,100]},{"i":{"x":[0.833,0.833,0.833],"y":[0.833,0.833,0.833]},"o":{"x":[0.167,0.167,0.167],"y":[0.167,0.167,0.167]},"t":25,"s":[100,100,100]},{"i":{"x":[0.833,0.833,0.833],"y":[0.833,0.833,0.833]},"o":{"x":[0.167,0.167,0.167],"y":[0.167,0.167,0.167]},"t":50,"s":[0,0,100]},{"i":{"x":[0.833,0.833,0.833],"y":[0.833,0.833,0.833]},"o":{"x":[0.167,0.167,0.167],"y":[0.167,0.167,0.167]},"t":75,"s":[100,100,100]},{"t":100,"s":[0,0,100]}],"ix":6,"l":2}},"ao":0,"ip":0,"op":750,"st":0,"bm":0},{"ddd":0,"ind":2,"ty":2,"nm":"yellow.png","cl":"png","refId":"yellow","sr":1,"ks":{"o":{"a":0,"k":100,"ix":11},"r":{"a":0,"k":0,"ix":10},"p":{"a":1,"k":[{"i":{"x":0.833,"y":0.833},"o":{"x":0.167,"y":0.167},"t":0,"s":[155.5,255,0],"to":[-4.05,-2.7,0],"ti":[0,0,0]},{"i":{"x":0.833,"y":0.833},"o":{"x":0.167,"y":0.167},"t":25,"s":[125.5,235,0],"to":[0,0,0],"ti":[0,0,0]},{"i":{"x":0.833,"y":0.833},"o":{"x":0.167,"y":0.167},"t":50,"s":[155.5,255,0],"to":[0,0,0],"ti":[0,0,0]},{"i":{"x":0.833,"y":0.833},"o":{"x":0.167,"y":0.167},"t":75,"s":[125.5,235,0],"to":[0,0,0],"ti":[-5,-3.333,0]},{"t":100,"s":[155.5,255,0]}],"ix":2,"l":2},"a":{"a":0,"k":[37,37,0],"ix":1,"l":2},"s":{"a":1,"k":[{"i":{"x":[0.833,0.833,0.833],"y":[0.833,0.833,0.833]},"o":{"x":[0.167,0.167,0.167],"y":[0.167,0.167,0.167]},"t":0,"s":[70,70,100]},{"i":{"x":[0.833,0.833,0.833],"y":[0.833,0.833,0.833]},"o":{"x":[0.167,0.167,0.167],"y":[0.167,0.167,0.167]},"t":25,"s":[100,100,100]},{"i":{"x":[0.833,0.833,0.833],"y":[0.833,0.833,0.833]},"o":{"x":[0.167,0.167,0.167],"y":[0.167,0.167,0.167]},"t":50,"s":[70,70,100]},{"i":{"x":[0.833,0.833,0.833],"y":[0.833,0.833,0.833]},"o":{"x":[0.167,0.167,0.167],"y":[0.167,0.167,0.167]},"t":75,"s":[100,100,100]},{"t":100,"s":[70,70,100]}],"ix":6,"l":2}},"ao":0,"ip":0,"op":750,"st":0,"bm":0},{"ddd":0,"ind":3,"ty":2,"nm":"star.png","cl":"png","refId":"star","sr":1,"ks":{"o":{"a":0,"k":100,"ix":11},"r":{"a":0,"k":0,"ix":10},"p":{"a":0,"k":[622.5,257,0],"ix":2,"l":2},"a":{"a":0,"k":[11.5,12.5,0],"ix":1,"l":2},"s":{"a":1,"k":[{"i":{"x":[0.833,0.833,0.833],"y":[0.833,0.833,0.833]},"o":{"x":[0.167,0.167,0.167],"y":[0.167,0.167,0.167]},"t":0,"s":[100,100,100]},{"i":{"x":[0.833,0.833,0.833],"y":[0.833,0.833,0.833]},"o":{"x":[0.167,0.167,0.167],"y":[0.167,0.167,0.167]},"t":25,"s":[10,10,100]},{"i":{"x":[0.833,0.833,0.833],"y":[0.833,0.833,0.833]},"o":{"x":[0.167,0.167,0.167],"y":[0.167,0.167,0.167]},"t":50,"s":[100,100,100]},{"i":{"x":[0.833,0.833,0.833],"y":[0.833,0.833,0.833]},"o":{"x":[0.167,0.167,0.167],"y":[0.167,0.167,0.167]},"t":75,"s":[10,0,100]},{"t":100,"s":[100,100,100]}],"ix":6,"l":2}},"ao":0,"ip":0,"op":750,"st":0,"bm":0},{"ddd":0,"ind":4,"ty":2,"nm":"yellow.png","cl":"png","refId":"yellow","sr":1,"ks":{"o":{"a":0,"k":100,"ix":11},"r":{"a":0,"k":0,"ix":10},"p":{"a":1,"k":[{"i":{"x":0.833,"y":0.833},"o":{"x":0.167,"y":0.167},"t":0,"s":[618.5,203,0],"to":[5,-3.333,0],"ti":[0,0,0]},{"i":{"x":0.833,"y":0.833},"o":{"x":0.167,"y":0.167},"t":25,"s":[648.5,183,0],"to":[0,0,0],"ti":[0,0,0]},{"i":{"x":0.833,"y":0.833},"o":{"x":0.167,"y":0.167},"t":50,"s":[618.5,203,0],"to":[0,0,0],"ti":[0,0,0]},{"i":{"x":0.833,"y":0.833},"o":{"x":0.167,"y":0.167},"t":75,"s":[648.5,183,0],"to":[0,0,0],"ti":[5,-3.333,0]},{"t":100,"s":[618.5,203,0]}],"ix":2,"l":2},"a":{"a":0,"k":[37,37,0],"ix":1,"l":2},"s":{"a":1,"k":[{"i":{"x":[0.833,0.833,0.833],"y":[0.833,0.833,0.833]},"o":{"x":[0.167,0.167,0.167],"y":[0.167,0.167,0.167]},"t":0,"s":[-70,70,100]},{"i":{"x":[0.833,0.833,0.833],"y":[0.833,0.833,0.833]},"o":{"x":[0.167,0.167,0.167],"y":[0.167,0.167,0.167]},"t":25,"s":[-100,100,100]},{"i":{"x":[0.833,0.833,0.833],"y":[0.833,0.833,0.833]},"o":{"x":[0.167,0.167,0.167],"y":[0.167,0.167,0.167]},"t":50,"s":[-70,70,100]},{"i":{"x":[0.833,0.833,0.833],"y":[0.833,0.833,0.833]},"o":{"x":[0.167,0.167,0.167],"y":[0.167,0.167,0.167]},"t":75,"s":[-100,100,100]},{"t":100,"s":[-70,70,100]}],"ix":6,"l":2}},"ao":0,"ip":0,"op":750,"st":0,"bm":0},{"ddd":0,"ind":5,"ty":2,"nm":"coupon.png","cl":"png","refId":"coupon","sr":1,"ks":{"o":{"a":0,"k":100,"ix":11},"r":{"a":0,"k":0,"ix":10},"p":{"a":0,"k":[388.5,389,0],"ix":2,"l":2},"a":{"a":0,"k":[375,375,0],"ix":1,"l":2},"s":{"a":0,"k":[100,100,100],"ix":6,"l":2}},"ao":0,"ip":0,"op":750,"st":0,"bm":0},{"ddd":0,"ind":6,"ty":2,"nm":"light.png","cl":"png","refId":"light","sr":1,"ks":{"o":{"a":0,"k":100,"ix":11},"r":{"a":1,"k":[{"i":{"x":[0.833],"y":[0.833]},"o":{"x":[0.167],"y":[0.167]},"t":0,"s":[0]},{"t":100,"s":[270]}],"ix":10},"p":{"a":0,"k":[388.5,388,0],"ix":2,"l":2},"a":{"a":0,"k":[388.5,388,0],"ix":1,"l":2},"s":{"a":1,"k":[{"i":{"x":[0.833,0.833,0.833],"y":[0.833,0.833,0.833]},"o":{"x":[0.167,0.167,0.167],"y":[0.167,0.167,0.167]},"t":0,"s":[100,100,100]},{"i":{"x":[0.833,0.833,0.833],"y":[0.833,0.833,0.833]},"o":{"x":[0.167,0.167,0.167],"y":[0.167,0.167,0.167]},"t":50,"s":[85,85,100]},{"t":100,"s":[100,100,100]}],"ix":6,"l":2}},"ao":0,"ip":0,"op":750,"st":0,"bm":0}],"markers":[]}