{"v":"5.8.1","fr":60,"ip":0,"op":72,"w":24,"h":24,"nm":"wave_dark_tux_lottie","ddd":0,"assets":[],"layers":[{"ddd":0,"ind":1,"ty":3,"nm":"scale","sr":1,"ks":{"o":{"a":0,"k":0,"ix":11},"r":{"a":0,"k":0,"ix":10},"p":{"a":0,"k":[12,12,0],"ix":2,"l":2},"a":{"a":0,"k":[50,50,0],"ix":1,"l":2},"s":{"a":0,"k":[33.3,33.3,100],"ix":6,"l":2}},"ao":0,"ip":0,"op":72,"st":0,"bm":0},{"ddd":0,"ind":2,"ty":4,"nm":"l5","parent":1,"sr":1,"ks":{"o":{"a":0,"k":100,"ix":11},"r":{"a":0,"k":0,"ix":10},"p":{"a":0,"k":[74,49.25,0],"ix":2,"l":2},"a":{"a":0,"k":[20,11.75,0],"ix":1,"l":2},"s":{"a":0,"k":[300,300,100],"ix":6,"l":2}},"ao":0,"shapes":[{"ty":"gr","it":[{"ind":0,"ty":"sh","ix":1,"ks":{"a":1,"k":[{"i":{"x":0.833,"y":0.833},"o":{"x":0.167,"y":0.167},"t":0,"s":[{"i":[[0,0],[0,-0.276],[0,0],[0.276,0],[0,0],[0,0.276],[0,0],[-0.276,0]],"o":[[0.276,0],[0,0],[0,0.276],[0,0],[-0.276,0],[0,0],[0,-0.276],[0,0]],"v":[[0.5,-3.25],[1,-2.75],[1,2.75],[0.5,3.25],[-0.5,3.25],[-1,2.75],[-1,-2.75],[-0.5,-3.25]],"c":true}],"e":[{"i":[[0,0],[0,-0.276],[0,0],[0.276,0],[0,0],[0,0.276],[0,0],[-0.276,0]],"o":[[0.276,0],[0,0],[0,0.276],[0,0],[-0.276,0],[0,0],[0,-0.276],[0,0]],"v":[[0.5,-3.042],[1,-2.542],[1,2.542],[0.5,3.042],[-0.5,3.042],[-1,2.542],[-1,-2.542],[-0.5,-3.042]],"c":true}]},{"i":{"x":0.833,"y":0.833},"o":{"x":0.167,"y":0.167},"t":12,"s":[{"i":[[0,0],[0,-0.276],[0,0],[0.276,0],[0,0],[0,0.276],[0,0],[-0.276,0]],"o":[[0.276,0],[0,0],[0,0.276],[0,0],[-0.276,0],[0,0],[0,-0.276],[0,0]],"v":[[0.5,-3.042],[1,-2.542],[1,2.542],[0.5,3.042],[-0.5,3.042],[-1,2.542],[-1,-2.542],[-0.5,-3.042]],"c":true}],"e":[{"i":[[0,0],[0,-0.276],[0,0],[0.276,0],[0,0],[0,0.276],[0,0],[-0.276,0]],"o":[[0.276,0],[0,0],[0,0.276],[0,0],[-0.276,0],[0,0],[0,-0.276],[0,0]],"v":[[0.5,-4.656],[1,-4.156],[1,4.26],[0.5,4.76],[-0.5,4.76],[-1,4.26],[-1,-4.156],[-0.5,-4.656]],"c":true}]},{"i":{"x":0.833,"y":0.833},"o":{"x":0.167,"y":0.167},"t":24,"s":[{"i":[[0,0],[0,-0.276],[0,0],[0.276,0],[0,0],[0,0.276],[0,0],[-0.276,0]],"o":[[0.276,0],[0,0],[0,0.276],[0,0],[-0.276,0],[0,0],[0,-0.276],[0,0]],"v":[[0.5,-4.656],[1,-4.156],[1,4.26],[0.5,4.76],[-0.5,4.76],[-1,4.26],[-1,-4.156],[-0.5,-4.656]],"c":true}],"e":[{"i":[[0,0],[0,-0.276],[0,0],[0.276,0],[0,0],[0,0.276],[0,0],[-0.276,0]],"o":[[0.276,0],[0,0],[0,0.276],[0,0],[-0.276,0],[0,0],[0,-0.276],[0,0]],"v":[[0.5,-3.042],[1,-2.542],[1,2.594],[0.5,3.094],[-0.5,3.094],[-1,2.594],[-1,-2.542],[-0.5,-3.042]],"c":true}]},{"i":{"x":0.833,"y":0.833},"o":{"x":0.167,"y":0.167},"t":36,"s":[{"i":[[0,0],[0,-0.276],[0,0],[0.276,0],[0,0],[0,0.276],[0,0],[-0.276,0]],"o":[[0.276,0],[0,0],[0,0.276],[0,0],[-0.276,0],[0,0],[0,-0.276],[0,0]],"v":[[0.5,-3.042],[1,-2.542],[1,2.594],[0.5,3.094],[-0.5,3.094],[-1,2.594],[-1,-2.542],[-0.5,-3.042]],"c":true}],"e":[{"i":[[0,0],[0,-0.276],[0,0],[0.276,0],[0,0],[0,0.276],[0,0],[-0.276,0]],"o":[[0.276,0],[0,0],[0,0.276],[0,0],[-0.276,0],[0,0],[0,-0.276],[0,0]],"v":[[0.5,-1.74],[1,-1.24],[1,1.396],[0.5,1.896],[-0.5,1.896],[-1,1.396],[-1,-1.24],[-0.5,-1.74]],"c":true}]},{"i":{"x":0.833,"y":0.833},"o":{"x":0.167,"y":0.167},"t":48,"s":[{"i":[[0,0],[0,-0.276],[0,0],[0.276,0],[0,0],[0,0.276],[0,0],[-0.276,0]],"o":[[0.276,0],[0,0],[0,0.276],[0,0],[-0.276,0],[0,0],[0,-0.276],[0,0]],"v":[[0.5,-1.74],[1,-1.24],[1,1.396],[0.5,1.896],[-0.5,1.896],[-1,1.396],[-1,-1.24],[-0.5,-1.74]],"c":true}],"e":[{"i":[[0,0],[0,-0.276],[0,0],[0.276,0],[0,0],[0,0.276],[0,0],[-0.276,0]],"o":[[0.276,0],[0,0],[0,0.276],[0,0],[-0.276,0],[0,0],[0,-0.276],[0,0]],"v":[[0.5,-3.094],[1,-2.594],[1,2.594],[0.5,3.094],[-0.5,3.094],[-1,2.594],[-1,-2.594],[-0.5,-3.094]],"c":true}]},{"i":{"x":0.833,"y":0.833},"o":{"x":0.167,"y":0.167},"t":60,"s":[{"i":[[0,0],[0,-0.276],[0,0],[0.276,0],[0,0],[0,0.276],[0,0],[-0.276,0]],"o":[[0.276,0],[0,0],[0,0.276],[0,0],[-0.276,0],[0,0],[0,-0.276],[0,0]],"v":[[0.5,-3.094],[1,-2.594],[1,2.594],[0.5,3.094],[-0.5,3.094],[-1,2.594],[-1,-2.594],[-0.5,-3.094]],"c":true}],"e":[{"i":[[0,0],[0,-0.276],[0,0],[0.276,0],[0,0],[0,0.276],[0,0],[-0.276,0]],"o":[[0.276,0],[0,0],[0,0.276],[0,0],[-0.276,0],[0,0],[0,-0.276],[0,0]],"v":[[0.5,-3.25],[1,-2.75],[1,2.75],[0.5,3.25],[-0.5,3.25],[-1,2.75],[-1,-2.75],[-0.5,-3.25]],"c":true}]},{"t":72}],"ix":2},"nm":"Path 1","mn":"ADBE Vector Shape - Group","hd":false},{"ty":"fl","c":{"a":0,"k":[1,1,1,1],"ix":4},"o":{"a":0,"k":100,"ix":5},"r":1,"bm":0,"nm":"Fill 1","mn":"ADBE Vector Graphic - Fill","hd":false},{"ty":"tr","p":{"a":0,"k":[20,11.75],"ix":2},"a":{"a":0,"k":[0,0],"ix":1},"s":{"a":0,"k":[100,100],"ix":3},"r":{"a":0,"k":0,"ix":6},"o":{"a":0,"k":100,"ix":7},"sk":{"a":0,"k":0,"ix":4},"sa":{"a":0,"k":0,"ix":5},"nm":"Transform"}],"nm":"Group 5","np":2,"cix":2,"bm":0,"ix":1,"mn":"ADBE Vector Group","hd":false}],"ip":0,"op":72,"st":0,"bm":0},{"ddd":0,"ind":3,"ty":4,"nm":"l4","parent":1,"sr":1,"ks":{"o":{"a":0,"k":100,"ix":11},"r":{"a":0,"k":0,"ix":10},"p":{"a":0,"k":[62,51,0],"ix":2,"l":2},"a":{"a":0,"k":[16,12,0],"ix":1,"l":2},"s":{"a":0,"k":[300,300,100],"ix":6,"l":2}},"ao":0,"shapes":[{"ty":"gr","it":[{"ind":0,"ty":"sh","ix":1,"ks":{"a":1,"k":[{"i":{"x":0.833,"y":0.833},"o":{"x":0.167,"y":0.167},"t":0,"s":[{"i":[[0,0],[0.276,0],[0,0],[0,-0.276],[0,0],[-0.276,0],[0,0],[0,0.276]],"o":[[0,-0.276],[0,0],[-0.276,0],[0,0],[0,0.276],[0,0],[0.276,0],[0,0]],"v":[[1,-8],[0.5,-8.5],[-0.5,-8.5],[-1,-8],[-1,8],[-0.5,8.5],[0.5,8.5],[1,8]],"c":true}],"e":[{"i":[[0,0],[0.276,0],[0,0],[0,-0.276],[0,0],[-0.276,0],[0,0],[0,0.276]],"o":[[0,-0.276],[0,0],[-0.276,0],[0,0],[0,0.276],[0,0],[0.276,0],[0,0]],"v":[[1,-3.469],[0.5,-3.969],[-0.5,-3.969],[-1,-3.469],[-1,2.167],[-0.5,2.667],[0.5,2.667],[1,2.167]],"c":true}]},{"i":{"x":0.833,"y":0.833},"o":{"x":0.167,"y":0.167},"t":12,"s":[{"i":[[0,0],[0.276,0],[0,0],[0,-0.276],[0,0],[-0.276,0],[0,0],[0,0.276]],"o":[[0,-0.276],[0,0],[-0.276,0],[0,0],[0,0.276],[0,0],[0.276,0],[0,0]],"v":[[1,-3.469],[0.5,-3.969],[-0.5,-3.969],[-1,-3.469],[-1,2.167],[-0.5,2.667],[0.5,2.667],[1,2.167]],"c":true}],"e":[{"i":[[0,0],[0.276,0],[0,0],[0,-0.276],[0,0],[-0.276,0],[0,0],[0,0.276]],"o":[[0,-0.276],[0,0],[-0.276,0],[0,0],[0,0.276],[0,0],[0.276,0],[0,0]],"v":[[1,-10.083],[0.5,-10.583],[-0.5,-10.583],[-1,-10.083],[-1,9.042],[-0.5,9.542],[0.5,9.542],[1,9.042]],"c":true}]},{"i":{"x":0.833,"y":0.833},"o":{"x":0.167,"y":0.167},"t":24,"s":[{"i":[[0,0],[0.276,0],[0,0],[0,-0.276],[0,0],[-0.276,0],[0,0],[0,0.276]],"o":[[0,-0.276],[0,0],[-0.276,0],[0,0],[0,0.276],[0,0],[0.276,0],[0,0]],"v":[[1,-10.083],[0.5,-10.583],[-0.5,-10.583],[-1,-10.083],[-1,9.042],[-0.5,9.542],[0.5,9.542],[1,9.042]],"c":true}],"e":[{"i":[[0,0],[0.276,0],[0,0],[0,-0.276],[0,0],[-0.276,0],[0,0],[0,0.276]],"o":[[0,-0.276],[0,0],[-0.276,0],[0,0],[0,0.276],[0,0],[0.276,0],[0,0]],"v":[[1,-3.313],[0.5,-3.813],[-0.5,-3.813],[-1,-3.313],[-1,2.102],[-0.5,2.602],[0.5,2.602],[1,2.102]],"c":true}]},{"i":{"x":0.833,"y":0.833},"o":{"x":0.167,"y":0.167},"t":36,"s":[{"i":[[0,0],[0.276,0],[0,0],[0,-0.276],[0,0],[-0.276,0],[0,0],[0,0.276]],"o":[[0,-0.276],[0,0],[-0.276,0],[0,0],[0,0.276],[0,0],[0.276,0],[0,0]],"v":[[1,-3.313],[0.5,-3.813],[-0.5,-3.813],[-1,-3.313],[-1,2.102],[-0.5,2.602],[0.5,2.602],[1,2.102]],"c":true}],"e":[{"i":[[0,0],[0.276,0],[0,0],[0,-0.276],[0,0],[-0.276,0],[0,0],[0,0.276]],"o":[[0,-0.276],[0,0],[-0.276,0],[0,0],[0,0.276],[0,0],[0.276,0],[0,0]],"v":[[1,-4.823],[0.5,-5.323],[-0.5,-5.323],[-1,-4.823],[-1,3.834],[-0.5,4.334],[0.5,4.334],[1,3.834]],"c":true}]},{"i":{"x":0.833,"y":0.833},"o":{"x":0.167,"y":0.167},"t":48,"s":[{"i":[[0,0],[0.276,0],[0,0],[0,-0.276],[0,0],[-0.276,0],[0,0],[0,0.276]],"o":[[0,-0.276],[0,0],[-0.276,0],[0,0],[0,0.276],[0,0],[0.276,0],[0,0]],"v":[[1,-4.823],[0.5,-5.323],[-0.5,-5.323],[-1,-4.823],[-1,3.834],[-0.5,4.334],[0.5,4.334],[1,3.834]],"c":true}],"e":[{"i":[[0,0],[0.276,0],[0,0],[0,-0.276],[0,0],[-0.276,0],[0,0],[0,0.276]],"o":[[0,-0.276],[0,0],[-0.276,0],[0,0],[0,0.276],[0,0],[0.276,0],[0,0]],"v":[[1,-6.333],[0.5,-6.833],[-0.5,-6.833],[-1,-6.333],[-1,5.136],[-0.5,5.636],[0.5,5.636],[1,5.136]],"c":true}]},{"i":{"x":0.833,"y":0.833},"o":{"x":0.167,"y":0.167},"t":60,"s":[{"i":[[0,0],[0.276,0],[0,0],[0,-0.276],[0,0],[-0.276,0],[0,0],[0,0.276]],"o":[[0,-0.276],[0,0],[-0.276,0],[0,0],[0,0.276],[0,0],[0.276,0],[0,0]],"v":[[1,-6.333],[0.5,-6.833],[-0.5,-6.833],[-1,-6.333],[-1,5.136],[-0.5,5.636],[0.5,5.636],[1,5.136]],"c":true}],"e":[{"i":[[0,0],[0.276,0],[0,0],[0,-0.276],[0,0],[-0.276,0],[0,0],[0,0.276]],"o":[[0,-0.276],[0,0],[-0.276,0],[0,0],[0,0.276],[0,0],[0.276,0],[0,0]],"v":[[1,-8],[0.5,-8.5],[-0.5,-8.5],[-1,-8],[-1,8],[-0.5,8.5],[0.5,8.5],[1,8]],"c":true}]},{"t":72}],"ix":2},"nm":"Path 1","mn":"ADBE Vector Shape - Group","hd":false},{"ty":"fl","c":{"a":0,"k":[1,1,1,1],"ix":4},"o":{"a":0,"k":100,"ix":5},"r":1,"bm":0,"nm":"Fill 1","mn":"ADBE Vector Graphic - Fill","hd":false},{"ty":"tr","p":{"a":0,"k":[16,12],"ix":2},"a":{"a":0,"k":[0,0],"ix":1},"s":{"a":0,"k":[100,100],"ix":3},"r":{"a":0,"k":0,"ix":6},"o":{"a":0,"k":100,"ix":7},"sk":{"a":0,"k":0,"ix":4},"sa":{"a":0,"k":0,"ix":5},"nm":"Transform"}],"nm":"Group 1","np":2,"cix":2,"bm":0,"ix":1,"mn":"ADBE Vector Group","hd":false}],"ip":0,"op":72,"st":0,"bm":0},{"ddd":0,"ind":4,"ty":4,"nm":"l3","parent":1,"sr":1,"ks":{"o":{"a":0,"k":100,"ix":11},"r":{"a":0,"k":0,"ix":10},"p":{"a":0,"k":[50,50,0],"ix":2,"l":2},"a":{"a":0,"k":[12,12,0],"ix":1,"l":2},"s":{"a":0,"k":[300,300,100],"ix":6,"l":2}},"ao":0,"shapes":[{"ty":"gr","it":[{"ind":0,"ty":"sh","ix":1,"ks":{"a":1,"k":[{"i":{"x":0.833,"y":0.833},"o":{"x":0.167,"y":0.167},"t":0,"s":[{"i":[[0,0],[0.276,0],[0,0],[0,-0.276],[0,0],[-0.276,0],[0,0],[0,0.276]],"o":[[0,-0.276],[0,0],[-0.276,0],[0,0],[0,0.276],[0,0],[0.276,0],[0,0]],"v":[[1,-5],[0.5,-5.5],[-0.5,-5.5],[-1,-5],[-1,5],[-0.5,5.5],[0.5,5.5],[1,5]],"c":true}],"e":[{"i":[[0,0],[0.276,0],[0,0],[0,-0.276],[0,0],[-0.276,0],[0,0],[0,0.276]],"o":[[0,-0.276],[0,0],[-0.276,0],[0,0],[0,0.276],[0,0],[0.276,0],[0,0]],"v":[[1,-4.74],[0.5,-5.24],[-0.5,-5.24],[-1,-4.74],[-1,4.583],[-0.5,5.083],[0.5,5.083],[1,4.583]],"c":true}]},{"i":{"x":0.833,"y":0.833},"o":{"x":0.167,"y":0.167},"t":12,"s":[{"i":[[0,0],[0.276,0],[0,0],[0,-0.276],[0,0],[-0.276,0],[0,0],[0,0.276]],"o":[[0,-0.276],[0,0],[-0.276,0],[0,0],[0,0.276],[0,0],[0.276,0],[0,0]],"v":[[1,-4.74],[0.5,-5.24],[-0.5,-5.24],[-1,-4.74],[-1,4.583],[-0.5,5.083],[0.5,5.083],[1,4.583]],"c":true}],"e":[{"i":[[0,0],[0.276,0],[0,0],[0,-0.276],[0,0],[-0.276,0],[0,0],[0,0.276]],"o":[[0,-0.276],[0,0],[-0.276,0],[0,0],[0,0.276],[0,0],[0.276,0],[0,0]],"v":[[1,-7.135],[0.5,-7.635],[-0.5,-7.635],[-1,-7.135],[-1,7.291],[-0.5,7.791],[0.5,7.791],[1,7.291]],"c":true}]},{"i":{"x":0.833,"y":0.833},"o":{"x":0.167,"y":0.167},"t":24,"s":[{"i":[[0,0],[0.276,0],[0,0],[0,-0.276],[0,0],[-0.276,0],[0,0],[0,0.276]],"o":[[0,-0.276],[0,0],[-0.276,0],[0,0],[0,0.276],[0,0],[0.276,0],[0,0]],"v":[[1,-7.135],[0.5,-7.635],[-0.5,-7.635],[-1,-7.135],[-1,7.291],[-0.5,7.791],[0.5,7.791],[1,7.291]],"c":true}],"e":[{"i":[[0,0],[0.276,0],[0,0],[0,-0.276],[0,0],[-0.276,0],[0,0],[0,0.276]],"o":[[0,-0.276],[0,0],[-0.276,0],[0,0],[0,0.276],[0,0],[0.276,0],[0,0]],"v":[[1,-3.594],[0.5,-4.094],[-0.5,-4.094],[-1,-3.594],[-1,3.802],[-0.5,4.302],[0.5,4.302],[1,3.802]],"c":true}]},{"i":{"x":0.833,"y":0.833},"o":{"x":0.167,"y":0.167},"t":36,"s":[{"i":[[0,0],[0.276,0],[0,0],[0,-0.276],[0,0],[-0.276,0],[0,0],[0,0.276]],"o":[[0,-0.276],[0,0],[-0.276,0],[0,0],[0,0.276],[0,0],[0.276,0],[0,0]],"v":[[1,-3.594],[0.5,-4.094],[-0.5,-4.094],[-1,-3.594],[-1,3.802],[-0.5,4.302],[0.5,4.302],[1,3.802]],"c":true}],"e":[{"i":[[0,0],[0.276,0],[0,0],[0,-0.276],[0,0],[-0.276,0],[0,0],[0,0.276]],"o":[[0,-0.276],[0,0],[-0.276,0],[0,0],[0,0.276],[0,0],[0.276,0],[0,0]],"v":[[1,-2.083],[0.5,-2.583],[-0.5,-2.583],[-1,-2.083],[-1,1.875],[-0.5,2.375],[0.5,2.375],[1,1.875]],"c":true}]},{"i":{"x":0.833,"y":0.833},"o":{"x":0.167,"y":0.167},"t":48,"s":[{"i":[[0,0],[0.276,0],[0,0],[0,-0.276],[0,0],[-0.276,0],[0,0],[0,0.276]],"o":[[0,-0.276],[0,0],[-0.276,0],[0,0],[0,0.276],[0,0],[0.276,0],[0,0]],"v":[[1,-2.083],[0.5,-2.583],[-0.5,-2.583],[-1,-2.083],[-1,1.875],[-0.5,2.375],[0.5,2.375],[1,1.875]],"c":true}],"e":[{"i":[[0,0],[0.276,0],[0,0],[0,-0.276],[0,0],[-0.276,0],[0,0],[0,0.276]],"o":[[0,-0.276],[0,0],[-0.276,0],[0,0],[0,0.276],[0,0],[0.276,0],[0,0]],"v":[[1,-3.125],[0.5,-3.625],[-0.5,-3.625],[-1,-3.125],[-1,3.333],[-0.5,3.833],[0.5,3.833],[1,3.333]],"c":true}]},{"i":{"x":0.833,"y":0.833},"o":{"x":0.167,"y":0.167},"t":60,"s":[{"i":[[0,0],[0.276,0],[0,0],[0,-0.276],[0,0],[-0.276,0],[0,0],[0,0.276]],"o":[[0,-0.276],[0,0],[-0.276,0],[0,0],[0,0.276],[0,0],[0.276,0],[0,0]],"v":[[1,-3.125],[0.5,-3.625],[-0.5,-3.625],[-1,-3.125],[-1,3.333],[-0.5,3.833],[0.5,3.833],[1,3.333]],"c":true}],"e":[{"i":[[0,0],[0.276,0],[0,0],[0,-0.276],[0,0],[-0.276,0],[0,0],[0,0.276]],"o":[[0,-0.276],[0,0],[-0.276,0],[0,0],[0,0.276],[0,0],[0.276,0],[0,0]],"v":[[1,-5],[0.5,-5.5],[-0.5,-5.5],[-1,-5],[-1,5],[-0.5,5.5],[0.5,5.5],[1,5]],"c":true}]},{"t":72}],"ix":2},"nm":"Path 1","mn":"ADBE Vector Shape - Group","hd":false},{"ty":"fl","c":{"a":0,"k":[1,1,1,1],"ix":4},"o":{"a":0,"k":100,"ix":5},"r":1,"bm":0,"nm":"Fill 1","mn":"ADBE Vector Graphic - Fill","hd":false},{"ty":"tr","p":{"a":0,"k":[12,12],"ix":2},"a":{"a":0,"k":[0,0],"ix":1},"s":{"a":0,"k":[100,100],"ix":3},"r":{"a":0,"k":0,"ix":6},"o":{"a":0,"k":100,"ix":7},"sk":{"a":0,"k":0,"ix":4},"sa":{"a":0,"k":0,"ix":5},"nm":"Transform"}],"nm":"Group 3","np":2,"cix":2,"bm":0,"ix":1,"mn":"ADBE Vector Group","hd":false}],"ip":0,"op":72,"st":0,"bm":0},{"ddd":0,"ind":5,"ty":4,"nm":"l2","parent":1,"sr":1,"ks":{"o":{"a":0,"k":100,"ix":11},"r":{"a":0,"k":0,"ix":10},"p":{"a":0,"k":[38,50,0],"ix":2,"l":2},"a":{"a":0,"k":[8,12,0],"ix":1,"l":2},"s":{"a":0,"k":[300,300,100],"ix":6,"l":2}},"ao":0,"shapes":[{"ty":"gr","it":[{"ind":0,"ty":"sh","ix":1,"ks":{"a":1,"k":[{"i":{"x":0.833,"y":0.833},"o":{"x":0.167,"y":0.167},"t":0,"s":[{"i":[[0,0],[0,-0.276],[0,0],[0.276,0],[0,0],[0,0.276],[0,0],[-0.276,0]],"o":[[0.276,0],[0,0],[0,0.276],[0,0],[-0.276,0],[0,0],[0,-0.276],[0,0]],"v":[[0.5,-6.5],[1,-6],[1,6],[0.5,6.5],[-0.5,6.5],[-1,6],[-1,-6],[-0.5,-6.5]],"c":true}],"e":[{"i":[[0,0],[0,-0.276],[0,0],[0.276,0],[0,0],[0,0.276],[0,0],[-0.276,0]],"o":[[0.276,0],[0,0],[0,0.276],[0,0],[-0.276,0],[0,0],[0,-0.276],[0,0]],"v":[[0.5,-7.542],[1,-7.042],[1,7.042],[0.5,7.542],[-0.5,7.542],[-1,7.042],[-1,-7.042],[-0.5,-7.542]],"c":true}]},{"i":{"x":0.833,"y":0.833},"o":{"x":0.167,"y":0.167},"t":12,"s":[{"i":[[0,0],[0,-0.276],[0,0],[0.276,0],[0,0],[0,0.276],[0,0],[-0.276,0]],"o":[[0.276,0],[0,0],[0,0.276],[0,0],[-0.276,0],[0,0],[0,-0.276],[0,0]],"v":[[0.5,-7.542],[1,-7.042],[1,7.042],[0.5,7.542],[-0.5,7.542],[-1,7.042],[-1,-7.042],[-0.5,-7.542]],"c":true}],"e":[{"i":[[0,0],[0,-0.276],[0,0],[0.276,0],[0,0],[0,0.276],[0,0],[-0.276,0]],"o":[[0.276,0],[0,0],[0,0.276],[0,0],[-0.276,0],[0,0],[0,-0.276],[0,0]],"v":[[0.5,-5.25],[1,-4.75],[1,4.75],[0.5,5.25],[-0.5,5.25],[-1,4.75],[-1,-4.75],[-0.5,-5.25]],"c":true}]},{"i":{"x":0.833,"y":0.833},"o":{"x":0.167,"y":0.167},"t":24,"s":[{"i":[[0,0],[0,-0.276],[0,0],[0.276,0],[0,0],[0,0.276],[0,0],[-0.276,0]],"o":[[0.276,0],[0,0],[0,0.276],[0,0],[-0.276,0],[0,0],[0,-0.276],[0,0]],"v":[[0.5,-5.25],[1,-4.75],[1,4.75],[0.5,5.25],[-0.5,5.25],[-1,4.75],[-1,-4.75],[-0.5,-5.25]],"c":true}],"e":[{"i":[[0,0],[0,-0.276],[0,0],[0.276,0],[0,0],[0,0.276],[0,0],[-0.276,0]],"o":[[0.276,0],[0,0],[0,0.276],[0,0],[-0.276,0],[0,0],[0,-0.276],[0,0]],"v":[[0.5,-2.594],[1,-2.094],[1,2.354],[0.5,2.854],[-0.5,2.854],[-1,2.354],[-1,-2.094],[-0.5,-2.594]],"c":true}]},{"i":{"x":0.833,"y":0.833},"o":{"x":0.167,"y":0.167},"t":36,"s":[{"i":[[0,0],[0,-0.276],[0,0],[0.276,0],[0,0],[0,0.276],[0,0],[-0.276,0]],"o":[[0.276,0],[0,0],[0,0.276],[0,0],[-0.276,0],[0,0],[0,-0.276],[0,0]],"v":[[0.5,-2.594],[1,-2.094],[1,2.354],[0.5,2.854],[-0.5,2.854],[-1,2.354],[-1,-2.094],[-0.5,-2.594]],"c":true}],"e":[{"i":[[0,0],[0,-0.276],[0,0],[0.276,0],[0,0],[0,0.276],[0,0],[-0.276,0]],"o":[[0.276,0],[0,0],[0,0.276],[0,0],[-0.276,0],[0,0],[0,-0.276],[0,0]],"v":[[0.5,-3.67],[1,-3.17],[1,3.326],[0.5,3.826],[-0.5,3.826],[-1,3.326],[-1,-3.17],[-0.5,-3.67]],"c":true}]},{"i":{"x":0.833,"y":0.833},"o":{"x":0.167,"y":0.167},"t":48,"s":[{"i":[[0,0],[0,-0.276],[0,0],[0.276,0],[0,0],[0,0.276],[0,0],[-0.276,0]],"o":[[0.276,0],[0,0],[0,0.276],[0,0],[-0.276,0],[0,0],[0,-0.276],[0,0]],"v":[[0.5,-3.67],[1,-3.17],[1,3.326],[0.5,3.826],[-0.5,3.826],[-1,3.326],[-1,-3.17],[-0.5,-3.67]],"c":true}],"e":[{"i":[[0,0],[0,-0.276],[0,0],[0.276,0],[0,0],[0,0.276],[0,0],[-0.276,0]],"o":[[0.276,0],[0,0],[0,0.276],[0,0],[-0.276,0],[0,0],[0,-0.276],[0,0]],"v":[[0.5,-2.82],[1,-2.32],[1,2.32],[0.5,2.82],[-0.5,2.82],[-1,2.32],[-1,-2.32],[-0.5,-2.82]],"c":true}]},{"i":{"x":0.833,"y":0.833},"o":{"x":0.167,"y":0.167},"t":60,"s":[{"i":[[0,0],[0,-0.276],[0,0],[0.276,0],[0,0],[0,0.276],[0,0],[-0.276,0]],"o":[[0.276,0],[0,0],[0,0.276],[0,0],[-0.276,0],[0,0],[0,-0.276],[0,0]],"v":[[0.5,-2.82],[1,-2.32],[1,2.32],[0.5,2.82],[-0.5,2.82],[-1,2.32],[-1,-2.32],[-0.5,-2.82]],"c":true}],"e":[{"i":[[0,0],[0,-0.276],[0,0],[0.276,0],[0,0],[0,0.276],[0,0],[-0.276,0]],"o":[[0.276,0],[0,0],[0,0.276],[0,0],[-0.276,0],[0,0],[0,-0.276],[0,0]],"v":[[0.5,-6.5],[1,-6],[1,6],[0.5,6.5],[-0.5,6.5],[-1,6],[-1,-6],[-0.5,-6.5]],"c":true}]},{"t":72}],"ix":2},"nm":"Path 1","mn":"ADBE Vector Shape - Group","hd":false},{"ty":"fl","c":{"a":0,"k":[1,1,1,1],"ix":4},"o":{"a":0,"k":100,"ix":5},"r":1,"bm":0,"nm":"Fill 1","mn":"ADBE Vector Graphic - Fill","hd":false},{"ty":"tr","p":{"a":0,"k":[8,12],"ix":2},"a":{"a":0,"k":[0,0],"ix":1},"s":{"a":0,"k":[100,100],"ix":3},"r":{"a":0,"k":0,"ix":6},"o":{"a":0,"k":100,"ix":7},"sk":{"a":0,"k":0,"ix":4},"sa":{"a":0,"k":0,"ix":5},"nm":"Transform"}],"nm":"Group 2","np":2,"cix":2,"bm":0,"ix":1,"mn":"ADBE Vector Group","hd":false}],"ip":0,"op":72,"st":0,"bm":0},{"ddd":0,"ind":6,"ty":4,"nm":"l1","parent":1,"sr":1,"ks":{"o":{"a":0,"k":100,"ix":11},"r":{"a":0,"k":0,"ix":10},"p":{"a":0,"k":[26,49,0],"ix":2,"l":2},"a":{"a":0,"k":[4,11.75,0],"ix":1,"l":2},"s":{"a":0,"k":[300,300,100],"ix":6,"l":2}},"ao":0,"shapes":[{"ty":"gr","it":[{"ind":0,"ty":"sh","ix":1,"ks":{"a":1,"k":[{"i":{"x":0.833,"y":0.833},"o":{"x":0.167,"y":0.167},"t":0,"s":[{"i":[[0,0],[0,-0.276],[0,0],[0.276,0],[0,0],[0,0.276],[0,0],[-0.276,0]],"o":[[0.276,0],[0,0],[0,0.276],[0,0],[-0.276,0],[0,0],[0,-0.276],[0,0]],"v":[[0.5,-3.25],[1,-2.75],[1,2.75],[0.5,3.25],[-0.5,3.25],[-1,2.75],[-1,-2.75],[-0.5,-3.25]],"c":true}],"e":[{"i":[[0,0],[0,-0.276],[0,0],[0.276,0],[0,0],[0,0.276],[0,0],[-0.276,0]],"o":[[0.276,0],[0,0],[0,0.276],[0,0],[-0.276,0],[0,0],[0,-0.276],[0,0]],"v":[[0.5,-8.25],[1,-7.75],[1,8.583],[0.5,9.083],[-0.5,9.083],[-1,8.583],[-1,-7.75],[-0.5,-8.25]],"c":true}]},{"i":{"x":0.833,"y":0.833},"o":{"x":0.167,"y":0.167},"t":12,"s":[{"i":[[0,0],[0,-0.276],[0,0],[0.276,0],[0,0],[0,0.276],[0,0],[-0.276,0]],"o":[[0.276,0],[0,0],[0,0.276],[0,0],[-0.276,0],[0,0],[0,-0.276],[0,0]],"v":[[0.5,-8.25],[1,-7.75],[1,8.583],[0.5,9.083],[-0.5,9.083],[-1,8.583],[-1,-7.75],[-0.5,-8.25]],"c":true}],"e":[{"i":[[0,0],[0,-0.276],[0,0],[0.276,0],[0,0],[0,0.276],[0,0],[-0.276,0]],"o":[[0.276,0],[0,0],[0,0.276],[0,0],[-0.276,0],[0,0],[0,-0.276],[0,0]],"v":[[0.5,-3.25],[1,-2.75],[1,2.75],[0.5,3.25],[-0.5,3.25],[-1,2.75],[-1,-2.75],[-0.5,-3.25]],"c":true}]},{"i":{"x":0.833,"y":0.833},"o":{"x":0.167,"y":0.167},"t":24,"s":[{"i":[[0,0],[0,-0.276],[0,0],[0.276,0],[0,0],[0,0.276],[0,0],[-0.276,0]],"o":[[0.276,0],[0,0],[0,0.276],[0,0],[-0.276,0],[0,0],[0,-0.276],[0,0]],"v":[[0.5,-3.25],[1,-2.75],[1,2.75],[0.5,3.25],[-0.5,3.25],[-1,2.75],[-1,-2.75],[-0.5,-3.25]],"c":true}],"e":[{"i":[[0,0],[0,-0.276],[0,0],[0.276,0],[0,0],[0,0.276],[0,0],[-0.276,0]],"o":[[0.276,0],[0,0],[0,0.276],[0,0],[-0.276,0],[0,0],[0,-0.276],[0,0]],"v":[[0.5,-6.375],[1,-5.875],[1,6.5],[0.5,7],[-0.5,7],[-1,6.5],[-1,-5.875],[-0.5,-6.375]],"c":true}]},{"i":{"x":0.833,"y":0.833},"o":{"x":0.167,"y":0.167},"t":36,"s":[{"i":[[0,0],[0,-0.276],[0,0],[0.276,0],[0,0],[0,0.276],[0,0],[-0.276,0]],"o":[[0.276,0],[0,0],[0,0.276],[0,0],[-0.276,0],[0,0],[0,-0.276],[0,0]],"v":[[0.5,-6.375],[1,-5.875],[1,6.5],[0.5,7],[-0.5,7],[-1,6.5],[-1,-5.875],[-0.5,-6.375]],"c":true}],"e":[{"i":[[0,0],[0,-0.276],[0,0],[0.276,0],[0,0],[0,0.276],[0,0],[-0.276,0]],"o":[[0.276,0],[0,0],[0,0.276],[0,0],[-0.276,0],[0,0],[0,-0.276],[0,0]],"v":[[0.5,-1.792],[1,-1.292],[1,2.125],[0.5,2.625],[-0.5,2.625],[-1,2.125],[-1,-1.292],[-0.5,-1.792]],"c":true}]},{"i":{"x":0.833,"y":0.833},"o":{"x":0.167,"y":0.167},"t":48,"s":[{"i":[[0,0],[0,-0.276],[0,0],[0.276,0],[0,0],[0,0.276],[0,0],[-0.276,0]],"o":[[0.276,0],[0,0],[0,0.276],[0,0],[-0.276,0],[0,0],[0,-0.276],[0,0]],"v":[[0.5,-1.792],[1,-1.292],[1,2.125],[0.5,2.625],[-0.5,2.625],[-1,2.125],[-1,-1.292],[-0.5,-1.792]],"c":true}],"e":[{"i":[[0,0],[0,-0.276],[0,0],[0.276,0],[0,0],[0,0.276],[0,0],[-0.276,0]],"o":[[0.276,0],[0,0],[0,0.276],[0,0],[-0.276,0],[0,0],[0,-0.276],[0,0]],"v":[[0.5,-0.958],[1,-0.458],[1,1.292],[0.5,1.792],[-0.5,1.792],[-1,1.292],[-1,-0.458],[-0.5,-0.958]],"c":true}]},{"i":{"x":0.833,"y":0.833},"o":{"x":0.167,"y":0.167},"t":60,"s":[{"i":[[0,0],[0,-0.276],[0,0],[0.276,0],[0,0],[0,0.276],[0,0],[-0.276,0]],"o":[[0.276,0],[0,0],[0,0.276],[0,0],[-0.276,0],[0,0],[0,-0.276],[0,0]],"v":[[0.5,-0.958],[1,-0.458],[1,1.292],[0.5,1.792],[-0.5,1.792],[-1,1.292],[-1,-0.458],[-0.5,-0.958]],"c":true}],"e":[{"i":[[0,0],[0,-0.276],[0,0],[0.276,0],[0,0],[0,0.276],[0,0],[-0.276,0]],"o":[[0.276,0],[0,0],[0,0.276],[0,0],[-0.276,0],[0,0],[0,-0.276],[0,0]],"v":[[0.5,-3.25],[1,-2.75],[1,2.75],[0.5,3.25],[-0.5,3.25],[-1,2.75],[-1,-2.75],[-0.5,-3.25]],"c":true}]},{"t":72}],"ix":2},"nm":"Path 1","mn":"ADBE Vector Shape - Group","hd":false},{"ty":"fl","c":{"a":0,"k":[1,1,1,1],"ix":4},"o":{"a":0,"k":100,"ix":5},"r":1,"bm":0,"nm":"Fill 1","mn":"ADBE Vector Graphic - Fill","hd":false},{"ty":"tr","p":{"a":0,"k":[4,11.75],"ix":2},"a":{"a":0,"k":[0,0],"ix":1},"s":{"a":0,"k":[100,100],"ix":3},"r":{"a":0,"k":0,"ix":6},"o":{"a":0,"k":100,"ix":7},"sk":{"a":0,"k":0,"ix":4},"sa":{"a":0,"k":0,"ix":5},"nm":"Transform"}],"nm":"Group 4","np":2,"cix":2,"bm":0,"ix":1,"mn":"ADBE Vector Group","hd":false}],"ip":0,"op":72,"st":0,"bm":0}],"markers":[]}