{"v":"5.6.8","fr":30,"ip":0,"op":21,"w":120,"h":120,"nm":"fog-short","ddd":0,"assets":[{"id":"image_0","w":121,"h":121,"u":"","p":"%s","e":0}],"layers":[{"ddd":0,"ind":2,"ty":4,"nm":"Shape Layer 5","td":1,"sr":1,"ks":{"o":{"a":0,"k":100,"ix":11},"r":{"a":0,"k":0,"ix":10},"p":{"a":0,"k":[60,60,0],"ix":2},"a":{"a":0,"k":[-310.574,-604.074,0],"ix":1},"s":{"a":1,"k":[{"i":{"x":[0.3,0.3,0.3],"y":[1,1,1]},"o":{"x":[0.33,0.33,0.33],"y":[0,0,0]},"t":0,"s":[0,0,100],"e":[100,100,100]},{"t":9}],"ix":6}},"ao":0,"shapes":[{"ty":"gr","it":[{"ty":"rc","d":1,"s":{"a":0,"k":[120,120],"ix":2},"p":{"a":0,"k":[0,0],"ix":3},"r":{"a":0,"k":24,"ix":4},"nm":"Rectangle Path 1","mn":"ADBE Vector Shape - Rect","hd":false},{"ty":"st","c":{"a":0,"k":[0.317646998985,0.796078012504,1,1],"ix":3},"o":{"a":0,"k":100,"ix":4},"w":{"a":0,"k":0,"ix":5},"lc":1,"lj":1,"ml":4,"bm":0,"nm":"Stroke 1","mn":"ADBE Vector Graphic - Stroke","hd":false},{"ty":"fl","c":{"a":0,"k":[0.667655974743,1,0.985029991,1],"ix":4},"o":{"a":0,"k":100,"ix":5},"r":1,"bm":0,"nm":"Fill 1","mn":"ADBE Vector Graphic - Fill","hd":false},{"ty":"tr","p":{"a":0,"k":[-310.574,-604.074],"ix":2},"a":{"a":0,"k":[0,0],"ix":1},"s":{"a":0,"k":[100,100],"ix":3},"r":{"a":0,"k":0,"ix":6},"o":{"a":0,"k":100,"ix":7},"sk":{"a":0,"k":0,"ix":4},"sa":{"a":0,"k":0,"ix":5},"nm":"Transform"}],"nm":"Rectangle 1","np":3,"cix":2,"bm":0,"ix":1,"mn":"ADBE Vector Group","hd":false}],"ip":0,"op":187,"st":-123,"bm":0},{"ddd":0,"ind":3,"ty":2,"nm":"fog-card.png","cl":"png","tt":1,"refId":"image_0","sr":1,"ks":{"o":{"a":0,"k":100,"ix":11},"r":{"a":0,"k":30,"ix":10},"p":{"a":1,"k":[{"i":{"x":0.4,"y":1},"o":{"x":0.33,"y":0},"t":3,"s":[4.14,123.325,0],"e":[38.14,85.325,0],"to":[5.667,-6.333,0],"ti":[-5.333,6,0]},{"i":{"x":0.4,"y":1},"o":{"x":0.2,"y":0},"t":11,"s":[38.14,85.325,0],"e":[36.14,87.325,0],"to":[5.333,-6,0],"ti":[0.333,-0.333,0]},{"t":16}],"ix":2},"a":{"a":0,"k":[60.5,60.5,0],"ix":1},"s":{"a":0,"k":[100,100,100],"ix":6}},"ao":0,"ip":3,"op":303,"st":3,"bm":0},{"ddd":0,"ind":4,"ty":4,"nm":"Shape Layer 6","sr":1,"ks":{"o":{"a":0,"k":20,"ix":11},"r":{"a":0,"k":0,"ix":10},"p":{"a":0,"k":[60,60,0],"ix":2},"a":{"a":0,"k":[-310.574,-604.074,0],"ix":1},"s":{"a":1,"k":[{"i":{"x":[0.3,0.3,0.3],"y":[1,1,1]},"o":{"x":[0.33,0.33,0.33],"y":[0,0,0]},"t":0,"s":[0,0,100],"e":[100,100,100]},{"t":9}],"ix":6}},"ao":0,"shapes":[{"ty":"gr","it":[{"ty":"rc","d":1,"s":{"a":0,"k":[120,120],"ix":2},"p":{"a":0,"k":[0,0],"ix":3},"r":{"a":0,"k":24,"ix":4},"nm":"Rectangle Path 1","mn":"ADBE Vector Shape - Rect","hd":false},{"ty":"st","c":{"a":0,"k":[0.317646998985,0.796078012504,1,1],"ix":3},"o":{"a":0,"k":100,"ix":4},"w":{"a":0,"k":0,"ix":5},"lc":1,"lj":1,"ml":4,"bm":0,"nm":"Stroke 1","mn":"ADBE Vector Graphic - Stroke","hd":false},{"ty":"fl","c":{"a":0,"k":[0,0,0,1],"ix":4},"o":{"a":0,"k":100,"ix":5},"r":1,"bm":0,"nm":"Fill 1","mn":"ADBE Vector Graphic - Fill","hd":false},{"ty":"tr","p":{"a":0,"k":[-310.574,-604.074],"ix":2},"a":{"a":0,"k":[0,0],"ix":1},"s":{"a":0,"k":[100,100],"ix":3},"r":{"a":0,"k":0,"ix":6},"o":{"a":0,"k":100,"ix":7},"sk":{"a":0,"k":0,"ix":4},"sa":{"a":0,"k":0,"ix":5},"nm":"Transform"}],"nm":"Rectangle 1","np":3,"cix":2,"bm":0,"ix":1,"mn":"ADBE Vector Group","hd":false}],"ip":0,"op":187,"st":-123,"bm":0}],"markers":[]}