{
  "routes": [
    {
      "entryName": "search-feedback",
      "entryPath": "html/search-feedback/index.html",
      "isSPA": true,
      "isSSR": false,
      "urlPath": "/search-feedback"
    },
    {
      "entryName": "transfer-feedback",
      "entryPath": "html/transfer-feedback/index.html",
      "isSPA": true,
      "isSSR": false,
      "urlPath": "/transfer-feedback"
    },
    {
      "entryName": "transfer-aboutPopularSearches",
      "entryPath": "html/transfer-aboutPopularSearches/index.html",
      "isSPA": true,
      "isSSR": false,
      "urlPath": "/transfer-aboutPopularSearches"
    },
    {
      "entryName": "satisfaction-survey",
      "entryPath": "html/satisfaction-survey/index.html",
      "isSPA": true,
      "isSSR": false,
      "urlPath": "/satisfaction-survey"
    },
    {
      "entryName": "tako-help-page",
      "entryPath": "html/tako-help-page/index.html",
      "isSPA": true,
      "isSSR": false,
      "urlPath": "/tako-help-page"
    },
    {
      "entryName": "explanation-page",
      "entryPath": "html/explanation-page/index.html",
      "isSPA": true,
      "isSSR": false,
      "urlPath": "/explanation-page"
    },
    {
      "entryName": "tako-feedback",
      "entryPath": "html/tako-feedback/index.html",
      "isSPA": true,
      "isSSR": false,
      "urlPath": "/tako-feedback"
    },
    {
      "entryName": "report-page",
      "entryPath": "html/report-page/index.html",
      "isSPA": true,
      "isSSR": false,
      "urlPath": "/report-page"
    }
  ]
}